-- MySQL dump 10.13  Distrib 8.4.3, for Linux (x86_64)
--
-- Host: localhost    Database: money-tracker
-- ------------------------------------------------------
-- Server version	8.4.3

/*!40101 SET @OLD_CHARACTER_SET_CLIENT=@@CHARACTER_SET_CLIENT */;
/*!40101 SET @OLD_CHARACTER_SET_RESULTS=@@CHARACTER_SET_RESULTS */;
/*!40101 SET @OLD_COLLATION_CONNECTION=@@COLLATION_CONNECTION */;
/*!50503 SET NAMES utf8mb4 */;
/*!40103 SET @OLD_TIME_ZONE=@@TIME_ZONE */;
/*!40103 SET TIME_ZONE='+00:00' */;
/*!40014 SET @OLD_UNIQUE_CHECKS=@@UNIQUE_CHECKS, UNIQUE_CHECKS=0 */;
/*!40014 SET @OLD_FOREIGN_KEY_CHECKS=@@FOREIGN_KEY_CHECKS, FOREIGN_KEY_CHECKS=0 */;
/*!40101 SET @OLD_SQL_MODE=@@SQL_MODE, SQL_MODE='NO_AUTO_VALUE_ON_ZERO' */;
/*!40111 SET @OLD_SQL_NOTES=@@SQL_NOTES, SQL_NOTES=0 */;

--
-- Current Database: `money-tracker`
--

CREATE DATABASE /*!32312 IF NOT EXISTS*/ `money-tracker` /*!40100 DEFAULT CHARACTER SET utf8mb4 COLLATE utf8mb4_0900_ai_ci */ /*!80016 DEFAULT ENCRYPTION='N' */;

USE `money-tracker`;

--
-- Table structure for table `account_base`
--

DROP TABLE IF EXISTS `account_base`;
/*!40101 SET @saved_cs_client     = @@character_set_client */;
/*!50503 SET character_set_client = utf8mb4 */;
CREATE TABLE `account_base` (
  `account_base_id` bigint NOT NULL AUTO_INCREMENT COMMENT '基础账户唯一标识',
  `parent_id` bigint DEFAULT '0' COMMENT '父级节点唯一标识',
  `name` varchar(100) CHARACTER SET utf8mb3 COLLATE utf8mb3_general_ci DEFAULT NULL COMMENT '账户名称',
  `code` varchar(100) CHARACTER SET utf8mb3 COLLATE utf8mb3_general_ci DEFAULT NULL COMMENT '账户编码',
  `account_url` longtext CHARACTER SET utf8mb4 COLLATE utf8mb4_general_ci COMMENT '账户图标',
  `has_child` varchar(3) CHARACTER SET utf8mb3 COLLATE utf8mb3_general_ci DEFAULT NULL COMMENT '是否有子节点',
  `del_flag` char(1) CHARACTER SET utf8mb4 COLLATE utf8mb4_0900_ai_ci DEFAULT '0' COMMENT '删除标志（0代表存在 2代表删除）',
  `create_id` bigint DEFAULT NULL COMMENT '创建者ID',
  `create_by` varchar(64) CHARACTER SET utf8mb4 COLLATE utf8mb4_0900_ai_ci DEFAULT '' COMMENT '创建者',
  `create_time` datetime DEFAULT NULL COMMENT '创建时间',
  `update_id` bigint DEFAULT NULL COMMENT '更新者ID',
  `update_by` varchar(64) CHARACTER SET utf8mb4 COLLATE utf8mb4_0900_ai_ci DEFAULT '' COMMENT '更新者',
  `update_time` datetime DEFAULT NULL COMMENT '更新时间',
  `remark` varchar(500) CHARACTER SET utf8mb4 COLLATE utf8mb4_0900_ai_ci DEFAULT NULL COMMENT '备注',
  PRIMARY KEY (`account_base_id`) USING BTREE,
  KEY `idx_account_base_del_flag` (`del_flag`),
  KEY `idx_account_base_create_time` (`create_time`)
) ENGINE=InnoDB AUTO_INCREMENT=19 DEFAULT CHARSET=utf8mb3 ROW_FORMAT=DYNAMIC COMMENT='账户基础表';
/*!40101 SET character_set_client = @saved_cs_client */;

--
-- Dumping data for table `account_base`
--

LOCK TABLES `account_base` WRITE;
/*!40000 ALTER TABLE `account_base` DISABLE KEYS */;
INSERT INTO `account_base` VALUES (1,0,'现金账户','CNY','accounts/CsoXNGFSifKEBYmKAAAAAKyBN6o840.png','Y','0',1,'admin','2024-06-13 09:06:28',NULL,NULL,NULL,NULL),(2,1,'现金','CNY','accounts/CsoXM2FSif6EAzKxAAAAALnMcJw367.png','N','0',1,'admin','2024-06-12 09:06:28',NULL,NULL,NULL,NULL),(3,0,'金融账户','CNY','accounts/CsoXNGFSif-EX8T9AAAAAFkXwFE225.png','Y','0',1,'admin','2024-06-11 09:06:28',NULL,NULL,NULL,NULL),(4,3,'银行卡','CNY','accounts/CsoXM2FSifOEYsgnAAAAAMOEu9U801.png','N','0',1,'admin','2024-06-10 09:06:28',NULL,NULL,NULL,NULL),(5,0,'虚拟账户','CNY','accounts/CsoXNGFSifaEX5yfAAAAAO4FA6o754.png','Y','0',1,'admin','2024-06-09 09:06:28',NULL,NULL,NULL,NULL),(6,5,'微信钱包','CNY','accounts/CsoXNGFSifOES99BAAAAANV7Lwg152.png','N','0',1,'admin','2024-06-08 09:06:28',NULL,NULL,NULL,NULL),(7,5,'支付宝余额','CNY','accounts/CsoXNGFSif6EOqv6AAAAAHWvReM677.png','N','0',1,'admin','2024-06-07 09:06:28',NULL,'',NULL,NULL),(8,0,'负债账户','CNY','accounts/CsoXM2FSifOEYsgnAAAAAMOEu9U801.png','Y','0',1,'admin','2024-06-06 09:06:28',NULL,'',NULL,NULL),(9,8,'应付款项','CNY','accounts/CsoXM2FSifuEUFMWAAAAAGhYg64237.png','N','0',1,'admin','2024-06-05 09:06:28',NULL,'',NULL,NULL),(10,0,'债权账户','CNY','accounts/CsoXNGFSifOENljsAAAAAOfa1No125.png','Y','0',1,'admin','2024-06-04 09:06:28',NULL,'',NULL,NULL),(11,10,'应收款项','CNY','accounts/CsoXM2FSif2EbsQoAAAAAArN63A897.png','N','0',1,'admin','2024-06-03 09:06:28',NULL,'',NULL,NULL),(12,0,'信用卡','CNY','accounts/CsoXNGFSifeENfN2AAAAAFr6Q7A340.png','Y','0',1,'admin','2024-06-02 09:06:28',NULL,'',NULL,NULL),(13,12,'信用卡','CNY','accounts/CsoXNGFSifeENfN2AAAAAFr6Q7A340.png','N','0',1,'admin','2024-06-01 09:06:28',NULL,'',NULL,NULL),(14,0,'投资账户','CNY','accounts/CsoXNGFSif2EOksrAAAAABbeUBQ271.png','Y','0',1,'admin','2024-05-31 09:06:28',NULL,'',NULL,NULL),(15,14,'股票账户','CNY','accounts/CsoXM2FSif2EKdxVAAAAAD4QSSs370.png','N','0',1,'admin','2024-05-30 09:06:28',NULL,'',NULL,NULL),(16,14,'基金账户','CNY','accounts/CsoXNGFSif6EJt07AAAAAM57xB0040.png','N','0',1,'admin','2024-05-29 09:06:28',NULL,'',NULL,NULL);
/*!40000 ALTER TABLE `account_base` ENABLE KEYS */;
UNLOCK TABLES;

--
-- Table structure for table `book`
--

DROP TABLE IF EXISTS `book`;
/*!40101 SET @saved_cs_client     = @@character_set_client */;
/*!50503 SET character_set_client = utf8mb4 */;
CREATE TABLE `book` (
  `id` bigint NOT NULL AUTO_INCREMENT COMMENT '唯一标识',
  `user_id` bigint NOT NULL COMMENT '用户唯一标识',
  `book_name` varchar(255) CHARACTER SET utf8mb4 COLLATE utf8mb4_general_ci NOT NULL COMMENT '账本名称',
  `book_avatar` varchar(255) CHARACTER SET utf8mb4 COLLATE utf8mb4_general_ci DEFAULT NULL COMMENT '账本图片',
  `user_audit` tinyint DEFAULT NULL COMMENT '成员加入账本是否需要审核（0-不需要 1-需要管理员审核）',
  `show_search` tinyint DEFAULT NULL COMMENT '是否允许对外搜索私密账本（0-私密不允许 1-公开允许）',
  `attr1` varchar(64) CHARACTER SET utf8mb4 COLLATE utf8mb4_lithuanian_ci DEFAULT NULL COMMENT '预留字段1',
  `attr2` varchar(255) CHARACTER SET utf8mb4 COLLATE utf8mb4_lithuanian_ci DEFAULT NULL COMMENT '预留字段2',
  `attr3` int DEFAULT '0' COMMENT '预留字段3',
  `attr4` int DEFAULT '0' COMMENT '预留字段4',
  `del_flag` char(1) CHARACTER SET utf8mb4 COLLATE utf8mb4_0900_ai_ci DEFAULT '0' COMMENT '删除标志（0代表存在 2代表删除）',
  `create_id` bigint DEFAULT NULL COMMENT '创建者ID',
  `create_by` varchar(64) CHARACTER SET utf8mb4 COLLATE utf8mb4_0900_ai_ci DEFAULT '' COMMENT '创建者',
  `create_time` datetime DEFAULT NULL COMMENT '创建时间',
  `update_id` bigint DEFAULT NULL COMMENT '更新者ID',
  `update_by` varchar(64) CHARACTER SET utf8mb4 COLLATE utf8mb4_0900_ai_ci DEFAULT '' COMMENT '更新者',
  `update_time` datetime DEFAULT NULL COMMENT '更新时间',
  `remark` varchar(500) CHARACTER SET utf8mb4 COLLATE utf8mb4_0900_ai_ci DEFAULT NULL COMMENT '备注',
  PRIMARY KEY (`id`) USING BTREE,
  KEY `idx_book_del_flag` (`del_flag`),
  KEY `idx_book_create_time` (`create_time`)
) ENGINE=InnoDB AUTO_INCREMENT=3 DEFAULT CHARSET=utf8mb4 COLLATE=utf8mb4_general_ci ROW_FORMAT=COMPACT COMMENT='账本表';
/*!40101 SET character_set_client = @saved_cs_client */;

--
-- Dumping data for table `book`
--

LOCK TABLES `book` WRITE;
/*!40000 ALTER TABLE `book` DISABLE KEYS */;
INSERT INTO `book` VALUES (1,1,'测试统计','2024/10/30/CsoXM2AFbE2EcC_yAAAAALsTSME752_20241030101809A001.png',0,NULL,NULL,NULL,0,0,'0',1,'admin','2024-10-30 10:18:13',NULL,'',NULL,NULL),(2,1,'韩鑫账本','2024/10/30/0igTo7Y2yDPZ0f4d071465c45a102e53af7a6e6479db_20241030155313A001.jpg',0,NULL,NULL,NULL,0,0,'0',1,'admin','2024-10-30 15:53:19',NULL,'',NULL,NULL);
/*!40000 ALTER TABLE `book` ENABLE KEYS */;
UNLOCK TABLES;

--
-- Table structure for table `book_account`
--

DROP TABLE IF EXISTS `book_account`;
/*!40101 SET @saved_cs_client     = @@character_set_client */;
/*!50503 SET character_set_client = utf8mb4 */;
CREATE TABLE `book_account` (
  `id` bigint NOT NULL AUTO_INCREMENT COMMENT '账户唯一标识',
  `account_base_id` bigint DEFAULT NULL COMMENT '基础账户唯一标识',
  `parent_id` bigint DEFAULT '0' COMMENT '父级节点唯一标识',
  `name` varchar(100) CHARACTER SET utf8mb3 COLLATE utf8mb3_general_ci DEFAULT NULL COMMENT '账户名称',
  `code` varchar(100) CHARACTER SET utf8mb3 COLLATE utf8mb3_general_ci DEFAULT NULL COMMENT '账户编码',
  `account_url` longtext CHARACTER SET utf8mb4 COLLATE utf8mb4_general_ci COMMENT '账户图标',
  `has_child` varchar(3) CHARACTER SET utf8mb3 COLLATE utf8mb3_general_ci DEFAULT NULL COMMENT '是否有子节点',
  `book_id` bigint DEFAULT '0' COMMENT '账本唯一标识',
  `balance` bigint DEFAULT '0' COMMENT '余额',
  `del_flag` char(1) CHARACTER SET utf8mb4 COLLATE utf8mb4_0900_ai_ci DEFAULT '0' COMMENT '删除标志（0代表存在 2代表删除）',
  `create_id` bigint DEFAULT NULL COMMENT '创建者ID',
  `create_by` varchar(64) CHARACTER SET utf8mb4 COLLATE utf8mb4_0900_ai_ci DEFAULT '' COMMENT '创建者',
  `create_time` datetime DEFAULT NULL COMMENT '创建时间',
  `update_id` bigint DEFAULT NULL COMMENT '更新者ID',
  `update_by` varchar(64) CHARACTER SET utf8mb4 COLLATE utf8mb4_0900_ai_ci DEFAULT '' COMMENT '更新者',
  `update_time` datetime DEFAULT NULL COMMENT '更新时间',
  `remark` varchar(500) CHARACTER SET utf8mb4 COLLATE utf8mb4_0900_ai_ci DEFAULT NULL COMMENT '备注',
  PRIMARY KEY (`id`) USING BTREE,
  KEY `idx_book_account_book_id` (`book_id`),
  KEY `idx_book_account_del_flag` (`del_flag`),
  KEY `idx_book_account_create_time` (`create_time`)
) ENGINE=InnoDB AUTO_INCREMENT=33 DEFAULT CHARSET=utf8mb3 ROW_FORMAT=DYNAMIC COMMENT='账户表';
/*!40101 SET character_set_client = @saved_cs_client */;

--
-- Dumping data for table `book_account`
--

LOCK TABLES `book_account` WRITE;
/*!40000 ALTER TABLE `book_account` DISABLE KEYS */;
INSERT INTO `book_account` VALUES (1,1,0,'现金账户','CNY','accounts/CsoXNGFSifKEBYmKAAAAAKyBN6o840.png','Y',1,0,'0',1,'admin','2024-06-13 09:06:28',NULL,NULL,NULL,NULL),(2,2,1,'现金','CNY','accounts/CsoXM2FSif6EAzKxAAAAALnMcJw367.png','N',1,9187000,'0',1,'admin','2024-06-12 09:06:28',NULL,NULL,NULL,NULL),(3,3,0,'金融账户','CNY','accounts/CsoXNGFSif-EX8T9AAAAAFkXwFE225.png','Y',1,0,'0',1,'admin','2024-06-11 09:06:28',NULL,NULL,NULL,NULL),(4,4,3,'银行卡','CNY','accounts/CsoXM2FSifOEYsgnAAAAAMOEu9U801.png','N',1,31962,'0',1,'admin','2024-06-10 09:06:28',NULL,NULL,NULL,NULL),(5,5,0,'虚拟账户','CNY','accounts/CsoXNGFSifaEX5yfAAAAAO4FA6o754.png','Y',1,0,'0',1,'admin','2024-06-09 09:06:28',NULL,NULL,NULL,NULL),(6,6,5,'微信钱包','CNY','accounts/CsoXNGFSifOES99BAAAAANV7Lwg152.png','N',1,0,'0',1,'admin','2024-06-08 09:06:28',NULL,NULL,NULL,NULL),(7,7,5,'支付宝余额','CNY','accounts/CsoXNGFSif6EOqv6AAAAAHWvReM677.png','N',1,0,'0',1,'admin','2024-06-07 09:06:28',NULL,'',NULL,NULL),(8,8,0,'负债账户','CNY','accounts/CsoXM2FSifOEYsgnAAAAAMOEu9U801.png','Y',1,0,'0',1,'admin','2024-06-06 09:06:28',NULL,'',NULL,NULL),(9,9,8,'应付款项','CNY','accounts/CsoXM2FSifuEUFMWAAAAAGhYg64237.png','N',1,0,'0',1,'admin','2024-06-05 09:06:28',NULL,'',NULL,NULL),(10,10,0,'债权账户','CNY','accounts/CsoXNGFSifOENljsAAAAAOfa1No125.png','Y',1,0,'0',1,'admin','2024-06-04 09:06:28',NULL,'',NULL,NULL),(11,11,10,'应收款项','CNY','accounts/CsoXM2FSif2EbsQoAAAAAArN63A897.png','N',1,0,'0',1,'admin','2024-06-03 09:06:28',NULL,'',NULL,NULL),(12,12,0,'信用卡','CNY','accounts/CsoXNGFSifeENfN2AAAAAFr6Q7A340.png','Y',1,0,'0',1,'admin','2024-06-02 09:06:28',NULL,'',NULL,NULL),(13,13,12,'信用卡','CNY','accounts/CsoXNGFSifeENfN2AAAAAFr6Q7A340.png','N',1,0,'0',1,'admin','2024-06-01 09:06:28',NULL,'',NULL,NULL),(14,14,0,'投资账户','CNY','accounts/CsoXNGFSif2EOksrAAAAABbeUBQ271.png','Y',1,0,'0',1,'admin','2024-05-31 09:06:28',NULL,'',NULL,NULL),(15,15,14,'股票账户','CNY','accounts/CsoXM2FSif2EKdxVAAAAAD4QSSs370.png','N',1,0,'0',1,'admin','2024-05-30 09:06:28',NULL,'',NULL,NULL),(16,16,14,'基金账户','CNY','accounts/CsoXNGFSif6EJt07AAAAAM57xB0040.png','N',1,0,'0',1,'admin','2024-05-29 09:06:28',NULL,'',NULL,NULL),(17,1,0,'现金账户','CNY','accounts/CsoXNGFSifKEBYmKAAAAAKyBN6o840.png','Y',2,0,'0',1,'admin','2024-06-13 09:06:28',NULL,NULL,NULL,NULL),(18,2,1,'现金','CNY','accounts/CsoXM2FSif6EAzKxAAAAALnMcJw367.png','N',2,0,'0',1,'admin','2024-06-12 09:06:28',NULL,NULL,NULL,NULL),(19,3,0,'金融账户','CNY','accounts/CsoXNGFSif-EX8T9AAAAAFkXwFE225.png','Y',2,0,'0',1,'admin','2024-06-11 09:06:28',NULL,NULL,NULL,NULL),(20,4,3,'银行卡','CNY','accounts/CsoXM2FSifOEYsgnAAAAAMOEu9U801.png','N',2,-504000,'0',1,'admin','2024-06-10 09:06:28',NULL,NULL,NULL,NULL),(21,5,0,'虚拟账户','CNY','accounts/CsoXNGFSifaEX5yfAAAAAO4FA6o754.png','Y',2,0,'0',1,'admin','2024-06-09 09:06:28',NULL,NULL,NULL,NULL),(22,6,5,'微信钱包','CNY','accounts/CsoXNGFSifOES99BAAAAANV7Lwg152.png','N',2,0,'0',1,'admin','2024-06-08 09:06:28',NULL,NULL,NULL,NULL),(23,7,5,'支付宝余额','CNY','accounts/CsoXNGFSif6EOqv6AAAAAHWvReM677.png','N',2,999900,'0',1,'admin','2024-06-07 09:06:28',NULL,'',NULL,NULL),(24,8,0,'负债账户','CNY','accounts/CsoXM2FSifOEYsgnAAAAAMOEu9U801.png','Y',2,0,'0',1,'admin','2024-06-06 09:06:28',NULL,'',NULL,NULL),(25,9,8,'应付款项','CNY','accounts/CsoXM2FSifuEUFMWAAAAAGhYg64237.png','N',2,0,'0',1,'admin','2024-06-05 09:06:28',NULL,'',NULL,NULL),(26,10,0,'债权账户','CNY','accounts/CsoXNGFSifOENljsAAAAAOfa1No125.png','Y',2,0,'0',1,'admin','2024-06-04 09:06:28',NULL,'',NULL,NULL),(27,11,10,'应收款项','CNY','accounts/CsoXM2FSif2EbsQoAAAAAArN63A897.png','N',2,0,'0',1,'admin','2024-06-03 09:06:28',NULL,'',NULL,NULL),(28,12,0,'信用卡','CNY','accounts/CsoXNGFSifeENfN2AAAAAFr6Q7A340.png','Y',2,0,'0',1,'admin','2024-06-02 09:06:28',NULL,'',NULL,NULL),(29,13,12,'信用卡','CNY','accounts/CsoXNGFSifeENfN2AAAAAFr6Q7A340.png','N',2,0,'0',1,'admin','2024-06-01 09:06:28',NULL,'',NULL,NULL),(30,14,0,'投资账户','CNY','accounts/CsoXNGFSif2EOksrAAAAABbeUBQ271.png','Y',2,0,'0',1,'admin','2024-05-31 09:06:28',NULL,'',NULL,NULL),(31,15,14,'股票账户','CNY','accounts/CsoXM2FSif2EKdxVAAAAAD4QSSs370.png','N',2,0,'0',1,'admin','2024-05-30 09:06:28',NULL,'',NULL,NULL),(32,16,14,'基金账户','CNY','accounts/CsoXNGFSif6EJt07AAAAAM57xB0040.png','N',2,266600,'0',1,'admin','2024-05-29 09:06:28',NULL,'',NULL,NULL);
/*!40000 ALTER TABLE `book_account` ENABLE KEYS */;
UNLOCK TABLES;

--
-- Table structure for table `book_category`
--

DROP TABLE IF EXISTS `book_category`;
/*!40101 SET @saved_cs_client     = @@character_set_client */;
/*!50503 SET character_set_client = utf8mb4 */;
CREATE TABLE `book_category` (
  `id` bigint NOT NULL AUTO_INCREMENT COMMENT '分类唯一标识',
  `category_base_id` bigint DEFAULT NULL COMMENT '基础分类唯一标识',
  `parent_id` bigint DEFAULT '0' COMMENT '父级节点唯一标识',
  `name` varchar(100) CHARACTER SET utf8mb3 COLLATE utf8mb3_general_ci DEFAULT NULL COMMENT '类型名称',
  `code` varchar(100) CHARACTER SET utf8mb3 COLLATE utf8mb3_general_ci DEFAULT NULL COMMENT '类型编码',
  `category_url` longtext CHARACTER SET utf8mb4 COLLATE utf8mb4_general_ci COMMENT '分类图标',
  `has_child` varchar(3) CHARACTER SET utf8mb3 COLLATE utf8mb3_general_ci DEFAULT NULL COMMENT '是否有子节点',
  `type` tinyint DEFAULT NULL COMMENT '0-收入 1-支出',
  `book_id` bigint DEFAULT '0' COMMENT '账本唯一标识',
  `del_flag` char(1) CHARACTER SET utf8mb4 COLLATE utf8mb4_0900_ai_ci DEFAULT '0' COMMENT '删除标志（0代表存在 2代表删除）',
  `create_id` bigint DEFAULT NULL COMMENT '创建者ID',
  `create_by` varchar(64) CHARACTER SET utf8mb4 COLLATE utf8mb4_0900_ai_ci DEFAULT '' COMMENT '创建者',
  `create_time` datetime DEFAULT NULL COMMENT '创建时间',
  `update_id` bigint DEFAULT NULL COMMENT '更新者ID',
  `update_by` varchar(64) CHARACTER SET utf8mb4 COLLATE utf8mb4_0900_ai_ci DEFAULT '' COMMENT '更新者',
  `update_time` datetime DEFAULT NULL COMMENT '更新时间',
  `remark` varchar(500) CHARACTER SET utf8mb4 COLLATE utf8mb4_0900_ai_ci DEFAULT NULL COMMENT '备注',
  PRIMARY KEY (`id`) USING BTREE,
  KEY `idx_book_category_book_id` (`book_id`),
  KEY `idx_book_category_del_flag` (`del_flag`),
  KEY `idx_book_category_create_time` (`create_time`)
) ENGINE=InnoDB AUTO_INCREMENT=133 DEFAULT CHARSET=utf8mb3 ROW_FORMAT=DYNAMIC COMMENT='分类表';
/*!40101 SET character_set_client = @saved_cs_client */;

--
-- Dumping data for table `book_category`
--

LOCK TABLES `book_category` WRITE;
/*!40000 ALTER TABLE `book_category` DISABLE KEYS */;
INSERT INTO `book_category` VALUES (1,1,0,'食品酒水','food_and_drink','categories/CsoXM2FoFJeES2ToAAAAAB970AY662.png','Y',1,1,'0',1,'admin','2024-08-02 09:06:28',NULL,NULL,NULL,NULL),(2,2,1,'早午晚餐','meals','categories/CsoXM2FSifmESGUAAAAAAKPUBSU165.png','N',1,1,'0',1,'admin','2024-08-01 09:06:28',NULL,NULL,NULL,NULL),(3,3,1,'烟酒茶','tobacco_alcohol_tea','categories/CsoXNGFoFJeELeOYAAAAAHxDLcI176.png','N',1,1,'0',1,'admin','2024-07-31 09:06:28',NULL,NULL,NULL,NULL),(4,4,1,'水果零食','fruits_snacks','categories/CsoXM2FSifOECGdJAAAAAM07owg297.png','N',1,1,'0',1,'admin','2024-07-30 09:06:28',NULL,NULL,NULL,NULL),(5,5,0,'行车交通','transportation','categories/CsoXNGFSifGEeHFLAAAAAOROxwU997.png','Y',1,1,'0',1,'admin','2024-07-29 09:06:28',NULL,NULL,NULL,NULL),(6,6,5,'公共交通','public_transport','categories/CsoXM2FSifuEE7iYAAAAAFNqqh4519.png','N',1,1,'0',1,'admin','2024-07-28 09:06:28',NULL,NULL,NULL,NULL),(7,7,5,'打车租车','taxi_rental','categories/CsoXNGFSifGEeHFLAAAAAOROxwU997.png','N',1,1,'0',1,'admin','2024-07-27 09:06:28',NULL,NULL,NULL,NULL),(8,8,5,'私家车费用','private_car_expenses','categories/CsoXNGFSifaEAR70AAAAAAAcWcs110.png','N',1,1,'0',1,'admin','2024-07-26 09:06:28',NULL,NULL,NULL,NULL),(9,9,0,'居家物业','home_property','categories/CsoXNGFSifCEIsVQAAAAAKDgr1s958.png','Y',1,1,'0',1,'admin','2024-07-25 09:06:28',NULL,NULL,NULL,NULL),(10,10,9,'日常用品','daily_necessities','categories/CsoXM2FSifWEdoA4AAAAAGLSDdo781.png','N',1,1,'0',1,'admin','2024-07-24 09:06:28',NULL,NULL,NULL,NULL),(11,11,9,'水电煤气','utilities','categories/CsoXM2FSifqEINaAAAAAADYhKJ4480.png','N',1,1,'0',1,'admin','2024-07-23 09:06:28',NULL,NULL,NULL,NULL),(12,12,9,'房租','rent','categories/CsoXNGFSifCEIsVQAAAAAKDgr1s958.png','N',1,1,'0',1,'admin','2024-07-22 09:06:28',NULL,NULL,NULL,NULL),(13,13,9,'物业管理','property_management','categories/CsoXM2FoFJiEYymrAAAAAJ4yTPA444.png','N',1,1,'0',1,'admin','2024-07-21 09:06:28',NULL,NULL,NULL,NULL),(14,14,9,'维修保养','maintenance','categories/CsoXNGFSifeEC88iAAAAAJxtYzY035.png','N',1,1,'0',1,'admin','2024-07-20 09:06:28',NULL,NULL,NULL,NULL),(15,15,0,'交流通讯','communication','categories/CsoXM2FSifqERxxkAAAAAAh1la8682.png','Y',1,1,'0',1,'admin','2024-07-19 09:06:28',NULL,NULL,NULL,NULL),(16,16,15,'座机费','landline_fee','categories/CsoXNGFSifmEb0o2AAAAAKoTf9Y407.png','N',1,1,'0',1,'admin','2024-07-18 09:06:28',NULL,NULL,NULL,NULL),(17,17,15,'手机费','mobile_fee','categories/CsoXNGFSifaEX5yfAAAAAO4FA6o754.png','N',1,1,'0',1,'admin','2024-07-17 09:06:28',NULL,NULL,NULL,NULL),(18,18,15,'上网费','internet_fee','categories/CsoXM2FSifWET7xNAAAAAG42Vjo876.png','N',1,1,'0',1,'admin','2024-07-16 09:06:28',NULL,NULL,NULL,NULL),(19,19,15,'邮寄费','mailing_fee','categories/CsoXM2FSifmEZtPkAAAAAHJa0b4427.png','N',1,1,'0',1,'admin','2024-07-15 09:06:28',NULL,NULL,NULL,NULL),(20,20,0,'衣服饰品','clothing_accessories','categories/CsoXM2FoFJiESCYnAAAAABrqEOw036.png','Y',1,1,'0',1,'admin','2024-07-14 09:06:28',NULL,NULL,NULL,NULL),(21,21,20,'衣服裤子','clothes_pants','categories/CsoXNGFSifqEVNJaAAAAABdleqI435.png','N',1,1,'0',1,'admin','2024-07-13 09:06:28',NULL,NULL,NULL,NULL),(22,22,20,'鞋帽包包','shoes_hats_bags','categories/CsoXNGFSifeETgh4AAAAAJ7g8mQ980.png','N',1,1,'0',1,'admin','2024-07-12 09:06:28',NULL,NULL,NULL,NULL),(23,23,20,'化妆饰品','cosmetics_accessories','categories/CsoXNGFSifGEQZKLAAAAAI-vYds474.png','N',1,1,'0',1,'admin','2024-07-11 09:06:28',NULL,NULL,NULL,NULL),(24,24,0,'休闲娱乐','leisure_entertainment','categories/CsoXNGFoFJiEcoc1AAAAAFBSNBo897.png','Y',1,1,'0',1,'admin','2024-07-10 09:06:28',NULL,NULL,NULL,NULL),(25,25,24,'运动健身','sports_fitness','categories/CsoXNGFSifqEOIzBAAAAAMPsFdc133.png','N',1,1,'0',1,'admin','2024-07-09 09:06:28',NULL,NULL,NULL,NULL),(26,26,24,'交际聚会','social_gathering','categories/CsoXM2FoFJeESjseAAAAANtx6Ok909.png','N',1,1,'0',1,'admin','2024-07-08 09:06:28',NULL,NULL,NULL,NULL),(27,27,24,'休闲玩乐','leisure_fun','categories/CsoXM2FSifiEJdmcAAAAAGRGnFw870.png','N',1,1,'0',1,'admin','2024-07-07 09:06:28',NULL,NULL,NULL,NULL),(28,28,24,'宠物宝贝','pet_baby','categories/CsoXNGFSie-EddSkAAAAAG55zfc511.png','N',1,1,'0',1,'admin','2024-07-06 09:06:28',NULL,NULL,NULL,NULL),(29,29,24,'旅游度假','travel_vacation','categories/CsoXNGFSie-EE3BMAAAAALMvnQ0440.png','N',1,1,'0',1,'admin','2024-07-05 09:06:28',NULL,NULL,NULL,NULL),(30,30,0,'医疗保健','medical_health','categories/CsoXNGFoFJeEbWZ4AAAAADe_K-4222.png','Y',1,1,'0',1,'admin','2024-07-04 09:06:28',NULL,NULL,NULL,NULL),(31,31,30,'药品费','medicine_cost','categories/CsoXM2FSifiELiiqAAAAAN_RoDo851.png','N',1,1,'0',1,'admin','2024-07-03 09:06:28',NULL,NULL,NULL,NULL),(32,32,30,'保健费','health_cost','categories/CsoXNGFoFJeEbWZ4AAAAADe_K-4222.png','N',1,1,'0',1,'admin','2024-07-02 09:06:28',NULL,NULL,NULL,NULL),(33,33,30,'美容费','beauty_cost','categories/CsoXNGFSifOERjHUAAAAAOScuzo788.png','N',1,1,'0',1,'admin','2024-07-01 09:06:28',NULL,NULL,NULL,NULL),(34,34,30,'治疗费','treatment_cost','categories/CsoXM2FSifmEeZieAAAAAIiuFXw832.png','N',1,1,'0',1,'admin','2024-06-30 09:06:28',NULL,NULL,NULL,NULL),(35,35,0,'学习进修','learning_improvement','categories/CsoXNGFSifiEMgxEAAAAAKG2aJM255.png','Y',1,1,'0',1,'admin','2024-06-29 09:06:28',NULL,NULL,NULL,NULL),(36,36,35,'数码装备','digital_equipment','categories/CsoXM2FSifaEfsPFAAAAAMpjEYk070.png','N',1,1,'0',1,'admin','2024-06-28 09:06:28',NULL,NULL,NULL,NULL),(37,37,35,'书报杂志','books_magazines','categories/CsoXM2FSifaEH1LZAAAAAPWNf7A489.png','N',1,1,'0',1,'admin','2024-06-27 09:06:28',NULL,NULL,NULL,NULL),(38,38,35,'培训进修','training_improvement','categories/CsoXNGFSifiEMgxEAAAAAKG2aJM255.png','N',1,1,'0',1,'admin','2024-06-26 09:06:28',NULL,NULL,NULL,NULL),(39,39,0,'人情往来','personal_relations','categories/CsoXM2FSifSETVeYAAAAAOCAEIA615.png','Y',1,1,'0',1,'admin','2024-06-25 09:06:28',NULL,NULL,NULL,NULL),(40,40,39,'送礼请客','gift_banquet','categories/CsoXNGFoFJeELeOYAAAAAHxDLcI176.png','N',1,1,'0',1,'admin','2024-06-24 09:06:28',NULL,NULL,NULL,NULL),(41,41,39,'还人钱物','still_money','categories/CsoXM2FSif6EAzKxAAAAALnMcJw367.png','N',1,1,'0',1,'admin','2024-06-23 09:06:28',NULL,NULL,NULL,NULL),(42,42,39,'慈善捐助','charitable_donation','categories/CsoXM2GIkkmEHWC_AAAAAOG66JQ119.png','N',1,1,'0',1,'admin','2024-06-22 09:06:28',NULL,NULL,NULL,NULL),(43,43,39,'孝敬长辈','honor_elders','categories/CsoXM2FoFJiEbRPIAAAAADULhSQ647.png','N',1,1,'0',1,'admin','2024-06-21 09:06:28',NULL,NULL,NULL,NULL),(44,44,0,'金融保险','financial_insurance','categories/CsoXNGFSifKEPG3YAAAAAOeh73Y489.png','Y',1,1,'0',1,'admin','2024-06-20 09:06:28',NULL,NULL,NULL,NULL),(45,45,44,'银行手续','bank_procedures','categories/CsoXNGFSifiEf4DsAAAAAFNJOA0165.png','N',1,1,'0',1,'admin','2024-06-19 09:06:28',NULL,NULL,NULL,NULL),(46,46,44,'投资亏损','investment_loss','categories/CsoXM2FSifOEDUHuAAAAAMa2pzA837.png','N',1,1,'0',1,'admin','2024-06-18 09:06:28',NULL,NULL,NULL,NULL),(47,47,44,'按揭还款','mortgage_repayment','categories/CsoXNGFoFJeEBgVfAAAAANfPaGc243.png','N',1,1,'0',1,'admin','2024-06-17 09:06:28',NULL,NULL,NULL,NULL),(48,48,44,'消费税收','consumption_tax','categories/CsoXM2FoFJiEWlRMAAAAAJBaS04759.png','N',1,1,'0',1,'admin','2024-06-16 09:06:28',NULL,NULL,NULL,NULL),(49,49,44,'利息支出','interest_expense','categories/CsoXNGFSifSEevn_AAAAAJRHc40663.png','N',1,1,'0',1,'admin','2024-06-15 09:06:28',NULL,NULL,NULL,NULL),(50,50,44,'赔偿罚款','compensation_fines','categories/CsoXM2FSifSELwFWAAAAAE_lluc382.png','N',1,1,'0',1,'admin','2024-06-14 09:06:28',NULL,NULL,NULL,NULL),(51,51,0,'其他杂项','miscellaneous','categories/CsoXM2FSifSEMdYJAAAAAObkglE751.png','Y',1,1,'0',1,'admin','2024-06-13 09:06:28',NULL,NULL,NULL,NULL),(52,52,51,'其他支出','other_expenses','categories/CsoXNGFSifSEevn_AAAAAJRHc40663.png','N',1,1,'0',1,'admin','2024-06-12 09:06:28',NULL,NULL,NULL,NULL),(53,53,51,'意外丢失','accidental_loss','categories/CsoXNGFoFJiES9mrAAAAAC_qLmA638.png','N',1,1,'0',1,'admin','2024-06-11 09:06:28',NULL,NULL,NULL,NULL),(54,54,51,'烂账损失','bad_debt_loss','categories/CsoXNGFSifOEL7JPAAAAADuJkj8032.png','N',1,1,'0',1,'admin','2024-06-10 09:06:28',NULL,NULL,NULL,NULL),(55,55,0,'职业收入','professional_income','categories/CsoXNGFSifmEdmSQAAAAAC8_h1I655.png','Y',0,1,'0',1,'admin','2024-06-09 09:06:28',NULL,NULL,NULL,NULL),(56,56,55,'工资收入','salary_income','categories/CsoXM2FSifGEYaIDAAAAAFSbnhU781.png','N',0,1,'0',1,'admin','2024-06-08 09:06:28',NULL,NULL,NULL,NULL),(57,57,55,'加班收入','overtime_income','categories/CsoXNGFSifKEDix_AAAAAKeNiQ0339.png','N',0,1,'0',1,'admin','2024-06-07 09:06:28',NULL,NULL,NULL,NULL),(58,58,55,'奖金收入','bonus_income','categories/CsoXM2FSifKEKZ9_AAAAAP_tD0I247.png','N',0,1,'0',1,'admin','2024-06-06 09:06:28',NULL,NULL,NULL,NULL),(59,59,55,'兼职收入','part_time_income','categories/CsoXNGFSifKEBYmKAAAAAKyBN6o840.png','N',0,1,'0',1,'admin','2024-06-05 09:06:28',NULL,NULL,NULL,NULL),(60,60,55,'经营所得','business_income','categories/CsoXM2FSifKEGlgUAAAAAAJPXBs872.png','N',0,1,'0',1,'admin','2024-06-04 09:06:28',NULL,NULL,NULL,NULL),(61,61,0,'其他收入','other_income','categories/CsoXM2FSifSEbBe0AAAAAJYAq10443.png','Y',0,1,'0',1,'admin','2024-06-03 09:06:28',NULL,NULL,NULL,NULL),(62,62,61,'投资收入','investment_income','categories/CsoXNGFSifWEDvwbAAAAAJV-Grk334.png','N',0,1,'0',1,'admin','2024-06-02 09:06:28',NULL,NULL,NULL,NULL),(63,63,61,'利息收入','interest_income','categories/CsoXNGFSifOENljsAAAAAOfa1No125.png','N',0,1,'0',1,'admin','2024-06-01 09:06:28',NULL,NULL,NULL,NULL),(64,64,61,'礼金收入','gift_income','categories/CsoXM2FSifOEGps9AAAAAOuhy7Q818.png','N',0,1,'0',1,'admin','2024-05-31 09:06:28',NULL,NULL,NULL,NULL),(65,65,61,'中奖收入','prize_income','categories/CsoXNGFSifmEAT8zAAAAANjygdU605.png','N',0,1,'0',1,'admin','2024-05-30 09:06:28',NULL,NULL,NULL,NULL),(66,66,61,'意外来钱','unexpected_money','categories/CsoXNGFSifiEfCk-AAAAANf2OA0307.png','N',0,1,'0',1,'admin','2024-05-29 09:06:28',NULL,NULL,NULL,NULL),(67,1,0,'食品酒水','food_and_drink','categories/CsoXM2FoFJeES2ToAAAAAB970AY662.png','Y',1,2,'0',1,'admin','2024-08-02 09:06:28',NULL,NULL,NULL,NULL),(68,2,1,'早午晚餐','meals','categories/CsoXM2FSifmESGUAAAAAAKPUBSU165.png','N',1,2,'0',1,'admin','2024-08-01 09:06:28',NULL,NULL,NULL,NULL),(69,3,1,'烟酒茶','tobacco_alcohol_tea','categories/CsoXNGFoFJeELeOYAAAAAHxDLcI176.png','N',1,2,'0',1,'admin','2024-07-31 09:06:28',NULL,NULL,NULL,NULL),(70,4,1,'水果零食','fruits_snacks','categories/CsoXM2FSifOECGdJAAAAAM07owg297.png','N',1,2,'0',1,'admin','2024-07-30 09:06:28',NULL,NULL,NULL,NULL),(71,5,0,'行车交通','transportation','categories/CsoXNGFSifGEeHFLAAAAAOROxwU997.png','Y',1,2,'0',1,'admin','2024-07-29 09:06:28',NULL,NULL,NULL,NULL),(72,6,5,'公共交通','public_transport','categories/CsoXM2FSifuEE7iYAAAAAFNqqh4519.png','N',1,2,'0',1,'admin','2024-07-28 09:06:28',NULL,NULL,NULL,NULL),(73,7,5,'打车租车','taxi_rental','categories/CsoXNGFSifGEeHFLAAAAAOROxwU997.png','N',1,2,'0',1,'admin','2024-07-27 09:06:28',NULL,NULL,NULL,NULL),(74,8,5,'私家车费用','private_car_expenses','categories/CsoXNGFSifaEAR70AAAAAAAcWcs110.png','N',1,2,'0',1,'admin','2024-07-26 09:06:28',NULL,NULL,NULL,NULL),(75,9,0,'居家物业','home_property','categories/CsoXNGFSifCEIsVQAAAAAKDgr1s958.png','Y',1,2,'0',1,'admin','2024-07-25 09:06:28',NULL,NULL,NULL,NULL),(76,10,9,'日常用品','daily_necessities','categories/CsoXM2FSifWEdoA4AAAAAGLSDdo781.png','N',1,2,'0',1,'admin','2024-07-24 09:06:28',NULL,NULL,NULL,NULL),(77,11,9,'水电煤气','utilities','categories/CsoXM2FSifqEINaAAAAAADYhKJ4480.png','N',1,2,'0',1,'admin','2024-07-23 09:06:28',NULL,NULL,NULL,NULL),(78,12,9,'房租','rent','categories/CsoXNGFSifCEIsVQAAAAAKDgr1s958.png','N',1,2,'0',1,'admin','2024-07-22 09:06:28',NULL,NULL,NULL,NULL),(79,13,9,'物业管理','property_management','categories/CsoXM2FoFJiEYymrAAAAAJ4yTPA444.png','N',1,2,'0',1,'admin','2024-07-21 09:06:28',NULL,NULL,NULL,NULL),(80,14,9,'维修保养','maintenance','categories/CsoXNGFSifeEC88iAAAAAJxtYzY035.png','N',1,2,'0',1,'admin','2024-07-20 09:06:28',NULL,NULL,NULL,NULL),(81,15,0,'交流通讯','communication','categories/CsoXM2FSifqERxxkAAAAAAh1la8682.png','Y',1,2,'0',1,'admin','2024-07-19 09:06:28',NULL,NULL,NULL,NULL),(82,16,15,'座机费','landline_fee','categories/CsoXNGFSifmEb0o2AAAAAKoTf9Y407.png','N',1,2,'0',1,'admin','2024-07-18 09:06:28',NULL,NULL,NULL,NULL),(83,17,15,'手机费','mobile_fee','categories/CsoXNGFSifaEX5yfAAAAAO4FA6o754.png','N',1,2,'0',1,'admin','2024-07-17 09:06:28',NULL,NULL,NULL,NULL),(84,18,15,'上网费','internet_fee','categories/CsoXM2FSifWET7xNAAAAAG42Vjo876.png','N',1,2,'0',1,'admin','2024-07-16 09:06:28',NULL,NULL,NULL,NULL),(85,19,15,'邮寄费','mailing_fee','categories/CsoXM2FSifmEZtPkAAAAAHJa0b4427.png','N',1,2,'0',1,'admin','2024-07-15 09:06:28',NULL,NULL,NULL,NULL),(86,20,0,'衣服饰品','clothing_accessories','categories/CsoXM2FoFJiESCYnAAAAABrqEOw036.png','Y',1,2,'0',1,'admin','2024-07-14 09:06:28',NULL,NULL,NULL,NULL),(87,21,20,'衣服裤子','clothes_pants','categories/CsoXNGFSifqEVNJaAAAAABdleqI435.png','N',1,2,'0',1,'admin','2024-07-13 09:06:28',NULL,NULL,NULL,NULL),(88,22,20,'鞋帽包包','shoes_hats_bags','categories/CsoXNGFSifeETgh4AAAAAJ7g8mQ980.png','N',1,2,'0',1,'admin','2024-07-12 09:06:28',NULL,NULL,NULL,NULL),(89,23,20,'化妆饰品','cosmetics_accessories','categories/CsoXNGFSifGEQZKLAAAAAI-vYds474.png','N',1,2,'0',1,'admin','2024-07-11 09:06:28',NULL,NULL,NULL,NULL),(90,24,0,'休闲娱乐','leisure_entertainment','categories/CsoXNGFoFJiEcoc1AAAAAFBSNBo897.png','Y',1,2,'0',1,'admin','2024-07-10 09:06:28',NULL,NULL,NULL,NULL),(91,25,24,'运动健身','sports_fitness','categories/CsoXNGFSifqEOIzBAAAAAMPsFdc133.png','N',1,2,'0',1,'admin','2024-07-09 09:06:28',NULL,NULL,NULL,NULL),(92,26,24,'交际聚会','social_gathering','categories/CsoXM2FoFJeESjseAAAAANtx6Ok909.png','N',1,2,'0',1,'admin','2024-07-08 09:06:28',NULL,NULL,NULL,NULL),(93,27,24,'休闲玩乐','leisure_fun','categories/CsoXM2FSifiEJdmcAAAAAGRGnFw870.png','N',1,2,'0',1,'admin','2024-07-07 09:06:28',NULL,NULL,NULL,NULL),(94,28,24,'宠物宝贝','pet_baby','categories/CsoXNGFSie-EddSkAAAAAG55zfc511.png','N',1,2,'0',1,'admin','2024-07-06 09:06:28',NULL,NULL,NULL,NULL),(95,29,24,'旅游度假','travel_vacation','categories/CsoXNGFSie-EE3BMAAAAALMvnQ0440.png','N',1,2,'0',1,'admin','2024-07-05 09:06:28',NULL,NULL,NULL,NULL),(96,30,0,'医疗保健','medical_health','categories/CsoXNGFoFJeEbWZ4AAAAADe_K-4222.png','Y',1,2,'0',1,'admin','2024-07-04 09:06:28',NULL,NULL,NULL,NULL),(97,31,30,'药品费','medicine_cost','categories/CsoXM2FSifiELiiqAAAAAN_RoDo851.png','N',1,2,'0',1,'admin','2024-07-03 09:06:28',NULL,NULL,NULL,NULL),(98,32,30,'保健费','health_cost','categories/CsoXNGFoFJeEbWZ4AAAAADe_K-4222.png','N',1,2,'0',1,'admin','2024-07-02 09:06:28',NULL,NULL,NULL,NULL),(99,33,30,'美容费','beauty_cost','categories/CsoXNGFSifOERjHUAAAAAOScuzo788.png','N',1,2,'0',1,'admin','2024-07-01 09:06:28',NULL,NULL,NULL,NULL),(100,34,30,'治疗费','treatment_cost','categories/CsoXM2FSifmEeZieAAAAAIiuFXw832.png','N',1,2,'0',1,'admin','2024-06-30 09:06:28',NULL,NULL,NULL,NULL),(101,35,0,'学习进修','learning_improvement','categories/CsoXNGFSifiEMgxEAAAAAKG2aJM255.png','Y',1,2,'0',1,'admin','2024-06-29 09:06:28',NULL,NULL,NULL,NULL),(102,36,35,'数码装备','digital_equipment','categories/CsoXM2FSifaEfsPFAAAAAMpjEYk070.png','N',1,2,'0',1,'admin','2024-06-28 09:06:28',NULL,NULL,NULL,NULL),(103,37,35,'书报杂志','books_magazines','categories/CsoXM2FSifaEH1LZAAAAAPWNf7A489.png','N',1,2,'0',1,'admin','2024-06-27 09:06:28',NULL,NULL,NULL,NULL),(104,38,35,'培训进修','training_improvement','categories/CsoXNGFSifiEMgxEAAAAAKG2aJM255.png','N',1,2,'0',1,'admin','2024-06-26 09:06:28',NULL,NULL,NULL,NULL),(105,39,0,'人情往来','personal_relations','categories/CsoXM2FSifSETVeYAAAAAOCAEIA615.png','Y',1,2,'0',1,'admin','2024-06-25 09:06:28',NULL,NULL,NULL,NULL),(106,40,39,'送礼请客','gift_banquet','categories/CsoXNGFoFJeELeOYAAAAAHxDLcI176.png','N',1,2,'0',1,'admin','2024-06-24 09:06:28',NULL,NULL,NULL,NULL),(107,41,39,'还人钱物','still_money','categories/CsoXM2FSif6EAzKxAAAAALnMcJw367.png','N',1,2,'0',1,'admin','2024-06-23 09:06:28',NULL,NULL,NULL,NULL),(108,42,39,'慈善捐助','charitable_donation','categories/CsoXM2GIkkmEHWC_AAAAAOG66JQ119.png','N',1,2,'0',1,'admin','2024-06-22 09:06:28',NULL,NULL,NULL,NULL),(109,43,39,'孝敬长辈','honor_elders','categories/CsoXM2FoFJiEbRPIAAAAADULhSQ647.png','N',1,2,'0',1,'admin','2024-06-21 09:06:28',NULL,NULL,NULL,NULL),(110,44,0,'金融保险','financial_insurance','categories/CsoXNGFSifKEPG3YAAAAAOeh73Y489.png','Y',1,2,'0',1,'admin','2024-06-20 09:06:28',NULL,NULL,NULL,NULL),(111,45,44,'银行手续','bank_procedures','categories/CsoXNGFSifiEf4DsAAAAAFNJOA0165.png','N',1,2,'0',1,'admin','2024-06-19 09:06:28',NULL,NULL,NULL,NULL),(112,46,44,'投资亏损','investment_loss','categories/CsoXM2FSifOEDUHuAAAAAMa2pzA837.png','N',1,2,'0',1,'admin','2024-06-18 09:06:28',NULL,NULL,NULL,NULL),(113,47,44,'按揭还款','mortgage_repayment','categories/CsoXNGFoFJeEBgVfAAAAANfPaGc243.png','N',1,2,'0',1,'admin','2024-06-17 09:06:28',NULL,NULL,NULL,NULL),(114,48,44,'消费税收','consumption_tax','categories/CsoXM2FoFJiEWlRMAAAAAJBaS04759.png','N',1,2,'0',1,'admin','2024-06-16 09:06:28',NULL,NULL,NULL,NULL),(115,49,44,'利息支出','interest_expense','categories/CsoXNGFSifSEevn_AAAAAJRHc40663.png','N',1,2,'0',1,'admin','2024-06-15 09:06:28',NULL,NULL,NULL,NULL),(116,50,44,'赔偿罚款','compensation_fines','categories/CsoXM2FSifSELwFWAAAAAE_lluc382.png','N',1,2,'0',1,'admin','2024-06-14 09:06:28',NULL,NULL,NULL,NULL),(117,51,0,'其他杂项','miscellaneous','categories/CsoXM2FSifSEMdYJAAAAAObkglE751.png','Y',1,2,'0',1,'admin','2024-06-13 09:06:28',NULL,NULL,NULL,NULL),(118,52,51,'其他支出','other_expenses','categories/CsoXNGFSifSEevn_AAAAAJRHc40663.png','N',1,2,'0',1,'admin','2024-06-12 09:06:28',NULL,NULL,NULL,NULL),(119,53,51,'意外丢失','accidental_loss','categories/CsoXNGFoFJiES9mrAAAAAC_qLmA638.png','N',1,2,'0',1,'admin','2024-06-11 09:06:28',NULL,NULL,NULL,NULL),(120,54,51,'烂账损失','bad_debt_loss','categories/CsoXNGFSifOEL7JPAAAAADuJkj8032.png','N',1,2,'0',1,'admin','2024-06-10 09:06:28',NULL,NULL,NULL,NULL),(121,55,0,'职业收入','professional_income','categories/CsoXNGFSifmEdmSQAAAAAC8_h1I655.png','Y',0,2,'0',1,'admin','2024-06-09 09:06:28',NULL,NULL,NULL,NULL),(122,56,55,'工资收入','salary_income','categories/CsoXM2FSifGEYaIDAAAAAFSbnhU781.png','N',0,2,'0',1,'admin','2024-06-08 09:06:28',NULL,NULL,NULL,NULL),(123,57,55,'加班收入','overtime_income','categories/CsoXNGFSifKEDix_AAAAAKeNiQ0339.png','N',0,2,'0',1,'admin','2024-06-07 09:06:28',NULL,NULL,NULL,NULL),(124,58,55,'奖金收入','bonus_income','categories/CsoXM2FSifKEKZ9_AAAAAP_tD0I247.png','N',0,2,'0',1,'admin','2024-06-06 09:06:28',NULL,NULL,NULL,NULL),(125,59,55,'兼职收入','part_time_income','categories/CsoXNGFSifKEBYmKAAAAAKyBN6o840.png','N',0,2,'0',1,'admin','2024-06-05 09:06:28',NULL,NULL,NULL,NULL),(126,60,55,'经营所得','business_income','categories/CsoXM2FSifKEGlgUAAAAAAJPXBs872.png','N',0,2,'0',1,'admin','2024-06-04 09:06:28',NULL,NULL,NULL,NULL),(127,61,0,'其他收入','other_income','categories/CsoXM2FSifSEbBe0AAAAAJYAq10443.png','Y',0,2,'0',1,'admin','2024-06-03 09:06:28',NULL,NULL,NULL,NULL),(128,62,61,'投资收入','investment_income','categories/CsoXNGFSifWEDvwbAAAAAJV-Grk334.png','N',0,2,'0',1,'admin','2024-06-02 09:06:28',NULL,NULL,NULL,NULL),(129,63,61,'利息收入','interest_income','categories/CsoXNGFSifOENljsAAAAAOfa1No125.png','N',0,2,'0',1,'admin','2024-06-01 09:06:28',NULL,NULL,NULL,NULL),(130,64,61,'礼金收入','gift_income','categories/CsoXM2FSifOEGps9AAAAAOuhy7Q818.png','N',0,2,'0',1,'admin','2024-05-31 09:06:28',NULL,NULL,NULL,NULL),(131,65,61,'中奖收入','prize_income','categories/CsoXNGFSifmEAT8zAAAAANjygdU605.png','N',0,2,'0',1,'admin','2024-05-30 09:06:28',NULL,NULL,NULL,NULL),(132,66,61,'意外来钱','unexpected_money','categories/CsoXNGFSifiEfCk-AAAAANf2OA0307.png','N',0,2,'0',1,'admin','2024-05-29 09:06:28',NULL,NULL,NULL,NULL);
/*!40000 ALTER TABLE `book_category` ENABLE KEYS */;
UNLOCK TABLES;

--
-- Table structure for table `book_money`
--

DROP TABLE IF EXISTS `book_money`;
/*!40101 SET @saved_cs_client     = @@character_set_client */;
/*!50503 SET character_set_client = utf8mb4 */;
CREATE TABLE `book_money` (
  `id` bigint NOT NULL AUTO_INCREMENT COMMENT '唯一标识',
  `book_id` bigint NOT NULL COMMENT '账本唯一标识',
  `category_base_id` bigint DEFAULT NULL COMMENT '基础分类唯一标识',
  `category_id` bigint DEFAULT NULL COMMENT '分类唯一标识',
  `category_name` varchar(255) CHARACTER SET utf8mb4 COLLATE utf8mb4_general_ci NOT NULL COMMENT '分类名称',
  `category_url` varchar(255) CHARACTER SET utf8mb4 COLLATE utf8mb4_general_ci NOT NULL COMMENT '分类图标',
  `account_base_id` bigint DEFAULT NULL COMMENT '基础账户唯一标识',
  `account_id` bigint NOT NULL COMMENT '账户唯一标识',
  `account_name` varchar(255) CHARACTER SET utf8mb4 COLLATE utf8mb4_general_ci NOT NULL COMMENT '账户名称',
  `account_url` varchar(255) CHARACTER SET utf8mb4 COLLATE utf8mb4_general_ci NOT NULL COMMENT '账户图标',
  `user_id` bigint NOT NULL COMMENT '用户唯一标识',
  `user_name` varchar(255) CHARACTER SET utf8mb4 COLLATE utf8mb4_general_ci NOT NULL COMMENT '用户账号',
  `nick_name` varchar(30) CHARACTER SET utf8mb4 COLLATE utf8mb4_0900_ai_ci NOT NULL COMMENT '用户昵称',
  `money` bigint NOT NULL COMMENT '金额',
  `book_time` datetime NOT NULL COMMENT '记账时间',
  `type` tinyint NOT NULL COMMENT '0-收入 1-支出 2-不计收支',
  `detail_desc` text CHARACTER SET utf8mb4 COLLATE utf8mb4_lithuanian_ci COMMENT '富文本详情',
  `detail_desc_flag` varchar(1) CHARACTER SET utf8mb4 COLLATE utf8mb4_lithuanian_ci DEFAULT NULL COMMENT '是否显示详情 0-否 1-是',
  `detail_img` varchar(255) CHARACTER SET utf8mb4 COLLATE utf8mb4_0900_ai_ci DEFAULT NULL COMMENT '附件地址',
  `del_flag` char(1) CHARACTER SET utf8mb4 COLLATE utf8mb4_0900_ai_ci NOT NULL DEFAULT '0' COMMENT '删除标志（0代表存在 2代表删除）',
  `create_id` bigint DEFAULT NULL COMMENT '创建者ID',
  `create_by` varchar(64) CHARACTER SET utf8mb4 COLLATE utf8mb4_0900_ai_ci DEFAULT '' COMMENT '创建者',
  `create_time` datetime NOT NULL COMMENT '创建时间',
  `update_id` bigint DEFAULT NULL COMMENT '更新者ID',
  `update_by` varchar(64) CHARACTER SET utf8mb4 COLLATE utf8mb4_0900_ai_ci DEFAULT '' COMMENT '更新者',
  `update_time` datetime DEFAULT NULL COMMENT '更新时间',
  `remark` varchar(500) CHARACTER SET utf8mb4 COLLATE utf8mb4_0900_ai_ci DEFAULT NULL COMMENT '备注',
  PRIMARY KEY (`id`) USING BTREE,
  KEY `idx_book_money_book_id` (`book_id`),
  KEY `idx_book_money_del_flag` (`del_flag`),
  KEY `idx_book_money_create_time` (`create_time`),
  KEY `idx_book_money_book_time` (`book_time`)
) ENGINE=InnoDB AUTO_INCREMENT=32 DEFAULT CHARSET=utf8mb4 COLLATE=utf8mb4_lithuanian_ci ROW_FORMAT=COMPACT COMMENT='账本明细表';
/*!40101 SET character_set_client = @saved_cs_client */;

--
-- Dumping data for table `book_money`
--

LOCK TABLES `book_money` WRITE;
/*!40000 ALTER TABLE `book_money` DISABLE KEYS */;
INSERT INTO `book_money` VALUES (1,1,56,56,'工资收入','categories/CsoXM2FSifGEYaIDAAAAAFSbnhU781.png',2,2,'现金','accounts/CsoXM2FSif6EAzKxAAAAALnMcJw367.png',1,'admin','若依',100000,'2024-10-01 10:18:00',0,NULL,NULL,'','0',1,'admin','2024-10-30 10:18:44',NULL,'',NULL,''),(2,1,2,2,'早午晚餐','categories/CsoXM2FSifmESGUAAAAAAKPUBSU165.png',2,2,'现金','accounts/CsoXM2FSif6EAzKxAAAAALnMcJw367.png',1,'admin','若依',-10000,'2024-10-10 10:18:00',1,NULL,NULL,'','0',1,'admin','2024-10-30 10:19:39',NULL,'',NULL,''),(3,1,2,2,'早午晚餐','categories/CsoXM2FSifmESGUAAAAAAKPUBSU165.png',2,2,'现金','accounts/CsoXM2FSif6EAzKxAAAAALnMcJw367.png',1,'admin','若依',-20000,'2024-10-11 10:18:00',1,NULL,NULL,'','0',1,'admin','2024-10-30 10:19:48',NULL,'',NULL,''),(4,1,2,2,'早午晚餐','categories/CsoXM2FSifmESGUAAAAAAKPUBSU165.png',2,2,'现金','accounts/CsoXM2FSif6EAzKxAAAAALnMcJw367.png',1,'admin','若依',-20000,'2024-10-12 10:18:00',1,NULL,NULL,'','0',1,'admin','2024-10-30 10:19:56',NULL,'',NULL,''),(5,1,2,2,'早午晚餐','categories/CsoXM2FSifmESGUAAAAAAKPUBSU165.png',2,2,'现金','accounts/CsoXM2FSif6EAzKxAAAAALnMcJw367.png',1,'admin','若依',-20000,'2024-10-13 10:18:00',1,NULL,NULL,'','0',1,'admin','2024-10-30 10:20:02',NULL,'',NULL,''),(6,1,2,2,'早午晚餐','categories/CsoXM2FSifmESGUAAAAAAKPUBSU165.png',2,2,'现金','accounts/CsoXM2FSif6EAzKxAAAAALnMcJw367.png',1,'admin','若依',-10000,'2024-10-14 10:18:00',1,NULL,NULL,'','0',1,'admin','2024-10-30 10:20:12',NULL,'',NULL,''),(7,1,2,2,'早午晚餐','categories/CsoXM2FSifmESGUAAAAAAKPUBSU165.png',2,2,'现金','accounts/CsoXM2FSif6EAzKxAAAAALnMcJw367.png',1,'admin','若依',-10000,'2024-10-15 10:18:00',1,NULL,NULL,'','0',1,'admin','2024-10-30 10:20:16',NULL,'',NULL,''),(8,1,2,2,'早午晚餐','categories/CsoXM2FSifmESGUAAAAAAKPUBSU165.png',2,2,'现金','accounts/CsoXM2FSif6EAzKxAAAAALnMcJw367.png',1,'admin','若依',-10000,'2024-10-16 10:18:00',1,NULL,NULL,'','0',1,'admin','2024-10-30 10:20:22',NULL,'',NULL,''),(9,1,2,2,'早午晚餐','categories/CsoXM2FSifmESGUAAAAAAKPUBSU165.png',2,2,'现金','accounts/CsoXM2FSif6EAzKxAAAAALnMcJw367.png',1,'admin','若依',-10000,'2024-10-17 10:18:00',1,NULL,NULL,'','0',1,'admin','2024-10-30 10:20:27',NULL,'',NULL,''),(10,1,2,2,'早午晚餐','categories/CsoXM2FSifmESGUAAAAAAKPUBSU165.png',2,2,'现金','accounts/CsoXM2FSif6EAzKxAAAAALnMcJw367.png',1,'admin','若依',-30000,'2024-10-18 10:18:00',1,NULL,NULL,'','0',1,'admin','2024-10-30 10:20:32',NULL,'',NULL,''),(11,1,2,2,'早午晚餐','categories/CsoXM2FSifmESGUAAAAAAKPUBSU165.png',2,2,'现金','accounts/CsoXM2FSif6EAzKxAAAAALnMcJw367.png',1,'admin','若依',-30000,'2024-10-19 10:18:00',1,NULL,NULL,'','0',1,'admin','2024-10-30 10:20:41',NULL,'',NULL,''),(12,1,2,2,'早午晚餐','categories/CsoXM2FSifmESGUAAAAAAKPUBSU165.png',2,2,'现金','accounts/CsoXM2FSif6EAzKxAAAAALnMcJw367.png',1,'admin','若依',-20000,'2024-10-30 10:44:29',1,NULL,NULL,'','0',1,'admin','2024-10-30 10:44:37',NULL,'',NULL,''),(13,1,64,64,'礼金收入','categories/CsoXM2FSifOEGps9AAAAAOuhy7Q818.png',4,4,'银行卡','accounts/CsoXM2FSifOEYsgnAAAAAMOEu9U801.png',1,'admin','若依',50000,'2024-10-30 10:44:50',0,NULL,NULL,'','0',1,'admin','2024-10-30 10:45:06',NULL,'',NULL,''),(14,1,6,6,'公共交通','categories/CsoXM2FSifuEE7iYAAAAAFNqqh4519.png',2,2,'现金','accounts/CsoXM2FSif6EAzKxAAAAALnMcJw367.png',105,'ry1','微信用户',-6000,'2024-10-30 10:47:55',1,NULL,NULL,'','0',105,'ry1','2024-10-30 10:48:05',NULL,'',NULL,''),(15,1,62,62,'投资收入','categories/CsoXNGFSifWEDvwbAAAAAJV-Grk334.png',2,2,'现金','accounts/CsoXM2FSif6EAzKxAAAAALnMcJw367.png',105,'ry1','微信用户',100000,'2024-10-30 10:49:52',0,NULL,NULL,'','2',105,'ry1','2024-10-30 10:50:02',NULL,'',NULL,''),(16,1,6,6,'公共交通','categories/CsoXM2FSifuEE7iYAAAAAFNqqh4519.png',2,2,'现金','accounts/CsoXM2FSif6EAzKxAAAAALnMcJw367.png',105,'ry1','微信用户',-800000,'2024-08-30 10:52:00',1,NULL,NULL,'','0',105,'ry1','2024-10-30 10:53:00',NULL,'',NULL,''),(17,1,6,6,'公共交通','categories/CsoXM2FSifuEE7iYAAAAAFNqqh4519.png',2,2,'现金','accounts/CsoXM2FSif6EAzKxAAAAALnMcJw367.png',105,'ry1','微信用户',-5000,'2023-10-30 10:59:00',1,NULL,NULL,'','0',105,'ry1','2024-10-30 10:59:55',NULL,'',NULL,''),(18,1,6,6,'公共交通','categories/CsoXM2FSifuEE7iYAAAAAFNqqh4519.png',2,2,'现金','accounts/CsoXM2FSif6EAzKxAAAAALnMcJw367.png',105,'ry1','微信用户',-4000,'2023-10-29 11:00:00',1,NULL,NULL,'','0',105,'ry1','2024-10-30 11:01:09',NULL,'',NULL,''),(19,1,62,62,'投资收入','categories/CsoXNGFSifWEDvwbAAAAAJV-Grk334.png',2,2,'现金','accounts/CsoXM2FSif6EAzKxAAAAALnMcJw367.png',105,'ry1','微信用户',10000000,'2024-10-30 14:41:48',0,NULL,NULL,'','0',105,'ry1','2024-10-30 14:41:55',NULL,'',NULL,''),(20,1,6,6,'公共交通','categories/CsoXM2FSifuEE7iYAAAAAFNqqh4519.png',2,2,'现金','accounts/CsoXM2FSif6EAzKxAAAAALnMcJw367.png',105,'ry1','微信用户',-8000,'2024-10-31 14:49:00',1,NULL,NULL,'','0',105,'ry1','2024-10-30 14:49:35',NULL,'',NULL,''),(21,2,28,94,'宠物宝贝','categories/CsoXNGFSie-EddSkAAAAAG55zfc511.png',4,20,'银行卡','accounts/CsoXM2FSifOEYsgnAAAAAMOEu9U801.png',1,'admin','若依',-300000,'2024-10-27 14:50:00',1,NULL,NULL,'','0',1,'admin','2024-10-30 15:54:22',NULL,'',NULL,'买了一个比熊'),(22,2,25,NULL,'运动健身','categories/CsoXNGFSifqEOIzBAAAAAMPsFdc133.png',4,20,'银行卡','accounts/CsoXM2FSifOEYsgnAAAAAMOEu9U801.png',1,'admin','若依',-200000,'2024-10-30 15:54:25',1,NULL,NULL,'','0',1,'admin','2024-10-30 15:54:35',NULL,'',NULL,''),(23,2,2,68,'早午晚餐','categories/CsoXM2FSifmESGUAAAAAAKPUBSU165.png',4,20,'银行卡','accounts/CsoXM2FSifOEYsgnAAAAAMOEu9U801.png',1,'admin','若依',-4000,'2024-10-29 12:54:00',1,NULL,NULL,'','0',1,'admin','2024-10-30 15:54:49',NULL,'',NULL,''),(24,2,62,128,'投资收入','categories/CsoXNGFSifWEDvwbAAAAAJV-Grk334.png',16,32,'基金账户','accounts/CsoXNGFSif6EJt07AAAAAM57xB0040.png',1,'admin','若依',66600,'2024-10-25 14:54:00',0,NULL,NULL,'','0',1,'admin','2024-10-30 15:55:43',NULL,'',NULL,''),(25,2,62,128,'投资收入','categories/CsoXNGFSifWEDvwbAAAAAJV-Grk334.png',7,23,'支付宝余额','accounts/CsoXNGFSif6EOqv6AAAAAHWvReM677.png',1,'admin','若依',999900,'2024-10-30 15:56:03',0,NULL,NULL,'','0',1,'admin','2024-10-30 15:56:37',NULL,'',NULL,'基金收入'),(26,1,2,2,'早午晚餐','categories/CsoXM2FSifmESGUAAAAAAKPUBSU165.png',4,4,'银行卡','accounts/CsoXM2FSifOEYsgnAAAAAMOEu9U801.png',1,'admin','若依',-5,'2024-10-30 16:12:28',1,NULL,NULL,'','0',1,'admin','2024-10-30 16:13:51',NULL,'',NULL,''),(27,2,62,128,'投资收入','categories/CsoXNGFSifWEDvwbAAAAAJV-Grk334.png',16,32,'基金账户','accounts/CsoXNGFSif6EJt07AAAAAM57xB0040.png',1,'admin','若依',355500,'2024-10-30 16:17:29',0,NULL,NULL,'','0',1,'admin','2024-10-30 16:15:28',1,'admin','2024-10-30 16:17:38',''),(28,2,62,128,'投资收入','categories/CsoXNGFSifWEDvwbAAAAAJV-Grk334.png',16,32,'基金账户','accounts/CsoXNGFSif6EJt07AAAAAM57xB0040.png',1,'admin','若依',100000,'2024-10-30 16:16:53',0,NULL,NULL,'','0',1,'admin','2024-10-30 16:16:35',1,'admin','2024-10-30 16:16:57',''),(29,1,2,2,'早午晚餐','categories/CsoXM2FSifmESGUAAAAAAKPUBSU165.png',4,4,'银行卡','accounts/CsoXM2FSifOEYsgnAAAAAMOEu9U801.png',1,'admin','若依',-8933,'2024-10-30 16:29:42',1,NULL,NULL,'','0',1,'admin','2024-10-30 16:29:59',NULL,'',NULL,''),(30,1,2,2,'早午晚餐','categories/CsoXM2FSifmESGUAAAAAAKPUBSU165.png',4,4,'银行卡','accounts/CsoXM2FSifOEYsgnAAAAAMOEu9U801.png',1,'admin','若依',-4000,'2024-10-30 16:30:23',1,NULL,NULL,'','2',1,'admin','2024-10-30 16:30:40',NULL,'',NULL,''),(31,1,2,2,'早午晚餐','categories/CsoXM2FSifmESGUAAAAAAKPUBSU165.png',4,4,'银行卡','accounts/CsoXM2FSifOEYsgnAAAAAMOEu9U801.png',1,'admin','若依',-5100,'2024-10-30 17:43:45',1,NULL,NULL,'','0',1,'admin','2024-10-30 17:43:55',NULL,'',NULL,'');
/*!40000 ALTER TABLE `book_money` ENABLE KEYS */;
UNLOCK TABLES;

--
-- Table structure for table `book_user`
--

DROP TABLE IF EXISTS `book_user`;
/*!40101 SET @saved_cs_client     = @@character_set_client */;
/*!50503 SET character_set_client = utf8mb4 */;
CREATE TABLE `book_user` (
  `id` bigint NOT NULL AUTO_INCREMENT COMMENT '唯一标识',
  `book_id` bigint NOT NULL COMMENT '账本唯一标识',
  `user_id` bigint NOT NULL COMMENT '用户唯一标识',
  `user_name` varchar(255) CHARACTER SET utf8mb4 COLLATE utf8mb4_general_ci DEFAULT NULL COMMENT '用户账号',
  `nick_name` varchar(255) CHARACTER SET utf8mb4 COLLATE utf8mb4_general_ci DEFAULT NULL COMMENT '用户昵称',
  `avatar` varchar(255) CHARACTER SET utf8mb4 COLLATE utf8mb4_0900_ai_ci DEFAULT '' COMMENT '头像地址',
  `default_book` bigint DEFAULT NULL COMMENT '是否默认账本(0-否 1是）',
  `audit_status` varchar(255) CHARACTER SET utf8mb4 COLLATE utf8mb4_general_ci DEFAULT NULL COMMENT '0-无 1-同意 2-拒绝',
  `status` varchar(255) CHARACTER SET utf8mb4 COLLATE utf8mb4_general_ci DEFAULT NULL COMMENT '0-存在 1-禁用 2-删除',
  `auth` int NOT NULL COMMENT '是否管理员权限（0-成员 1-管理员 2-创建人）',
  `attr1` varchar(64) CHARACTER SET utf8mb4 COLLATE utf8mb4_lithuanian_ci DEFAULT NULL COMMENT '预留字段1',
  `attr2` varchar(255) CHARACTER SET utf8mb4 COLLATE utf8mb4_lithuanian_ci DEFAULT NULL COMMENT '预留字段2',
  `attr3` int DEFAULT '0' COMMENT '预留字段3',
  `attr4` int DEFAULT '0' COMMENT '预留字段4',
  `del_flag` char(1) CHARACTER SET utf8mb4 COLLATE utf8mb4_0900_ai_ci DEFAULT '0' COMMENT '删除标志（0代表存在 2代表删除）',
  `create_id` bigint DEFAULT NULL COMMENT '创建者ID',
  `create_by` varchar(64) CHARACTER SET utf8mb4 COLLATE utf8mb4_0900_ai_ci DEFAULT '' COMMENT '创建者',
  `create_time` datetime DEFAULT NULL COMMENT '创建时间',
  `update_id` bigint DEFAULT NULL COMMENT '更新者ID',
  `update_by` varchar(64) CHARACTER SET utf8mb4 COLLATE utf8mb4_0900_ai_ci DEFAULT '' COMMENT '更新者',
  `update_time` datetime DEFAULT NULL COMMENT '更新时间',
  `remark` varchar(500) CHARACTER SET utf8mb4 COLLATE utf8mb4_0900_ai_ci DEFAULT NULL COMMENT '备注',
  PRIMARY KEY (`id`) USING BTREE,
  KEY `idx_book_user_book_id` (`book_id`),
  KEY `idx_book_user_del_flag` (`del_flag`),
  KEY `idx_book_user_default_book` (`default_book`),
  KEY `idx_book_user_create_time` (`create_time`),
  KEY `idx_book_user_user_id` (`user_id`)
) ENGINE=InnoDB AUTO_INCREMENT=4 DEFAULT CHARSET=utf8mb4 COLLATE=utf8mb4_general_ci ROW_FORMAT=COMPACT COMMENT='账本用户表';
/*!40101 SET character_set_client = @saved_cs_client */;

--
-- Dumping data for table `book_user`
--

LOCK TABLES `book_user` WRITE;
/*!40000 ALTER TABLE `book_user` DISABLE KEYS */;
INSERT INTO `book_user` VALUES (1,1,1,'admin','若依','2024/10/29/17301884711900_20241029155439A024.png',1,'1','0',2,NULL,NULL,0,0,'0',1,'admin','2024-10-30 10:18:13',NULL,'',NULL,NULL),(2,1,105,'ry1','微信用户','2024/10/24/1729740074864_20241024112115A002.png',0,'1','0',0,NULL,NULL,0,0,'0',1,'admin','2024-10-30 10:45:58',NULL,'',NULL,NULL),(3,2,1,'admin','若依','2024/10/29/17301884711900_20241029155439A024.png',0,'1','0',2,NULL,NULL,0,0,'0',1,'admin','2024-10-30 15:53:19',NULL,'',NULL,NULL);
/*!40000 ALTER TABLE `book_user` ENABLE KEYS */;
UNLOCK TABLES;

--
-- Table structure for table `category_base`
--

DROP TABLE IF EXISTS `category_base`;
/*!40101 SET @saved_cs_client     = @@character_set_client */;
/*!50503 SET character_set_client = utf8mb4 */;
CREATE TABLE `category_base` (
  `category_base_id` bigint NOT NULL AUTO_INCREMENT COMMENT '基础分类唯一标识',
  `parent_id` bigint DEFAULT '0' COMMENT '父级节点唯一标识',
  `name` varchar(100) CHARACTER SET utf8mb3 COLLATE utf8mb3_general_ci DEFAULT NULL COMMENT '类型名称',
  `code` varchar(100) CHARACTER SET utf8mb3 COLLATE utf8mb3_general_ci DEFAULT NULL COMMENT '类型编码',
  `category_url` longtext CHARACTER SET utf8mb4 COLLATE utf8mb4_general_ci COMMENT '分类图标',
  `has_child` varchar(3) CHARACTER SET utf8mb3 COLLATE utf8mb3_general_ci DEFAULT NULL COMMENT '是否有子节点',
  `type` tinyint DEFAULT NULL COMMENT '0-收入 1-支出',
  `del_flag` char(1) CHARACTER SET utf8mb4 COLLATE utf8mb4_0900_ai_ci DEFAULT '0' COMMENT '删除标志（0代表存在 2代表删除）',
  `create_id` bigint DEFAULT NULL COMMENT '创建者ID',
  `create_by` varchar(64) CHARACTER SET utf8mb4 COLLATE utf8mb4_0900_ai_ci DEFAULT '' COMMENT '创建者',
  `create_time` datetime DEFAULT NULL COMMENT '创建时间',
  `update_id` bigint DEFAULT NULL COMMENT '更新者ID',
  `update_by` varchar(64) CHARACTER SET utf8mb4 COLLATE utf8mb4_0900_ai_ci DEFAULT '' COMMENT '更新者',
  `update_time` datetime DEFAULT NULL COMMENT '更新时间',
  `remark` varchar(500) CHARACTER SET utf8mb4 COLLATE utf8mb4_0900_ai_ci DEFAULT NULL COMMENT '备注',
  PRIMARY KEY (`category_base_id`) USING BTREE,
  UNIQUE KEY `index_scg_code` (`code`) USING BTREE,
  KEY `idx_category_base_del_flag` (`del_flag`),
  KEY `idx_category_base_create_time` (`create_time`)
) ENGINE=InnoDB AUTO_INCREMENT=133 DEFAULT CHARSET=utf8mb3 ROW_FORMAT=DYNAMIC COMMENT='分类基础表';
/*!40101 SET character_set_client = @saved_cs_client */;

--
-- Dumping data for table `category_base`
--

LOCK TABLES `category_base` WRITE;
/*!40000 ALTER TABLE `category_base` DISABLE KEYS */;
INSERT INTO `category_base` VALUES (1,0,'食品酒水','food_and_drink','categories/CsoXM2FoFJeES2ToAAAAAB970AY662.png','Y',1,'0',1,'admin','2024-08-02 09:06:28',NULL,NULL,NULL,NULL),(2,1,'早午晚餐','meals','categories/CsoXM2FSifmESGUAAAAAAKPUBSU165.png','N',1,'0',1,'admin','2024-08-01 09:06:28',NULL,NULL,NULL,NULL),(3,1,'烟酒茶','tobacco_alcohol_tea','categories/CsoXNGFoFJeELeOYAAAAAHxDLcI176.png','N',1,'0',1,'admin','2024-07-31 09:06:28',NULL,NULL,NULL,NULL),(4,1,'水果零食','fruits_snacks','categories/CsoXM2FSifOECGdJAAAAAM07owg297.png','N',1,'0',1,'admin','2024-07-30 09:06:28',NULL,NULL,NULL,NULL),(5,0,'行车交通','transportation','categories/CsoXNGFSifGEeHFLAAAAAOROxwU997.png','Y',1,'0',1,'admin','2024-07-29 09:06:28',NULL,NULL,NULL,NULL),(6,5,'公共交通','public_transport','categories/CsoXM2FSifuEE7iYAAAAAFNqqh4519.png','N',1,'0',1,'admin','2024-07-28 09:06:28',NULL,NULL,NULL,NULL),(7,5,'打车租车','taxi_rental','categories/CsoXNGFSifGEeHFLAAAAAOROxwU997.png','N',1,'0',1,'admin','2024-07-27 09:06:28',NULL,NULL,NULL,NULL),(8,5,'私家车费用','private_car_expenses','categories/CsoXNGFSifaEAR70AAAAAAAcWcs110.png','N',1,'0',1,'admin','2024-07-26 09:06:28',NULL,NULL,NULL,NULL),(9,0,'居家物业','home_property','categories/CsoXNGFSifCEIsVQAAAAAKDgr1s958.png','Y',1,'0',1,'admin','2024-07-25 09:06:28',NULL,NULL,NULL,NULL),(10,9,'日常用品','daily_necessities','categories/CsoXM2FSifWEdoA4AAAAAGLSDdo781.png','N',1,'0',1,'admin','2024-07-24 09:06:28',NULL,NULL,NULL,NULL),(11,9,'水电煤气','utilities','categories/CsoXM2FSifqEINaAAAAAADYhKJ4480.png','N',1,'0',1,'admin','2024-07-23 09:06:28',NULL,NULL,NULL,NULL),(12,9,'房租','rent','categories/CsoXNGFSifCEIsVQAAAAAKDgr1s958.png','N',1,'0',1,'admin','2024-07-22 09:06:28',NULL,NULL,NULL,NULL),(13,9,'物业管理','property_management','categories/CsoXM2FoFJiEYymrAAAAAJ4yTPA444.png','N',1,'0',1,'admin','2024-07-21 09:06:28',NULL,NULL,NULL,NULL),(14,9,'维修保养','maintenance','categories/CsoXNGFSifeEC88iAAAAAJxtYzY035.png','N',1,'0',1,'admin','2024-07-20 09:06:28',NULL,NULL,NULL,NULL),(15,0,'交流通讯','communication','categories/CsoXM2FSifqERxxkAAAAAAh1la8682.png','Y',1,'0',1,'admin','2024-07-19 09:06:28',NULL,NULL,NULL,NULL),(16,15,'座机费','landline_fee','categories/CsoXNGFSifmEb0o2AAAAAKoTf9Y407.png','N',1,'0',1,'admin','2024-07-18 09:06:28',NULL,NULL,NULL,NULL),(17,15,'手机费','mobile_fee','categories/CsoXNGFSifaEX5yfAAAAAO4FA6o754.png','N',1,'0',1,'admin','2024-07-17 09:06:28',NULL,NULL,NULL,NULL),(18,15,'上网费','internet_fee','categories/CsoXM2FSifWET7xNAAAAAG42Vjo876.png','N',1,'0',1,'admin','2024-07-16 09:06:28',NULL,NULL,NULL,NULL),(19,15,'邮寄费','mailing_fee','categories/CsoXM2FSifmEZtPkAAAAAHJa0b4427.png','N',1,'0',1,'admin','2024-07-15 09:06:28',NULL,NULL,NULL,NULL),(20,0,'衣服饰品','clothing_accessories','categories/CsoXM2FoFJiESCYnAAAAABrqEOw036.png','Y',1,'0',1,'admin','2024-07-14 09:06:28',NULL,NULL,NULL,NULL),(21,20,'衣服裤子','clothes_pants','categories/CsoXNGFSifqEVNJaAAAAABdleqI435.png','N',1,'0',1,'admin','2024-07-13 09:06:28',NULL,NULL,NULL,NULL),(22,20,'鞋帽包包','shoes_hats_bags','categories/CsoXNGFSifeETgh4AAAAAJ7g8mQ980.png','N',1,'0',1,'admin','2024-07-12 09:06:28',NULL,NULL,NULL,NULL),(23,20,'化妆饰品','cosmetics_accessories','categories/CsoXNGFSifGEQZKLAAAAAI-vYds474.png','N',1,'0',1,'admin','2024-07-11 09:06:28',NULL,NULL,NULL,NULL),(24,0,'休闲娱乐','leisure_entertainment','categories/CsoXNGFoFJiEcoc1AAAAAFBSNBo897.png','Y',1,'0',1,'admin','2024-07-10 09:06:28',NULL,NULL,NULL,NULL),(25,24,'运动健身','sports_fitness','categories/CsoXNGFSifqEOIzBAAAAAMPsFdc133.png','N',1,'0',1,'admin','2024-07-09 09:06:28',NULL,NULL,NULL,NULL),(26,24,'交际聚会','social_gathering','categories/CsoXM2FoFJeESjseAAAAANtx6Ok909.png','N',1,'0',1,'admin','2024-07-08 09:06:28',NULL,NULL,NULL,NULL),(27,24,'休闲玩乐','leisure_fun','categories/CsoXM2FSifiEJdmcAAAAAGRGnFw870.png','N',1,'0',1,'admin','2024-07-07 09:06:28',NULL,NULL,NULL,NULL),(28,24,'宠物宝贝','pet_baby','categories/CsoXNGFSie-EddSkAAAAAG55zfc511.png','N',1,'0',1,'admin','2024-07-06 09:06:28',NULL,NULL,NULL,NULL),(29,24,'旅游度假','travel_vacation','categories/CsoXNGFSie-EE3BMAAAAALMvnQ0440.png','N',1,'0',1,'admin','2024-07-05 09:06:28',NULL,NULL,NULL,NULL),(30,0,'医疗保健','medical_health','categories/CsoXNGFoFJeEbWZ4AAAAADe_K-4222.png','Y',1,'0',1,'admin','2024-07-04 09:06:28',NULL,NULL,NULL,NULL),(31,30,'药品费','medicine_cost','categories/CsoXM2FSifiELiiqAAAAAN_RoDo851.png','N',1,'0',1,'admin','2024-07-03 09:06:28',NULL,NULL,NULL,NULL),(32,30,'保健费','health_cost','categories/CsoXNGFoFJeEbWZ4AAAAADe_K-4222.png','N',1,'0',1,'admin','2024-07-02 09:06:28',NULL,NULL,NULL,NULL),(33,30,'美容费','beauty_cost','categories/CsoXNGFSifOERjHUAAAAAOScuzo788.png','N',1,'0',1,'admin','2024-07-01 09:06:28',NULL,NULL,NULL,NULL),(34,30,'治疗费','treatment_cost','categories/CsoXM2FSifmEeZieAAAAAIiuFXw832.png','N',1,'0',1,'admin','2024-06-30 09:06:28',NULL,NULL,NULL,NULL),(35,0,'学习进修','learning_improvement','categories/CsoXNGFSifiEMgxEAAAAAKG2aJM255.png','Y',1,'0',1,'admin','2024-06-29 09:06:28',NULL,NULL,NULL,NULL),(36,35,'数码装备','digital_equipment','categories/CsoXM2FSifaEfsPFAAAAAMpjEYk070.png','N',1,'0',1,'admin','2024-06-28 09:06:28',NULL,NULL,NULL,NULL),(37,35,'书报杂志','books_magazines','categories/CsoXM2FSifaEH1LZAAAAAPWNf7A489.png','N',1,'0',1,'admin','2024-06-27 09:06:28',NULL,NULL,NULL,NULL),(38,35,'培训进修','training_improvement','categories/CsoXNGFSifiEMgxEAAAAAKG2aJM255.png','N',1,'0',1,'admin','2024-06-26 09:06:28',NULL,NULL,NULL,NULL),(39,0,'人情往来','personal_relations','categories/CsoXM2FSifSETVeYAAAAAOCAEIA615.png','Y',1,'0',1,'admin','2024-06-25 09:06:28',NULL,NULL,NULL,NULL),(40,39,'送礼请客','gift_banquet','categories/CsoXNGFoFJeELeOYAAAAAHxDLcI176.png','N',1,'0',1,'admin','2024-06-24 09:06:28',NULL,NULL,NULL,NULL),(41,39,'还人钱物','still_money','categories/CsoXM2FSif6EAzKxAAAAALnMcJw367.png','N',1,'0',1,'admin','2024-06-23 09:06:28',NULL,NULL,NULL,NULL),(42,39,'慈善捐助','charitable_donation','categories/CsoXM2GIkkmEHWC_AAAAAOG66JQ119.png','N',1,'0',1,'admin','2024-06-22 09:06:28',NULL,NULL,NULL,NULL),(43,39,'孝敬长辈','honor_elders','categories/CsoXM2FoFJiEbRPIAAAAADULhSQ647.png','N',1,'0',1,'admin','2024-06-21 09:06:28',NULL,NULL,NULL,NULL),(44,0,'金融保险','financial_insurance','categories/CsoXNGFSifKEPG3YAAAAAOeh73Y489.png','Y',1,'0',1,'admin','2024-06-20 09:06:28',NULL,NULL,NULL,NULL),(45,44,'银行手续','bank_procedures','categories/CsoXNGFSifiEf4DsAAAAAFNJOA0165.png','N',1,'0',1,'admin','2024-06-19 09:06:28',NULL,NULL,NULL,NULL),(46,44,'投资亏损','investment_loss','categories/CsoXM2FSifOEDUHuAAAAAMa2pzA837.png','N',1,'0',1,'admin','2024-06-18 09:06:28',NULL,NULL,NULL,NULL),(47,44,'按揭还款','mortgage_repayment','categories/CsoXNGFoFJeEBgVfAAAAANfPaGc243.png','N',1,'0',1,'admin','2024-06-17 09:06:28',NULL,NULL,NULL,NULL),(48,44,'消费税收','consumption_tax','categories/CsoXM2FoFJiEWlRMAAAAAJBaS04759.png','N',1,'0',1,'admin','2024-06-16 09:06:28',NULL,NULL,NULL,NULL),(49,44,'利息支出','interest_expense','categories/CsoXNGFSifSEevn_AAAAAJRHc40663.png','N',1,'0',1,'admin','2024-06-15 09:06:28',NULL,NULL,NULL,NULL),(50,44,'赔偿罚款','compensation_fines','categories/CsoXM2FSifSELwFWAAAAAE_lluc382.png','N',1,'0',1,'admin','2024-06-14 09:06:28',NULL,NULL,NULL,NULL),(51,0,'其他杂项','miscellaneous','categories/CsoXM2FSifSEMdYJAAAAAObkglE751.png','Y',1,'0',1,'admin','2024-06-13 09:06:28',NULL,NULL,NULL,NULL),(52,51,'其他支出','other_expenses','categories/CsoXNGFSifSEevn_AAAAAJRHc40663.png','N',1,'0',1,'admin','2024-06-12 09:06:28',NULL,NULL,NULL,NULL),(53,51,'意外丢失','accidental_loss','categories/CsoXNGFoFJiES9mrAAAAAC_qLmA638.png','N',1,'0',1,'admin','2024-06-11 09:06:28',NULL,NULL,NULL,NULL),(54,51,'烂账损失','bad_debt_loss','categories/CsoXNGFSifOEL7JPAAAAADuJkj8032.png','N',1,'0',1,'admin','2024-06-10 09:06:28',NULL,NULL,NULL,NULL),(55,0,'职业收入','professional_income','categories/CsoXNGFSifmEdmSQAAAAAC8_h1I655.png','Y',0,'0',1,'admin','2024-06-09 09:06:28',NULL,NULL,NULL,NULL),(56,55,'工资收入','salary_income','categories/CsoXM2FSifGEYaIDAAAAAFSbnhU781.png','N',0,'0',1,'admin','2024-06-08 09:06:28',NULL,NULL,NULL,NULL),(57,55,'加班收入','overtime_income','categories/CsoXNGFSifKEDix_AAAAAKeNiQ0339.png','N',0,'0',1,'admin','2024-06-07 09:06:28',NULL,NULL,NULL,NULL),(58,55,'奖金收入','bonus_income','categories/CsoXM2FSifKEKZ9_AAAAAP_tD0I247.png','N',0,'0',1,'admin','2024-06-06 09:06:28',NULL,NULL,NULL,NULL),(59,55,'兼职收入','part_time_income','categories/CsoXNGFSifKEBYmKAAAAAKyBN6o840.png','N',0,'0',1,'admin','2024-06-05 09:06:28',NULL,NULL,NULL,NULL),(60,55,'经营所得','business_income','categories/CsoXM2FSifKEGlgUAAAAAAJPXBs872.png','N',0,'0',1,'admin','2024-06-04 09:06:28',NULL,NULL,NULL,NULL),(61,0,'其他收入','other_income','categories/CsoXM2FSifSEbBe0AAAAAJYAq10443.png','Y',0,'0',1,'admin','2024-06-03 09:06:28',NULL,NULL,NULL,NULL),(62,61,'投资收入','investment_income','categories/CsoXNGFSifWEDvwbAAAAAJV-Grk334.png','N',0,'0',1,'admin','2024-06-02 09:06:28',NULL,NULL,NULL,NULL),(63,61,'利息收入','interest_income','categories/CsoXNGFSifOENljsAAAAAOfa1No125.png','N',0,'0',1,'admin','2024-06-01 09:06:28',NULL,NULL,NULL,NULL),(64,61,'礼金收入','gift_income','categories/CsoXM2FSifOEGps9AAAAAOuhy7Q818.png','N',0,'0',1,'admin','2024-05-31 09:06:28',NULL,NULL,NULL,NULL),(65,61,'中奖收入','prize_income','categories/CsoXNGFSifmEAT8zAAAAANjygdU605.png','N',0,'0',1,'admin','2024-05-30 09:06:28',NULL,NULL,NULL,NULL),(66,61,'意外来钱','unexpected_money','categories/CsoXNGFSifiEfCk-AAAAANf2OA0307.png','N',0,'0',1,'admin','2024-05-29 09:06:28',NULL,NULL,NULL,NULL);
/*!40000 ALTER TABLE `category_base` ENABLE KEYS */;
UNLOCK TABLES;

--
-- Table structure for table `category_icon`
--

DROP TABLE IF EXISTS `category_icon`;
/*!40101 SET @saved_cs_client     = @@character_set_client */;
/*!50503 SET character_set_client = utf8mb4 */;
CREATE TABLE `category_icon` (
  `id` bigint NOT NULL AUTO_INCREMENT COMMENT '基础分类唯一标识',
  `group_name` varchar(100) CHARACTER SET utf8mb3 COLLATE utf8mb3_general_ci DEFAULT NULL COMMENT '组名',
  `name` varchar(100) CHARACTER SET utf8mb3 COLLATE utf8mb3_general_ci DEFAULT NULL COMMENT '类型名称',
  `code` varchar(100) CHARACTER SET utf8mb3 COLLATE utf8mb3_general_ci DEFAULT NULL COMMENT '类型编码',
  `category_url` longtext CHARACTER SET utf8mb4 COLLATE utf8mb4_general_ci COMMENT '分类图标',
  `type` tinyint DEFAULT NULL COMMENT '0-收入 1-支出',
  `del_flag` char(1) CHARACTER SET utf8mb4 COLLATE utf8mb4_0900_ai_ci DEFAULT '0' COMMENT '删除标志（0代表存在 2代表删除）',
  `create_id` bigint DEFAULT NULL COMMENT '创建者ID',
  `create_by` varchar(64) CHARACTER SET utf8mb4 COLLATE utf8mb4_0900_ai_ci DEFAULT '' COMMENT '创建者',
  `create_time` datetime DEFAULT NULL COMMENT '创建时间',
  `update_id` bigint DEFAULT NULL COMMENT '更新者ID',
  `update_by` varchar(64) CHARACTER SET utf8mb4 COLLATE utf8mb4_0900_ai_ci DEFAULT '' COMMENT '更新者',
  `update_time` datetime DEFAULT NULL COMMENT '更新时间',
  `remark` varchar(500) CHARACTER SET utf8mb4 COLLATE utf8mb4_0900_ai_ci DEFAULT NULL COMMENT '备注',
  PRIMARY KEY (`id`) USING BTREE
) ENGINE=InnoDB AUTO_INCREMENT=213 DEFAULT CHARSET=utf8mb3 ROW_FORMAT=DYNAMIC COMMENT='分类图标表';
/*!40101 SET character_set_client = @saved_cs_client */;

--
-- Dumping data for table `category_icon`
--

LOCK TABLES `category_icon` WRITE;
/*!40000 ALTER TABLE `category_icon` DISABLE KEYS */;
INSERT INTO `category_icon` VALUES (1,NULL,NULL,NULL,'custom/CsoXNGY93YOEcra1AAAAAPoqKZs632.png',NULL,'0',1,'admin','2024-08-02 09:06:28',NULL,NULL,NULL,NULL),(2,NULL,NULL,NULL,'custom/CsoXNGAFbFiELu3CAAAAAGXrZKo018.png',NULL,'0',1,'admin','2024-08-01 09:06:28',NULL,NULL,NULL,NULL),(3,NULL,NULL,NULL,'custom/CsoXNGAFbFSECY-aAAAAAM0OoQA512.png',NULL,'0',1,'admin','2024-07-31 09:06:28',NULL,NULL,NULL,NULL),(4,NULL,NULL,NULL,'custom/CsoXNGAFbFiEWEduAAAAALW1OIc350.png',NULL,'0',1,'admin','2024-07-30 09:06:28',NULL,NULL,NULL,NULL),(5,NULL,NULL,NULL,'custom/CsoXM2AFbFeEGuAHAAAAAMJKksI542.png',NULL,'0',1,'admin','2024-07-29 09:06:28',NULL,NULL,NULL,NULL),(6,NULL,NULL,NULL,'custom/CsoXM2AFbFiETUBbAAAAADeRZw0885.png',NULL,'0',1,'admin','2024-07-28 09:06:28',NULL,NULL,NULL,NULL),(7,NULL,NULL,NULL,'custom/CsoXM2AFbFqEGuyxAAAAAMohMiM829.png',NULL,'0',1,'admin','2024-07-27 09:06:28',NULL,NULL,NULL,NULL),(8,NULL,NULL,NULL,'custom/CsoXNGAFbFmEQpyLAAAAAJwG9Jk822.png',NULL,'0',1,'admin','2024-07-26 09:06:28',NULL,NULL,NULL,NULL),(9,NULL,NULL,NULL,'custom/CsoXM2AFbFeEJPAtAAAAACXj4Hg902.png',NULL,'0',1,'admin','2024-07-25 09:06:28',NULL,NULL,NULL,NULL),(10,NULL,NULL,NULL,'custom/CsoXNGAFbFSEdvJNAAAAAAKMZUM083.png',NULL,'0',1,'admin','2024-07-24 09:06:28',NULL,NULL,NULL,NULL),(11,NULL,NULL,NULL,'custom/CsoXM2AFbFiEQKXNAAAAAGB2p1U559.png',NULL,'0',1,'admin','2024-07-23 09:06:28',NULL,NULL,NULL,NULL),(12,NULL,NULL,NULL,'custom/CsoXM2AFbFaEbEraAAAAAI9F_g4576.png',NULL,'0',1,'admin','2024-07-22 09:06:28',NULL,NULL,NULL,NULL),(13,NULL,NULL,NULL,'custom/CsoXNGAFbFKEMiNTAAAAAFikKWs049.png',NULL,'0',1,'admin','2024-07-21 09:06:28',NULL,NULL,NULL,NULL),(14,NULL,NULL,NULL,'custom/CsoXM2AFbFmEat25AAAAAPNrLbM317.png',NULL,'0',1,'admin','2024-07-20 09:06:28',NULL,NULL,NULL,NULL),(15,NULL,NULL,NULL,'custom/CsoXNGAFbFWEVMDVAAAAANSd-2Y574.png',NULL,'0',1,'admin','2024-07-19 09:06:28',NULL,NULL,NULL,NULL),(16,NULL,NULL,NULL,'custom/CsoXNGAFbFiEUdv2AAAAAEIJxbY242.png',NULL,'0',1,'admin','2024-07-18 09:06:28',NULL,NULL,NULL,NULL),(17,NULL,NULL,NULL,'custom/CsoXM2AFbFeEVMURAAAAAEbjlMY019.png',NULL,'0',1,'admin','2024-07-17 09:06:28',NULL,NULL,NULL,NULL),(18,NULL,NULL,NULL,'custom/CsoXNGAFbFmEf6GPAAAAAFAcbNo847.png',NULL,'0',1,'admin','2024-07-16 09:06:28',NULL,NULL,NULL,NULL),(19,NULL,NULL,NULL,'custom/CsoXM2AFbFaEL8v5AAAAAMtyVHQ212.png',NULL,'0',1,'admin','2024-07-15 09:06:28',NULL,NULL,NULL,NULL),(20,NULL,NULL,NULL,'custom/CsoXM2AFbFWEW0mUAAAAAF3q_xw098.png',NULL,'0',1,'admin','2024-07-14 09:06:28',NULL,NULL,NULL,NULL),(21,NULL,NULL,NULL,'custom/CsoXNGAFbFaEVV4YAAAAAJIR3Kg584.png',NULL,'0',1,'admin','2024-07-13 09:06:28',NULL,NULL,NULL,NULL),(22,NULL,NULL,NULL,'custom/CsoXNGAFbFeEYSC_AAAAAPaW3kQ126.png',NULL,'0',1,'admin','2024-07-12 09:06:28',NULL,NULL,NULL,NULL),(23,NULL,NULL,NULL,'custom/CsoXNGAFbFeENkVtAAAAAD-jN4A000.png',NULL,'0',1,'admin','2024-07-11 09:06:28',NULL,NULL,NULL,NULL),(24,NULL,NULL,NULL,'custom/CsoXM2AFbFaEAMoYAAAAAKJ8S5U777.png',NULL,'0',1,'admin','2024-07-10 09:06:28',NULL,NULL,NULL,NULL),(25,NULL,NULL,NULL,'custom/CsoXM2AFbFqEC3XzAAAAABDw9Nw825.png',NULL,'0',1,'admin','2024-07-09 09:06:28',NULL,NULL,NULL,NULL),(26,NULL,NULL,NULL,'custom/CsoXM2AFbFeERtf5AAAAAN_jo3M463.png',NULL,'0',1,'admin','2024-07-08 09:06:28',NULL,NULL,NULL,NULL),(27,NULL,NULL,NULL,'custom/CsoXM2AFbFmENYN7AAAAACOaYIQ812.png',NULL,'0',1,'admin','2024-07-07 09:06:28',NULL,NULL,NULL,NULL),(28,NULL,NULL,NULL,'custom/CsoXNGAFbFWEIBozAAAAAGG3qkw376.png',NULL,'0',1,'admin','2024-07-06 09:06:28',NULL,NULL,NULL,NULL),(29,NULL,NULL,NULL,'custom/CsoXM2AFbFqEWXAkAAAAAHe3X70769.png',NULL,'0',1,'admin','2024-07-05 09:06:28',NULL,NULL,NULL,NULL),(30,NULL,NULL,NULL,'custom/CsoXM2AFbFqEFOyXAAAAAFlKm6A584.png',NULL,'0',1,'admin','2024-07-04 09:06:28',NULL,NULL,NULL,NULL),(31,NULL,NULL,NULL,'custom/CsoXNGAFbFWEC7hUAAAAAFe6tpI183.png',NULL,'0',1,'admin','2024-07-03 09:06:28',NULL,NULL,NULL,NULL),(32,NULL,NULL,NULL,'custom/CsoXNGAFbFWEckIFAAAAACloMfA139.png',NULL,'0',1,'admin','2024-07-02 09:06:28',NULL,NULL,NULL,NULL),(33,NULL,NULL,NULL,'custom/CsoXM2AFbFOEQ114AAAAAJLvwtI339.png',NULL,'0',1,'admin','2024-07-01 09:06:28',NULL,NULL,NULL,NULL),(34,NULL,NULL,NULL,'custom/CsoXNGAFbFeEftUNAAAAAJpB-mE476.png',NULL,'0',1,'admin','2024-06-30 09:06:28',NULL,NULL,NULL,NULL),(35,NULL,NULL,NULL,'custom/CsoXNGAFbFSEKgqmAAAAACKDgKg209.png',NULL,'0',1,'admin','2024-06-29 09:06:28',NULL,NULL,NULL,NULL),(36,NULL,NULL,NULL,'custom/CsoXM2AFbFSEPeZbAAAAADUjz-Y100.png',NULL,'0',1,'admin','2024-06-28 09:06:28',NULL,NULL,NULL,NULL),(37,NULL,NULL,NULL,'custom/CsoXNGAFbFaEK1HhAAAAAFR2tBE052.png',NULL,'0',1,'admin','2024-06-27 09:06:28',NULL,NULL,NULL,NULL),(38,NULL,NULL,NULL,'custom/CsoXM2AFbFaECPMUAAAAAGqGEr8833.png',NULL,'0',1,'admin','2024-06-26 09:06:28',NULL,NULL,NULL,NULL),(39,NULL,NULL,NULL,'custom/CsoXM2AFbFKEb0pvAAAAAIleWqw613.png',NULL,'0',1,'admin','2024-06-25 09:06:28',NULL,NULL,NULL,NULL),(40,NULL,NULL,NULL,'custom/CsoXM2AFbFqENNGVAAAAAL38S4E776.png',NULL,'0',1,'admin','2024-06-24 09:06:28',NULL,NULL,NULL,NULL),(41,NULL,NULL,NULL,'custom/CsoXM2AFbFSEHd5MAAAAAJ02leI489.png',NULL,'0',1,'admin','2024-06-23 09:06:28',NULL,NULL,NULL,NULL),(42,NULL,NULL,NULL,'custom/CsoXM2AFbFaEKVeXAAAAAEghEwE314.png',NULL,'0',1,'admin','2024-06-22 09:06:28',NULL,NULL,NULL,NULL),(43,NULL,NULL,NULL,'custom/CsoXM2AFbFmERQsKAAAAAJnadz4317.png',NULL,'0',1,'admin','2024-06-21 09:06:28',NULL,NULL,NULL,NULL),(44,NULL,NULL,NULL,'custom/CsoXM2AFbFiETnVHAAAAADScp5Y220.png',NULL,'0',1,'admin','2024-06-20 09:06:28',NULL,NULL,NULL,NULL),(45,NULL,NULL,NULL,'custom/CsoXM2AFbFeEaDDgAAAAAGKQUzw700.png',NULL,'0',1,'admin','2024-06-19 09:06:28',NULL,NULL,NULL,NULL),(46,NULL,NULL,NULL,'custom/CsoXNGAFbFWEEbTbAAAAAM_1fvw005.png',NULL,'0',1,'admin','2024-06-18 09:06:28',NULL,NULL,NULL,NULL),(47,NULL,NULL,NULL,'custom/CsoXM2AFbFeEPxKCAAAAAO8wOPA378.png',NULL,'0',1,'admin','2024-06-17 09:06:28',NULL,NULL,NULL,NULL),(48,NULL,NULL,NULL,'custom/CsoXM2AFbFuEZNM-AAAAAPLwkyA097.png',NULL,'0',1,'admin','2024-06-16 09:06:28',NULL,NULL,NULL,NULL),(49,NULL,NULL,NULL,'custom/CsoXM2AFbFSEJoEpAAAAAJCFPhE513.png',NULL,'0',1,'admin','2024-06-15 09:06:28',NULL,NULL,NULL,NULL),(50,NULL,NULL,NULL,'custom/CsoXM2AFbFOEDjVVAAAAAP4jELI355.png',NULL,'0',1,'admin','2024-06-14 09:06:28',NULL,NULL,NULL,NULL),(51,NULL,NULL,NULL,'custom/CsoXM2AFbFOEW4keAAAAAJVF2X4175.png',NULL,'0',1,'admin','2024-06-13 09:06:28',NULL,NULL,NULL,NULL),(52,NULL,NULL,NULL,'custom/CsoXM2AFbFWEMeN_AAAAAKsrzx4450.png',NULL,'0',1,'admin','2024-06-12 09:06:28',NULL,NULL,NULL,NULL),(53,NULL,NULL,NULL,'custom/CsoXM2AFbFSEFi8BAAAAAIQT5cA453.png',NULL,'0',1,'admin','2024-06-11 09:06:28',NULL,NULL,NULL,NULL),(54,NULL,NULL,NULL,'custom/CsoXM2AFbFOEdVWeAAAAALbV0mk240.png',NULL,'0',1,'admin','2024-06-10 09:06:28',NULL,NULL,NULL,NULL),(55,NULL,NULL,NULL,'custom/CsoXNGAFbFmEBzVNAAAAAPwhfV4365.png',NULL,'0',1,'admin','2024-06-09 09:06:28',NULL,NULL,NULL,NULL),(56,NULL,NULL,NULL,'custom/CsoXM2AFbFSEO0asAAAAAGiBZAQ644.png',NULL,'0',1,'admin','2024-06-08 09:06:28',NULL,NULL,NULL,NULL),(57,NULL,NULL,NULL,'custom/CsoXNGAFbFKENkt3AAAAAGut4Zs155.png',NULL,'0',1,'admin','2024-06-07 09:06:28',NULL,NULL,NULL,NULL),(58,NULL,NULL,NULL,'custom/CsoXNGAFbFaEX7FGAAAAAKdYYGs831.png',NULL,'0',1,'admin','2024-06-06 09:06:28',NULL,NULL,NULL,NULL),(59,NULL,NULL,NULL,'custom/CsoXNGAFbFuEU-l5AAAAADZBugM684.png',NULL,'0',1,'admin','2024-06-05 09:06:28',NULL,NULL,NULL,NULL),(60,NULL,NULL,NULL,'custom/CsoXNGAFbFqEB4GPAAAAAEsNKUE670.png',NULL,'0',1,'admin','2024-06-04 09:06:28',NULL,NULL,NULL,NULL),(61,NULL,NULL,NULL,'custom/CsoXM2AFbFaEWYLEAAAAADseQgQ782.png',NULL,'0',1,'admin','2024-06-03 09:06:28',NULL,NULL,NULL,NULL),(62,NULL,NULL,NULL,'custom/CsoXNGAFbFmERmtlAAAAALaXY9E511.png',NULL,'0',1,'admin','2024-06-02 09:06:28',NULL,NULL,NULL,NULL),(63,NULL,NULL,NULL,'custom/CsoXM2AFbFqECX0qAAAAAMTPuWA359.png',NULL,'0',1,'admin','2024-06-01 09:06:28',NULL,NULL,NULL,NULL),(64,NULL,NULL,NULL,'custom/CsoXNGAFbFuEK9RAAAAAAOb0Q2w192.png',NULL,'0',1,'admin','2024-05-31 09:06:28',NULL,NULL,NULL,NULL),(65,NULL,NULL,NULL,'custom/CsoXNGAFbFqEEnFxAAAAAL9VP84589.png',NULL,'0',1,'admin','2024-05-30 09:06:28',NULL,NULL,NULL,NULL),(66,NULL,NULL,NULL,'custom/CsoXNGAFbFOEIN_5AAAAAHobc3E495.png',NULL,'0',1,'admin','2024-05-29 09:06:28',NULL,NULL,NULL,NULL),(67,NULL,NULL,NULL,'custom/CsoXNGAFbFiEYJskAAAAAI4AmEo672.png',NULL,'0',1,'admin','2024-08-02 09:06:28',NULL,NULL,NULL,NULL),(68,NULL,NULL,NULL,'custom/CsoXM2AFbFOEBlSfAAAAAM5Ecpo621.png',NULL,'0',1,'admin','2024-08-01 09:06:28',NULL,NULL,NULL,NULL),(69,NULL,NULL,NULL,'custom/CsoXM2AFbFSEaCfvAAAAAFmgDS0338.png',NULL,'0',1,'admin','2024-07-31 09:06:28',NULL,NULL,NULL,NULL),(70,NULL,NULL,NULL,'custom/CsoXM2AFbFWESMCzAAAAAEZLDV8250.png',NULL,'0',1,'admin','2024-07-30 09:06:28',NULL,NULL,NULL,NULL),(71,NULL,NULL,NULL,'custom/CsoXNGAFbFuEL0fwAAAAAFxekvo313.png',NULL,'0',1,'admin','2024-07-29 09:06:28',NULL,NULL,NULL,NULL),(72,NULL,NULL,NULL,'custom/CsoXM2AFbFSEf-uqAAAAAO-6daA252.png',NULL,'0',1,'admin','2024-07-28 09:06:28',NULL,NULL,NULL,NULL),(73,NULL,NULL,NULL,'custom/CsoXNGAFbFeEEHtVAAAAANDmuZU784.png',NULL,'0',1,'admin','2024-07-27 09:06:28',NULL,NULL,NULL,NULL),(74,NULL,NULL,NULL,'custom/CsoXNGAFbFaESjFjAAAAAK1rlrM397.png',NULL,'0',1,'admin','2024-07-26 09:06:28',NULL,NULL,NULL,NULL),(75,NULL,NULL,NULL,'custom/CsoXNGAFbFOEYMCJAAAAAOB-Nco161.png',NULL,'0',1,'admin','2024-07-25 09:06:28',NULL,NULL,NULL,NULL),(76,NULL,NULL,NULL,'custom/CsoXM2AFbFOEEATMAAAAADyo0cM533.png',NULL,'0',1,'admin','2024-07-24 09:06:28',NULL,NULL,NULL,NULL),(77,NULL,NULL,NULL,'custom/CsoXM2AFbFqEUpsvAAAAAA47kr0122.png',NULL,'0',1,'admin','2024-07-23 09:06:28',NULL,NULL,NULL,NULL),(78,NULL,NULL,NULL,'custom/CsoXM2AFbFWEPfQzAAAAAF5Q52w960.png',NULL,'0',1,'admin','2024-07-22 09:06:28',NULL,NULL,NULL,NULL),(79,NULL,NULL,NULL,'custom/CsoXM2AFbFWEOCKLAAAAAImdTjc662.png',NULL,'0',1,'admin','2024-07-21 09:06:28',NULL,NULL,NULL,NULL),(80,NULL,NULL,NULL,'custom/CsoXNGAFbFqEPyLdAAAAAGDtF7E047.png',NULL,'0',1,'admin','2024-07-20 09:06:28',NULL,NULL,NULL,NULL),(81,NULL,NULL,NULL,'custom/CsoXNGAFbFSEX6M1AAAAALzMu4I845.png',NULL,'0',1,'admin','2024-07-19 09:06:28',NULL,NULL,NULL,NULL),(82,NULL,NULL,NULL,'custom/CsoXNGAFbFeEfRx-AAAAAI_EIGM064.png',NULL,'0',1,'admin','2024-07-18 09:06:28',NULL,NULL,NULL,NULL),(83,NULL,NULL,NULL,'custom/CsoXM2AFbFiENhc6AAAAADqQksA217.png',NULL,'0',1,'admin','2024-07-17 09:06:28',NULL,NULL,NULL,NULL),(84,NULL,NULL,NULL,'custom/CsoXNGAFbFaEWoxGAAAAAPSq2Ws641.png',NULL,'0',1,'admin','2024-07-16 09:06:28',NULL,NULL,NULL,NULL),(85,NULL,NULL,NULL,'custom/CsoXM2AFbFKEak_DAAAAANiVvPw708.png',NULL,'0',1,'admin','2024-07-15 09:06:28',NULL,NULL,NULL,NULL),(86,NULL,NULL,NULL,'custom/CsoXM2AFbFmEOrrrAAAAADuQ9mk975.png',NULL,'0',1,'admin','2024-07-14 09:06:28',NULL,NULL,NULL,NULL),(87,NULL,NULL,NULL,'custom/CsoXM2AFbFqESPr_AAAAADL9xpw674.png',NULL,'0',1,'admin','2024-07-13 09:06:28',NULL,NULL,NULL,NULL),(88,NULL,NULL,NULL,'custom/CsoXNGAFbFSESq3cAAAAANHM1dM033.png',NULL,'0',1,'admin','2024-07-12 09:06:28',NULL,NULL,NULL,NULL),(89,NULL,NULL,NULL,'custom/CsoXNGAFbFqECjTGAAAAAByuujQ352.png',NULL,'0',1,'admin','2024-07-11 09:06:28',NULL,NULL,NULL,NULL),(90,NULL,NULL,NULL,'custom/CsoXM2AFbFKEFfngAAAAAMZ3hbM441.png',NULL,'0',1,'admin','2024-07-10 09:06:28',NULL,NULL,NULL,NULL),(91,NULL,NULL,NULL,'custom/CsoXNGAFbFOEYKV4AAAAADjn52M514.png',NULL,'0',1,'admin','2024-07-09 09:06:28',NULL,NULL,NULL,NULL),(92,NULL,NULL,NULL,'custom/CsoXNGAFbFWERWiDAAAAAEIDXVc842.png',NULL,'0',1,'admin','2024-07-08 09:06:28',NULL,NULL,NULL,NULL),(93,NULL,NULL,NULL,'custom/CsoXNGAFbFuEcbOvAAAAADm3yqA888.png',NULL,'0',1,'admin','2024-07-07 09:06:28',NULL,NULL,NULL,NULL),(94,NULL,NULL,NULL,'custom/CsoXNGAFbFmEUEm6AAAAAI4Iyv8391.png',NULL,'0',1,'admin','2024-07-06 09:06:28',NULL,NULL,NULL,NULL),(95,NULL,NULL,NULL,'custom/CsoXNGAFbFiEf-6_AAAAAJUGReI838.png',NULL,'0',1,'admin','2024-07-05 09:06:28',NULL,NULL,NULL,NULL),(96,NULL,NULL,NULL,'custom/CsoXNGAFbFOEIR3BAAAAAOnxYoA968.png',NULL,'0',1,'admin','2024-07-04 09:06:28',NULL,NULL,NULL,NULL),(97,NULL,NULL,NULL,'custom/CsoXM2AFbFmEQOi1AAAAACfAHxg067.png',NULL,'0',1,'admin','2024-07-03 09:06:28',NULL,NULL,NULL,NULL),(98,NULL,NULL,NULL,'custom/CsoXNGAFbFmEYhFoAAAAAMoUQn8146.png',NULL,'0',1,'admin','2024-07-02 09:06:28',NULL,NULL,NULL,NULL),(99,NULL,NULL,NULL,'custom/CsoXM2AFbFeELiMgAAAAAHX59so320.png',NULL,'0',1,'admin','2024-07-01 09:06:28',NULL,NULL,NULL,NULL),(100,NULL,NULL,NULL,'custom/CsoXM2AFbFaEEOkdAAAAAHCVPsQ690.png',NULL,'0',1,'admin','2024-06-30 09:06:28',NULL,NULL,NULL,NULL),(101,NULL,NULL,NULL,'custom/CsoXNGAFbFOEaHwcAAAAADe10vI165.png',NULL,'0',1,'admin','2024-06-29 09:06:28',NULL,NULL,NULL,NULL),(102,NULL,NULL,NULL,'custom/CsoXM2AFbFWEAlhEAAAAALMsiN8664.png',NULL,'0',1,'admin','2024-06-28 09:06:28',NULL,NULL,NULL,NULL),(103,NULL,NULL,NULL,'custom/CsoXNGAFbFSEVscOAAAAAEcSv4Q816.png',NULL,'0',1,'admin','2024-06-27 09:06:28',NULL,NULL,NULL,NULL),(104,NULL,NULL,NULL,'custom/CsoXNGAFbFqEKGCgAAAAALdwuKY337.png',NULL,'0',1,'admin','2024-06-26 09:06:28',NULL,NULL,NULL,NULL),(105,NULL,NULL,NULL,'custom/CsoXNGAFbFOEVVo2AAAAAPWxmYE568.png',NULL,'0',1,'admin','2024-06-25 09:06:28',NULL,NULL,NULL,NULL),(106,NULL,NULL,NULL,'custom/CsoXM2AFbFuEQD_NAAAAAL0951k498.png',NULL,'0',1,'admin','2024-06-24 09:06:28',NULL,NULL,NULL,NULL),(107,NULL,NULL,NULL,'custom/CsoXM2AFbFKEVYIyAAAAAP-Llr0501.png',NULL,'0',1,'admin','2024-06-23 09:06:28',NULL,NULL,NULL,NULL),(108,NULL,NULL,NULL,'custom/CsoXM2AFbFuEZwBEAAAAAMs7Cic965.png',NULL,'0',1,'admin','2024-06-22 09:06:28',NULL,NULL,NULL,NULL),(109,NULL,NULL,NULL,'custom/CsoXNGAFbFiECjkYAAAAAETafbg442.png',NULL,'0',1,'admin','2024-06-21 09:06:28',NULL,NULL,NULL,NULL),(110,NULL,NULL,NULL,'custom/CsoXNGAFbFqESfhQAAAAAN14fms659.png',NULL,'0',1,'admin','2024-06-20 09:06:28',NULL,NULL,NULL,NULL),(111,NULL,NULL,NULL,'custom/CsoXM2AFbFiELEvjAAAAAFpQlFE276.png',NULL,'0',1,'admin','2024-06-19 09:06:28',NULL,NULL,NULL,NULL),(112,NULL,NULL,NULL,'custom/CsoXNGAFbFqEMkODAAAAABIKFzo709.png',NULL,'0',1,'admin','2024-06-18 09:06:28',NULL,NULL,NULL,NULL),(113,NULL,NULL,NULL,'custom/CsoXM2AFbFuER7tcAAAAADDVsXc884.png',NULL,'0',1,'admin','2024-06-17 09:06:28',NULL,NULL,NULL,NULL),(114,NULL,NULL,NULL,'custom/CsoXNGAFbFOEa5NZAAAAALxAAxk933.png',NULL,'0',1,'admin','2024-06-16 09:06:28',NULL,NULL,NULL,NULL),(115,NULL,NULL,NULL,'custom/CsoXM2AFbFuEdx3mAAAAABwmOAs367.png',NULL,'0',1,'admin','2024-06-15 09:06:28',NULL,NULL,NULL,NULL),(116,NULL,NULL,NULL,'custom/CsoXNGAFbFmEF2CRAAAAAHjIR9M929.png',NULL,'0',1,'admin','2024-06-14 09:06:28',NULL,NULL,NULL,NULL),(117,NULL,NULL,NULL,'custom/CsoXM2AFbFmEfNzKAAAAAAgNn-k694.png',NULL,'0',1,'admin','2024-06-13 09:06:28',NULL,NULL,NULL,NULL),(118,NULL,NULL,NULL,'custom/CsoXNGAFbFKEQjffAAAAALkNFZY257.png',NULL,'0',1,'admin','2024-06-12 09:06:28',NULL,NULL,NULL,NULL),(119,NULL,NULL,NULL,'custom/CsoXNGAFbFWEO8LcAAAAAPGrvN4973.png',NULL,'0',1,'admin','2024-06-11 09:06:28',NULL,NULL,NULL,NULL),(120,NULL,NULL,NULL,'custom/CsoXNGAFbFaEeZ5sAAAAAHhzQLw604.png',NULL,'0',1,'admin','2024-06-10 09:06:28',NULL,NULL,NULL,NULL),(121,NULL,NULL,NULL,'custom/CsoXNGAFbFuEd5iyAAAAADief-Q030.png',NULL,'0',1,'admin','2024-06-09 09:06:28',NULL,NULL,NULL,NULL),(122,NULL,NULL,NULL,'custom/CsoXM2AFbFiETDCXAAAAAEzo8To424.png',NULL,'0',1,'admin','2024-06-08 09:06:28',NULL,NULL,NULL,NULL),(123,NULL,NULL,NULL,'custom/CsoXNGAFbFaELlF_AAAAADpyHvQ003.png',NULL,'0',1,'admin','2024-06-07 09:06:28',NULL,NULL,NULL,NULL),(124,NULL,NULL,NULL,'custom/CsoXNGAFbFeEXQ3NAAAAAGnBiw4200.png',NULL,'0',1,'admin','2024-06-06 09:06:28',NULL,NULL,NULL,NULL),(125,NULL,NULL,NULL,'custom/CsoXM2AFbFSEMpA_AAAAAOLtSbs286.png',NULL,'0',1,'admin','2024-06-05 09:06:28',NULL,NULL,NULL,NULL),(126,NULL,NULL,NULL,'custom/CsoXNGAFbFiEcDHpAAAAANfeRGc387.png',NULL,'0',1,'admin','2024-06-04 09:06:28',NULL,NULL,NULL,NULL),(127,NULL,NULL,NULL,'custom/CsoXNGAFbFSEaC8nAAAAAPFgjvc059.png',NULL,'0',1,'admin','2024-06-03 09:06:28',NULL,NULL,NULL,NULL),(128,NULL,NULL,NULL,'custom/CsoXM2AFbFWEZ4v8AAAAAE18EF8545.png',NULL,'0',1,'admin','2024-06-02 09:06:28',NULL,NULL,NULL,NULL),(129,NULL,NULL,NULL,'custom/CsoXNGAFbFuEOeZvAAAAAIvm3QA799.png',NULL,'0',1,'admin','2024-06-01 09:06:28',NULL,NULL,NULL,NULL),(130,NULL,NULL,NULL,'custom/CsoXM2AFbFiEY0fpAAAAAPXlx4g676.png',NULL,'0',1,'admin','2024-05-31 09:06:28',NULL,NULL,NULL,NULL),(131,NULL,NULL,NULL,'custom/CsoXM2AFbFuEUsFIAAAAAEkkIbE873.png',NULL,'0',1,'admin','2024-05-30 09:06:28',NULL,NULL,NULL,NULL),(132,NULL,NULL,NULL,'custom/CsoXNGAFbFuEBu2YAAAAAG9L6tw581.png',NULL,'0',1,'admin','2024-05-29 09:06:28',NULL,NULL,NULL,NULL),(133,NULL,NULL,NULL,'custom/CsoXNGAFbFaEUc4fAAAAAA-YXfc086.png',NULL,'0',1,'admin','2023-01-29 23:52:25',NULL,NULL,NULL,NULL),(134,NULL,NULL,NULL,'custom/CsoXNGAFbFeEZbXxAAAAAKectuk248.png',NULL,'0',1,'admin','2019-01-31 18:07:21',NULL,NULL,NULL,NULL),(135,NULL,NULL,NULL,'custom/CsoXM2AFbFKEdjtPAAAAAKehtpM916.png',NULL,'0',1,'admin','2006-05-01 11:18:12',NULL,NULL,NULL,NULL),(136,NULL,NULL,NULL,'custom/CsoXNGAFbFKEe95-AAAAAJUjDV0861.png',NULL,'0',1,'admin','2004-09-04 20:04:42',NULL,NULL,NULL,NULL),(137,NULL,NULL,NULL,'custom/CsoXM2AFbFOEYpLLAAAAAGEanYw325.png',NULL,'0',1,'admin','2009-01-20 12:14:07',NULL,NULL,NULL,NULL),(138,NULL,NULL,NULL,'custom/CsoXNGAFbFmEAy0FAAAAAHLRWEY053.png',NULL,'0',1,'admin','2014-04-25 03:07:19',NULL,NULL,NULL,NULL),(139,NULL,NULL,NULL,'custom/CsoXM2AFbFeELhg4AAAAAKrraYE646.png',NULL,'0',1,'admin','2016-12-15 16:17:06',NULL,NULL,NULL,NULL),(140,NULL,NULL,NULL,'custom/CsoXNGAFbFKEF5eEAAAAACc4svM116.png',NULL,'0',1,'admin','2015-08-01 17:36:51',NULL,NULL,NULL,NULL),(141,NULL,NULL,NULL,'custom/CsoXM2AFbFmEDRKNAAAAAKE2PK0339.png',NULL,'0',1,'admin','2006-07-15 12:04:26',NULL,NULL,NULL,NULL),(142,NULL,NULL,NULL,'custom/CsoXNGAFbFWENLhLAAAAANDA_So155.png',NULL,'0',1,'admin','2021-01-11 15:46:25',NULL,NULL,NULL,NULL);
/*!40000 ALTER TABLE `category_icon` ENABLE KEYS */;
UNLOCK TABLES;

--
-- Table structure for table `gen_table`
--

DROP TABLE IF EXISTS `gen_table`;
/*!40101 SET @saved_cs_client     = @@character_set_client */;
/*!50503 SET character_set_client = utf8mb4 */;
CREATE TABLE `gen_table` (
  `table_id` bigint NOT NULL AUTO_INCREMENT COMMENT '编号',
  `table_name` varchar(200) CHARACTER SET utf8mb4 COLLATE utf8mb4_0900_ai_ci DEFAULT '' COMMENT '表名称',
  `table_comment` varchar(500) CHARACTER SET utf8mb4 COLLATE utf8mb4_0900_ai_ci DEFAULT '' COMMENT '表描述',
  `sub_table_name` varchar(64) CHARACTER SET utf8mb4 COLLATE utf8mb4_0900_ai_ci DEFAULT NULL COMMENT '关联子表的表名',
  `sub_table_fk_name` varchar(64) CHARACTER SET utf8mb4 COLLATE utf8mb4_0900_ai_ci DEFAULT NULL COMMENT '子表关联的外键名',
  `class_name` varchar(100) CHARACTER SET utf8mb4 COLLATE utf8mb4_0900_ai_ci DEFAULT '' COMMENT '实体类名称',
  `tpl_category` varchar(200) CHARACTER SET utf8mb4 COLLATE utf8mb4_0900_ai_ci DEFAULT 'crud' COMMENT '使用的模板（crud单表操作 tree树表操作）',
  `package_name` varchar(100) CHARACTER SET utf8mb4 COLLATE utf8mb4_0900_ai_ci DEFAULT NULL COMMENT '生成包路径',
  `module_name` varchar(30) CHARACTER SET utf8mb4 COLLATE utf8mb4_0900_ai_ci DEFAULT NULL COMMENT '生成模块名',
  `business_name` varchar(30) CHARACTER SET utf8mb4 COLLATE utf8mb4_0900_ai_ci DEFAULT NULL COMMENT '生成业务名',
  `front_module_name` varchar(255) CHARACTER SET utf8mb4 COLLATE utf8mb4_0900_ai_ci DEFAULT NULL COMMENT '前端模块名',
  `front_business_name` varchar(255) CHARACTER SET utf8mb4 COLLATE utf8mb4_0900_ai_ci DEFAULT NULL COMMENT '前端业务名',
  `function_name` varchar(50) CHARACTER SET utf8mb4 COLLATE utf8mb4_0900_ai_ci DEFAULT NULL COMMENT '生成功能名',
  `function_author` varchar(50) CHARACTER SET utf8mb4 COLLATE utf8mb4_0900_ai_ci DEFAULT NULL COMMENT '生成功能作者',
  `gen_type` char(1) CHARACTER SET utf8mb4 COLLATE utf8mb4_0900_ai_ci DEFAULT '0' COMMENT '生成代码方式（0zip压缩包 1自定义路径）',
  `gen_path` varchar(200) CHARACTER SET utf8mb4 COLLATE utf8mb4_0900_ai_ci DEFAULT '/' COMMENT '生成路径（不填默认项目路径）',
  `details_page_type` char(1) CHARACTER SET utf8mb4 COLLATE utf8mb4_0900_ai_ci DEFAULT '0' COMMENT '详情页类型（0弹框 1新开页面）',
  `options` varchar(1000) CHARACTER SET utf8mb4 COLLATE utf8mb4_0900_ai_ci DEFAULT NULL COMMENT '其它生成选项',
  `create_by` varchar(64) CHARACTER SET utf8mb4 COLLATE utf8mb4_0900_ai_ci DEFAULT '' COMMENT '创建者',
  `create_time` datetime DEFAULT NULL COMMENT '创建时间',
  `update_by` varchar(64) CHARACTER SET utf8mb4 COLLATE utf8mb4_0900_ai_ci DEFAULT '' COMMENT '更新者',
  `update_time` datetime DEFAULT NULL COMMENT '更新时间',
  `remark` varchar(500) CHARACTER SET utf8mb4 COLLATE utf8mb4_0900_ai_ci DEFAULT NULL COMMENT '备注',
  PRIMARY KEY (`table_id`) USING BTREE
) ENGINE=InnoDB AUTO_INCREMENT=12 DEFAULT CHARSET=utf8mb4 COLLATE=utf8mb4_0900_ai_ci ROW_FORMAT=DYNAMIC COMMENT='代码生成业务表';
/*!40101 SET character_set_client = @saved_cs_client */;

--
-- Dumping data for table `gen_table`
--

LOCK TABLES `gen_table` WRITE;
/*!40000 ALTER TABLE `gen_table` DISABLE KEYS */;
INSERT INTO `gen_table` VALUES (1,'sys_notice','通知公告表',NULL,NULL,'SysNotice','crud','com.jcwl.bus','bus','notice','bus','notice','通知公告','jcwl','0','/','0','{\"parentMenuId\":0}','admin','2024-05-10 12:49:11','','2024-05-10 12:55:20',NULL),(2,'book_money','账本明细表',NULL,NULL,'BookMoney','crud','com.jcwl.admin.book','book','money','book','money','账本明细','jcwl','0','/','0','{\"parentMenuId\":\"2000\"}','admin','2024-10-14 07:44:20','','2024-10-25 01:23:43',NULL),(3,'book','账本表',NULL,NULL,'Book','crud','com.jcwl.admin.book','book','book','book','book','账本','jcwl','0','/','0','{\"parentMenuId\":\"2000\"}','admin','2024-10-15 02:20:57','','2024-10-25 01:23:29',NULL),(4,'book_user','账本用户表',NULL,NULL,'BookUser','crud','com.jcwl.admin.book','book','user','book','user','账本用户','jcwl','0','/','0','{\"parentMenuId\":\"2000\"}','admin','2024-10-15 02:20:57','','2024-10-25 01:23:35',NULL),(6,'sys_user_open','用户和第三方登录关联表',NULL,NULL,'SysUserOpen','crud','com.jcwl.admin.system','system','open','system','open','用户和第三方登录关联','jcwl','0','/','0','{}','admin','2024-10-15 04:35:53','','2024-10-15 04:40:18',NULL),(7,'book_category','分类表','','','Category','crud','com.jcwl.admin.category','category','category','category','category','分类','jcwl','0','/','0','{\"treeCode\":\"id\",\"treeName\":\"name\",\"treeParentCode\":\"parent_id\",\"parentMenuId\":\"2000\"}','admin','2024-10-16 08:07:25','','2024-10-25 01:23:14',NULL),(8,'category_base','分类基础表','','','CategoryBase','crud','com.jcwl.admin.category','category','base','category','base','分类基础','jcwl','0','/','0','{\"treeCode\":\"category_base_id\",\"treeName\":\"name\",\"treeParentCode\":\"parent_id\",\"parentMenuId\":\"2000\"}','admin','2024-10-16 08:07:25','','2024-10-25 01:23:21',NULL),(10,'account_base','账户基础表',NULL,NULL,'AccountBase','crud','com.jcwl.admin.account','account','base','account','base','账户基础','jcwl','0','/','0','{\"treeCode\":\"account_base_id\",\"treeName\":\"name\",\"treeParentCode\":\"parent_id\",\"parentMenuId\":\"2000\"}','admin','2024-10-24 07:30:13','','2024-10-25 01:22:30',NULL),(11,'book_account','账户表',NULL,NULL,'Account','crud','com.jcwl.admin.account','account','account','account','account','账户','jcwl','0','/','0','{\"treeCode\":\"id\",\"treeName\":\"name\",\"treeParentCode\":\"parent_id\",\"parentMenuId\":\"2000\"}','admin','2024-10-24 07:30:13','','2024-10-25 01:23:06',NULL);
/*!40000 ALTER TABLE `gen_table` ENABLE KEYS */;
UNLOCK TABLES;

--
-- Table structure for table `gen_table_column`
--

DROP TABLE IF EXISTS `gen_table_column`;
/*!40101 SET @saved_cs_client     = @@character_set_client */;
/*!50503 SET character_set_client = utf8mb4 */;
CREATE TABLE `gen_table_column` (
  `column_id` bigint NOT NULL AUTO_INCREMENT COMMENT '编号',
  `table_id` bigint DEFAULT NULL COMMENT '归属表编号',
  `column_name` varchar(200) CHARACTER SET utf8mb4 COLLATE utf8mb4_0900_ai_ci DEFAULT NULL COMMENT '列名称',
  `column_comment` varchar(500) CHARACTER SET utf8mb4 COLLATE utf8mb4_0900_ai_ci DEFAULT NULL COMMENT '列描述',
  `column_type` varchar(100) CHARACTER SET utf8mb4 COLLATE utf8mb4_0900_ai_ci DEFAULT NULL COMMENT '列类型',
  `java_type` varchar(500) CHARACTER SET utf8mb4 COLLATE utf8mb4_0900_ai_ci DEFAULT NULL COMMENT 'JAVA类型',
  `java_field` varchar(200) CHARACTER SET utf8mb4 COLLATE utf8mb4_0900_ai_ci DEFAULT NULL COMMENT 'JAVA字段名',
  `is_pk` char(1) CHARACTER SET utf8mb4 COLLATE utf8mb4_0900_ai_ci DEFAULT NULL COMMENT '是否主键（1是）',
  `is_increment` char(1) CHARACTER SET utf8mb4 COLLATE utf8mb4_0900_ai_ci DEFAULT NULL COMMENT '是否自增（1是）',
  `is_required` char(1) CHARACTER SET utf8mb4 COLLATE utf8mb4_0900_ai_ci DEFAULT NULL COMMENT '是否必填（1是）',
  `is_insert` char(1) CHARACTER SET utf8mb4 COLLATE utf8mb4_0900_ai_ci DEFAULT NULL COMMENT '是否为插入字段（1是）',
  `is_edit` char(1) CHARACTER SET utf8mb4 COLLATE utf8mb4_0900_ai_ci DEFAULT NULL COMMENT '是否编辑字段（1是）',
  `is_list` char(1) CHARACTER SET utf8mb4 COLLATE utf8mb4_0900_ai_ci DEFAULT NULL COMMENT '是否列表字段（1是）',
  `is_query` char(1) CHARACTER SET utf8mb4 COLLATE utf8mb4_0900_ai_ci DEFAULT NULL COMMENT '是否查询字段（1是）',
  `query_type` varchar(200) CHARACTER SET utf8mb4 COLLATE utf8mb4_0900_ai_ci DEFAULT 'EQ' COMMENT '查询方式（等于、不等于、大于、小于、范围）',
  `html_type` varchar(200) CHARACTER SET utf8mb4 COLLATE utf8mb4_0900_ai_ci DEFAULT NULL COMMENT '显示类型（文本框、文本域、下拉框、复选框、单选框、日期控件）',
  `dict_type` varchar(200) CHARACTER SET utf8mb4 COLLATE utf8mb4_0900_ai_ci DEFAULT '' COMMENT '字典类型',
  `sort` int DEFAULT NULL COMMENT '排序',
  `create_by` varchar(64) CHARACTER SET utf8mb4 COLLATE utf8mb4_0900_ai_ci DEFAULT '' COMMENT '创建者',
  `create_time` datetime DEFAULT NULL COMMENT '创建时间',
  `update_by` varchar(64) CHARACTER SET utf8mb4 COLLATE utf8mb4_0900_ai_ci DEFAULT '' COMMENT '更新者',
  `update_time` datetime DEFAULT NULL COMMENT '更新时间',
  PRIMARY KEY (`column_id`) USING BTREE
) ENGINE=InnoDB AUTO_INCREMENT=161 DEFAULT CHARSET=utf8mb4 COLLATE=utf8mb4_0900_ai_ci ROW_FORMAT=DYNAMIC COMMENT='代码生成业务表字段';
/*!40101 SET character_set_client = @saved_cs_client */;

--
-- Dumping data for table `gen_table_column`
--

LOCK TABLES `gen_table_column` WRITE;
/*!40000 ALTER TABLE `gen_table_column` DISABLE KEYS */;
INSERT INTO `gen_table_column` VALUES (1,1,'notice_id','公告ID','int','Integer','noticeId','1','1',NULL,'1',NULL,NULL,NULL,'EQ','input','',1,'admin','2024-05-10 12:49:11','','2024-05-10 12:55:20'),(2,1,'notice_title','公告标题','varchar(50)','String','noticeTitle','0','0','1','1','1','1','1','EQ','input','',2,'admin','2024-05-10 12:49:11','','2024-05-10 12:55:20'),(3,1,'notice_type','公告类型（1通知 2公告）','char(1)','String','noticeType','0','0','1','1','1','1','1','EQ','select','',3,'admin','2024-05-10 12:49:11','','2024-05-10 12:55:20'),(4,1,'notice_content','公告内容','longblob','String','noticeContent','0','0',NULL,'1','1','1','1','EQ','editor','',4,'admin','2024-05-10 12:49:11','','2024-05-10 12:55:20'),(5,1,'status','公告状态（0正常 1关闭）','char(1)','String','status','0','0',NULL,'1','1','1','1','EQ','radio','',5,'admin','2024-05-10 12:49:11','','2024-05-10 12:55:20'),(6,1,'create_by','创建者','varchar(64)','String','createBy','0','0',NULL,'1',NULL,NULL,NULL,'EQ','input','',6,'admin','2024-05-10 12:49:11','','2024-05-10 12:55:20'),(7,1,'create_time','创建时间','datetime','Date','createTime','0','0',NULL,'1',NULL,NULL,NULL,'EQ','datetime','',7,'admin','2024-05-10 12:49:11','','2024-05-10 12:55:20'),(8,1,'update_by','更新者','varchar(64)','String','updateBy','0','0',NULL,'1','1',NULL,NULL,'EQ','input','',8,'admin','2024-05-10 12:49:11','','2024-05-10 12:55:20'),(9,1,'update_time','更新时间','datetime','Date','updateTime','0','0',NULL,'1','1',NULL,NULL,'EQ','datetime','',9,'admin','2024-05-10 12:49:11','','2024-05-10 12:55:20'),(10,1,'remark','备注','varchar(255)','String','remark','0','0',NULL,'1','1','1',NULL,'EQ','input','',10,'admin','2024-05-10 12:49:11','','2024-05-10 12:55:20'),(11,2,'id','唯一标识','bigint','Long','id','1','1',NULL,'1',NULL,NULL,NULL,'EQ','input','',1,'admin','2024-10-14 07:44:20','','2024-10-29 04:08:23'),(12,2,'book_id','账本唯一标识','bigint','Long','bookId','0','0','1','1','1','1','1','EQ','input','',2,'admin','2024-10-14 07:44:20','','2024-10-29 04:08:23'),(13,2,'category_id','分类唯一标识','bigint','Long','categoryId','0','0',NULL,'1','1','1','1','EQ','input','',4,'admin','2024-10-14 07:44:20','','2024-10-29 04:08:23'),(14,2,'category_name','分类名称','varchar(255)','String','categoryName','0','0','1','1','1','1','1','LIKE','input','',5,'admin','2024-10-14 07:44:20','','2024-10-29 04:08:23'),(16,2,'user_name','用户账号','varchar(255)','String','userName','0','0','1','1','1','1','1','LIKE','input','',12,'admin','2024-10-14 07:44:20','','2024-10-29 04:08:23'),(17,2,'user_id','用户唯一标识','int','Long','userId','0','0','1','1','1','1','1','EQ','input','',11,'admin','2024-10-14 07:44:20','','2024-10-29 04:08:23'),(18,2,'money','金额','bigint','Long','money','0','0','1','1','1','1','1','EQ','input','',14,'admin','2024-10-14 07:44:20','','2024-10-29 04:08:23'),(19,2,'book_time','记账时间','date','Date','bookTime','0','0','1','1','1','1','1','BETWEEN','datetime','',15,'admin','2024-10-14 07:44:20','','2024-10-29 04:08:23'),(20,2,'type','0-收入 1-支出 2-不计收支','tinyint','Long','type','0','0','1','1','1','1','1','EQ','select','',16,'admin','2024-10-14 07:44:20','','2024-10-29 04:08:23'),(21,2,'detail_desc','富文本详情','mediumtext','String','detailDesc','0','0',NULL,'1','1','1','1','EQ','textarea','',17,'admin','2024-10-14 07:44:20','','2024-10-29 04:08:23'),(22,2,'detail_desc_flag','是否显示详情 0-否 1-是','varchar(1)','String','detailDescFlag','0','0',NULL,'1','1','1','1','EQ','input','',18,'admin','2024-10-14 07:44:20','','2024-10-29 04:08:23'),(23,2,'detail_img','附件地址','varchar(255)','String','detailImg','0','0',NULL,'1','1','1','1','EQ','input','',19,'admin','2024-10-14 07:44:20','','2024-10-29 04:08:23'),(28,2,'del_flag','删除标志（0代表存在 2代表删除）','char(1)','String','delFlag','0','0','1','1',NULL,NULL,NULL,'EQ','input','',20,'admin','2024-10-14 07:44:20','','2024-10-29 04:08:23'),(29,2,'create_id','创建者ID','bigint','Long','createId','0','0',NULL,'1','1','1','1','EQ','input','',21,'admin','2024-10-14 07:44:20','','2024-10-29 04:08:23'),(30,2,'create_by','创建者','varchar(64)','String','createBy','0','0',NULL,'1',NULL,NULL,NULL,'EQ','input','',22,'admin','2024-10-14 07:44:20','','2024-10-29 04:08:23'),(31,2,'create_time','创建时间','datetime','Date','createTime','0','0','1','1',NULL,NULL,NULL,'EQ','datetime','',23,'admin','2024-10-14 07:44:20','','2024-10-29 04:08:23'),(32,2,'update_id','更新者ID','bigint','Long','updateId','0','0',NULL,'1','1','1','1','EQ','input','',24,'admin','2024-10-14 07:44:20','','2024-10-29 04:08:23'),(33,2,'update_by','更新者','varchar(64)','String','updateBy','0','0',NULL,'1','1',NULL,NULL,'EQ','input','',25,'admin','2024-10-14 07:44:20','','2024-10-29 04:08:23'),(34,2,'update_time','更新时间','datetime','Date','updateTime','0','0',NULL,'1','1',NULL,NULL,'EQ','datetime','',26,'admin','2024-10-14 07:44:20','','2024-10-29 04:08:23'),(35,2,'remark','备注','varchar(500)','String','remark','0','0',NULL,'1','1','1',NULL,'EQ','textarea','',27,'admin','2024-10-14 07:44:20','','2024-10-29 04:08:23'),(36,3,'id','唯一标识','bigint','Long','id','1','1',NULL,'1',NULL,NULL,NULL,'EQ','input','',1,'admin','2024-10-15 02:20:57','','2024-10-25 01:23:29'),(37,3,'book_name','账本名称','varchar(255)','String','bookName','0','0','1','1','1','1','1','LIKE','input','',3,'admin','2024-10-15 02:20:57','','2024-10-25 01:23:29'),(38,3,'book_avatar','账本图片','varchar(255)','String','bookAvatar','0','0',NULL,'1','1','1','1','EQ','input','',4,'admin','2024-10-15 02:20:57','','2024-10-25 01:23:29'),(39,3,'user_audit','成员加入账本是否需要审核（0-不需要 1-需要管理员审核）','tinyint','Long','userAudit','0','0',NULL,'1','1','1','1','EQ','input','',5,'admin','2024-10-15 02:20:57','','2024-10-25 01:23:29'),(40,3,'show_search','是否允许对外搜索私密账本（0-私密不允许 1-公开允许）','tinyint','Long','showSearch','0','0',NULL,'1','1','1','1','EQ','input','',6,'admin','2024-10-15 02:20:57','','2024-10-25 01:23:29'),(41,3,'attr1','预留字段1','varchar(64)','String','attr1','0','0',NULL,'1','1','1','1','EQ','input','',7,'admin','2024-10-15 02:20:57','','2024-10-25 01:23:29'),(42,3,'attr2','预留字段2','varchar(255)','String','attr2','0','0',NULL,'1','1','1','1','EQ','input','',8,'admin','2024-10-15 02:20:57','','2024-10-25 01:23:29'),(43,3,'attr3','预留字段3','int','Integer','attr3','0','0',NULL,'1','1','1','1','EQ','input','',9,'admin','2024-10-15 02:20:57','','2024-10-25 01:23:29'),(44,3,'attr4','预留字段4','int','Integer','attr4','0','0',NULL,'1','1','1','1','EQ','input','',10,'admin','2024-10-15 02:20:57','','2024-10-25 01:23:29'),(45,3,'del_flag','删除标志（0代表存在 2代表删除）','char(1)','String','delFlag','0','0',NULL,'1',NULL,NULL,NULL,'EQ','input','',11,'admin','2024-10-15 02:20:57','','2024-10-25 01:23:29'),(46,3,'create_id','创建者ID','bigint','Long','createId','0','0',NULL,'1','1','1','1','EQ','input','',12,'admin','2024-10-15 02:20:57','','2024-10-25 01:23:29'),(47,3,'create_by','创建者','varchar(64)','String','createBy','0','0',NULL,'1',NULL,NULL,NULL,'EQ','input','',13,'admin','2024-10-15 02:20:57','','2024-10-25 01:23:29'),(48,3,'create_time','创建时间','datetime','Date','createTime','0','0',NULL,'1',NULL,NULL,NULL,'EQ','datetime','',14,'admin','2024-10-15 02:20:57','','2024-10-25 01:23:29'),(49,3,'update_id','更新者ID','bigint','Long','updateId','0','0',NULL,'1','1','1','1','EQ','input','',15,'admin','2024-10-15 02:20:57','','2024-10-25 01:23:29'),(50,3,'update_by','更新者','varchar(64)','String','updateBy','0','0',NULL,'1','1',NULL,NULL,'EQ','input','',16,'admin','2024-10-15 02:20:57','','2024-10-25 01:23:29'),(51,3,'update_time','更新时间','datetime','Date','updateTime','0','0',NULL,'1','1',NULL,NULL,'EQ','datetime','',17,'admin','2024-10-15 02:20:57','','2024-10-25 01:23:29'),(52,3,'remark','备注','varchar(500)','String','remark','0','0',NULL,'1','1','1',NULL,'EQ','textarea','',18,'admin','2024-10-15 02:20:57','','2024-10-25 01:23:29'),(53,4,'id','唯一标识','bigint','Long','id','1','1',NULL,'1',NULL,NULL,NULL,'EQ','input','',1,'admin','2024-10-15 02:20:57','','2024-10-25 01:23:35'),(54,4,'book_id','账本唯一标识','bigint','Long','bookId','0','0','1','1','1','1','1','EQ','input','',2,'admin','2024-10-15 02:20:57','','2024-10-25 01:23:35'),(55,4,'user_id','用户唯一标识','bigint','Long','userId','0','0','1','1','1','1','1','EQ','input','',3,'admin','2024-10-15 02:20:57','','2024-10-25 01:23:35'),(56,4,'user_name','用户账号','varchar(255)','String','userName','0','0',NULL,'1','1','1','1','LIKE','input','',4,'admin','2024-10-15 02:20:57','','2024-10-25 01:23:35'),(57,4,'nick_name','用户昵称','varchar(255)','String','nickName','0','0',NULL,'1','1','1','1','LIKE','input','',5,'admin','2024-10-15 02:20:57','','2024-10-25 01:23:35'),(58,4,'avatar','头像地址','varchar(255)','String','avatar','0','0',NULL,'1','1','1','1','EQ','input','',6,'admin','2024-10-15 02:20:57','','2024-10-25 01:23:35'),(59,4,'default_book','是否默认账本(0-否 1是）','bigint','Long','defaultBook','0','0',NULL,'1','1','1','1','EQ','input','',7,'admin','2024-10-15 02:20:57','','2024-10-25 01:23:35'),(60,4,'audit_status','0-无 1-同意 2-拒绝','varchar(255)','String','auditStatus','0','0',NULL,'1','1','1','1','EQ','radio','',8,'admin','2024-10-15 02:20:57','','2024-10-25 01:23:35'),(61,4,'status','0-存在 1-禁用 2-删除','varchar(255)','String','status','0','0',NULL,'1','1','1','1','EQ','radio','',9,'admin','2024-10-15 02:20:57','','2024-10-25 01:23:35'),(62,4,'auth','是否管理员权限（0-成员 1-管理员 2-群主创建人）','bigint','Integer','auth','0','0','1','1','1','1','1','EQ','input','',10,'admin','2024-10-15 02:20:57','','2024-10-25 01:23:35'),(63,4,'attr1','预留字段1','varchar(64)','String','attr1','0','0',NULL,'1','1','1','1','EQ','input','',11,'admin','2024-10-15 02:20:57','','2024-10-25 01:23:35'),(64,4,'attr2','预留字段2','varchar(255)','String','attr2','0','0',NULL,'1','1','1','1','EQ','input','',12,'admin','2024-10-15 02:20:57','','2024-10-25 01:23:35'),(65,4,'attr3','预留字段3','int','Integer','attr3','0','0',NULL,'1','1','1','1','EQ','input','',13,'admin','2024-10-15 02:20:57','','2024-10-25 01:23:35'),(66,4,'attr4','预留字段4','int','Integer','attr4','0','0',NULL,'1','1','1','1','EQ','input','',14,'admin','2024-10-15 02:20:57','','2024-10-25 01:23:35'),(67,4,'del_flag','删除标志（0代表存在 2代表删除）','char(1)','String','delFlag','0','0',NULL,'1',NULL,NULL,NULL,'EQ','input','',15,'admin','2024-10-15 02:20:57','','2024-10-25 01:23:35'),(68,4,'create_id','创建者ID','bigint','Long','createId','0','0',NULL,'1','1','1','1','EQ','input','',16,'admin','2024-10-15 02:20:57','','2024-10-25 01:23:35'),(69,4,'create_by','创建者','varchar(64)','String','createBy','0','0',NULL,'1',NULL,NULL,NULL,'EQ','input','',17,'admin','2024-10-15 02:20:57','','2024-10-25 01:23:35'),(70,4,'create_time','创建时间','datetime','Date','createTime','0','0',NULL,'1',NULL,NULL,NULL,'EQ','datetime','',18,'admin','2024-10-15 02:20:57','','2024-10-25 01:23:35'),(71,4,'update_id','更新者ID','bigint','Long','updateId','0','0',NULL,'1','1','1','1','EQ','input','',19,'admin','2024-10-15 02:20:57','','2024-10-25 01:23:35'),(72,4,'update_by','更新者','varchar(64)','String','updateBy','0','0',NULL,'1','1',NULL,NULL,'EQ','input','',20,'admin','2024-10-15 02:20:57','','2024-10-25 01:23:35'),(73,4,'update_time','更新时间','datetime','Date','updateTime','0','0',NULL,'1','1',NULL,NULL,'EQ','datetime','',21,'admin','2024-10-15 02:20:57','','2024-10-25 01:23:35'),(74,4,'remark','备注','varchar(500)','String','remark','0','0',NULL,'1','1','1',NULL,'EQ','textarea','',22,'admin','2024-10-15 02:20:57','','2024-10-25 01:23:35'),(75,2,'category_url','分类图标','longtext','String','categoryUrl','0','0','1','1','1','1','1','EQ','input','',6,'','2024-10-15 02:21:03','','2024-10-29 04:08:23'),(78,6,'user_id','用户ID','bigint','Long','userId','1','0',NULL,'1','1','1','1','EQ','input','',1,'admin','2024-10-15 04:35:53','','2024-10-25 01:17:59'),(79,6,'open_id','第三方openId','bigint','String','openId','1','0',NULL,'1','1','1','1','EQ','input','',2,'admin','2024-10-15 04:35:53','','2024-10-25 01:17:59'),(80,7,'id','分类唯一标识','bigint','Long','id','1','1',NULL,'1',NULL,NULL,NULL,'EQ','input','',1,'admin','2024-10-16 08:07:25','','2024-10-25 01:23:14'),(81,7,'parent_id','父级节点唯一标识','bigint','Long','parentId','0','0',NULL,'1','1','1','1','EQ','input','',3,'admin','2024-10-16 08:07:25','','2024-10-25 01:23:14'),(82,7,'name','类型名称','varchar(100)','String','name','0','0',NULL,'1','1','1','1','LIKE','input','',4,'admin','2024-10-16 08:07:25','','2024-10-25 01:23:14'),(83,7,'code','类型编码','varchar(100)','String','code','0','0',NULL,'1','1','1','1','EQ','input','',5,'admin','2024-10-16 08:07:25','','2024-10-25 01:23:14'),(84,7,'category_url','分类图标','longtext','String','categoryUrl','0','0',NULL,'1','1','1','1','EQ','textarea','',6,'admin','2024-10-16 08:07:25','','2024-10-25 01:23:14'),(85,7,'has_child','是否有子节点','varchar(3)','String','hasChild','0','0',NULL,'1','1','1','1','EQ','input','',7,'admin','2024-10-16 08:07:25','','2024-10-25 01:23:14'),(87,7,'book_id','账本唯一标识','bigint','Long','bookId','0','0',NULL,'1','1','1','1','EQ','input','',9,'admin','2024-10-16 08:07:25','','2024-10-25 01:23:14'),(88,7,'del_flag','删除标志（0代表存在 2代表删除）','char(1)','String','delFlag','0','0',NULL,'1',NULL,NULL,NULL,'EQ','input','',10,'admin','2024-10-16 08:07:25','','2024-10-25 01:23:14'),(89,7,'create_id','创建者ID','bigint','Long','createId','0','0',NULL,'1','1','1','1','EQ','input','',11,'admin','2024-10-16 08:07:25','','2024-10-25 01:23:14'),(90,7,'create_by','创建者','varchar(64)','String','createBy','0','0',NULL,'1',NULL,NULL,NULL,'EQ','input','',12,'admin','2024-10-16 08:07:25','','2024-10-25 01:23:14'),(91,7,'create_time','创建时间','datetime','Date','createTime','0','0',NULL,'1',NULL,NULL,NULL,'EQ','datetime','',13,'admin','2024-10-16 08:07:25','','2024-10-25 01:23:14'),(92,7,'update_id','更新者ID','bigint','Long','updateId','0','0',NULL,'1','1','1','1','EQ','input','',14,'admin','2024-10-16 08:07:25','','2024-10-25 01:23:14'),(93,7,'update_by','更新者','varchar(64)','String','updateBy','0','0',NULL,'1','1',NULL,NULL,'EQ','input','',15,'admin','2024-10-16 08:07:25','','2024-10-25 01:23:14'),(94,7,'update_time','更新时间','datetime','Date','updateTime','0','0',NULL,'1','1',NULL,NULL,'EQ','datetime','',16,'admin','2024-10-16 08:07:25','','2024-10-25 01:23:14'),(95,7,'remark','备注','varchar(500)','String','remark','0','0',NULL,'1','1','1',NULL,'EQ','textarea','',17,'admin','2024-10-16 08:07:25','','2024-10-25 01:23:14'),(97,8,'parent_id','父级节点唯一标识','bigint','Long','parentId','0','0',NULL,'1','1','1','1','EQ','input','',2,'admin','2024-10-16 08:07:25','','2024-10-25 01:23:21'),(98,8,'name','类型名称','varchar(100)','String','name','0','0',NULL,'1','1','1','1','LIKE','input','',3,'admin','2024-10-16 08:07:25','','2024-10-25 01:23:21'),(99,8,'code','类型编码','varchar(100)','String','code','0','0',NULL,'1','1','1','1','EQ','input','',4,'admin','2024-10-16 08:07:25','','2024-10-25 01:23:21'),(100,8,'category_url','分类图标','longtext','String','categoryUrl','0','0',NULL,'1','1','1','1','EQ','textarea','',5,'admin','2024-10-16 08:07:25','','2024-10-25 01:23:21'),(101,8,'has_child','是否有子节点','varchar(3)','String','hasChild','0','0',NULL,'1','1','1','1','EQ','input','',6,'admin','2024-10-16 08:07:25','','2024-10-25 01:23:21'),(102,8,'del_flag','删除标志（0代表存在 2代表删除）','char(1)','String','delFlag','0','0',NULL,'1',NULL,NULL,NULL,'EQ','input','',8,'admin','2024-10-16 08:07:25','','2024-10-25 01:23:21'),(103,8,'create_id','创建者ID','bigint','Long','createId','0','0',NULL,'1','1','1','1','EQ','input','',9,'admin','2024-10-16 08:07:25','','2024-10-25 01:23:21'),(104,8,'create_by','创建者','varchar(64)','String','createBy','0','0',NULL,'1',NULL,NULL,NULL,'EQ','input','',10,'admin','2024-10-16 08:07:25','','2024-10-25 01:23:21'),(105,8,'create_time','创建时间','datetime','Date','createTime','0','0',NULL,'1',NULL,NULL,NULL,'EQ','datetime','',11,'admin','2024-10-16 08:07:25','','2024-10-25 01:23:21'),(106,8,'update_id','更新者ID','bigint','Long','updateId','0','0',NULL,'1','1','1','1','EQ','input','',12,'admin','2024-10-16 08:07:25','','2024-10-25 01:23:21'),(107,8,'update_by','更新者','varchar(64)','String','updateBy','0','0',NULL,'1','1',NULL,NULL,'EQ','input','',13,'admin','2024-10-16 08:07:25','','2024-10-25 01:23:21'),(108,8,'update_time','更新时间','datetime','Date','updateTime','0','0',NULL,'1','1',NULL,NULL,'EQ','datetime','',14,'admin','2024-10-16 08:07:25','','2024-10-25 01:23:21'),(109,8,'remark','备注','varchar(500)','String','remark','0','0',NULL,'1','1','1',NULL,'EQ','textarea','',15,'admin','2024-10-16 08:07:25','','2024-10-25 01:23:21'),(119,3,'user_id','用户唯一标识','bigint','Long','userId','0','0','1','1','1','1','1','EQ','input','',2,'','2024-10-18 03:22:53','','2024-10-25 01:23:29'),(120,8,'category_base_id','基础分类唯一标识','bigint','Long','categoryBaseId','1','1',NULL,'1',NULL,NULL,NULL,'EQ','input','',1,'','2024-10-18 10:38:43','','2024-10-25 01:23:21'),(121,7,'category_base_id','基础分类唯一标识','bigint','Long','categoryBaseId','0','0',NULL,'1','1','1','1','EQ','input','',2,'','2024-10-18 10:38:46','','2024-10-25 01:23:14'),(122,8,'type','0-收入 1-支出','tinyint','Long','type','0','0',NULL,'1','1','1','1','EQ','select','',7,'','2024-10-23 01:27:20','','2024-10-25 01:23:21'),(123,7,'type','0-收入 1-支出','tinyint','Long','type','0','0',NULL,'1','1','1','1','EQ','select','',8,'','2024-10-23 01:27:22','','2024-10-25 01:23:14'),(124,10,'account_base_id','基础账户唯一标识','bigint','Long','accountBaseId','1','1',NULL,'1',NULL,NULL,NULL,'EQ','input','',1,'admin','2024-10-24 07:30:13','','2024-10-25 01:22:30'),(125,10,'parent_id','父级节点唯一标识','bigint','Long','parentId','0','0',NULL,'1','1','1','1','EQ','input','',2,'admin','2024-10-24 07:30:13','','2024-10-25 01:22:30'),(126,10,'name','账户名称','varchar(100)','String','name','0','0',NULL,'1','1','1','1','LIKE','input','',3,'admin','2024-10-24 07:30:13','','2024-10-25 01:22:30'),(127,10,'code','账户编码','varchar(100)','String','code','0','0',NULL,'1','1','1','1','EQ','input','',4,'admin','2024-10-24 07:30:13','','2024-10-25 01:22:30'),(128,10,'account_url','账户图标','longtext','String','accountUrl','0','0',NULL,'1','1','1','1','EQ','textarea','',5,'admin','2024-10-24 07:30:13','','2024-10-25 01:22:30'),(129,10,'has_child','是否有子节点','varchar(3)','String','hasChild','0','0',NULL,'1','1','1','1','EQ','input','',6,'admin','2024-10-24 07:30:13','','2024-10-25 01:22:30'),(130,10,'del_flag','删除标志（0代表存在 2代表删除）','char(1)','String','delFlag','0','0',NULL,'1',NULL,NULL,NULL,'EQ','input','',7,'admin','2024-10-24 07:30:13','','2024-10-25 01:22:30'),(131,10,'create_id','创建者ID','bigint','Long','createId','0','0',NULL,'1','1','1','1','EQ','input','',8,'admin','2024-10-24 07:30:13','','2024-10-25 01:22:30'),(132,10,'create_by','创建者','varchar(64)','String','createBy','0','0',NULL,'1',NULL,NULL,NULL,'EQ','input','',9,'admin','2024-10-24 07:30:13','','2024-10-25 01:22:30'),(133,10,'create_time','创建时间','datetime','Date','createTime','0','0',NULL,'1',NULL,NULL,NULL,'EQ','datetime','',10,'admin','2024-10-24 07:30:13','','2024-10-25 01:22:30'),(134,10,'update_id','更新者ID','bigint','Long','updateId','0','0',NULL,'1','1','1','1','EQ','input','',11,'admin','2024-10-24 07:30:13','','2024-10-25 01:22:30'),(135,10,'update_by','更新者','varchar(64)','String','updateBy','0','0',NULL,'1','1',NULL,NULL,'EQ','input','',12,'admin','2024-10-24 07:30:13','','2024-10-25 01:22:30'),(136,10,'update_time','更新时间','datetime','Date','updateTime','0','0',NULL,'1','1',NULL,NULL,'EQ','datetime','',13,'admin','2024-10-24 07:30:13','','2024-10-25 01:22:30'),(137,10,'remark','备注','varchar(500)','String','remark','0','0',NULL,'1','1','1',NULL,'EQ','textarea','',14,'admin','2024-10-24 07:30:13','','2024-10-25 01:22:30'),(138,11,'id','账户唯一标识','bigint','Long','id','1','1',NULL,'1',NULL,NULL,NULL,'EQ','input','',1,'admin','2024-10-24 07:30:13','','2024-10-25 01:23:06'),(139,11,'account_base_id','基础账户唯一标识','bigint','Long','accountBaseId','0','0',NULL,'1','1','1','1','EQ','input','',2,'admin','2024-10-24 07:30:13','','2024-10-25 01:23:06'),(140,11,'parent_id','父级节点唯一标识','bigint','Long','parentId','0','0',NULL,'1','1','1','1','EQ','input','',3,'admin','2024-10-24 07:30:13','','2024-10-25 01:23:06'),(141,11,'name','账户名称','varchar(100)','String','name','0','0',NULL,'1','1','1','1','LIKE','input','',4,'admin','2024-10-24 07:30:13','','2024-10-25 01:23:06'),(142,11,'code','账户编码','varchar(100)','String','code','0','0',NULL,'1','1','1','1','EQ','input','',5,'admin','2024-10-24 07:30:13','','2024-10-25 01:23:06'),(143,11,'account_url','账户图标','longtext','String','accountUrl','0','0',NULL,'1','1','1','1','EQ','textarea','',6,'admin','2024-10-24 07:30:13','','2024-10-25 01:23:06'),(144,11,'has_child','是否有子节点','varchar(3)','String','hasChild','0','0',NULL,'1','1','1','1','EQ','input','',7,'admin','2024-10-24 07:30:13','','2024-10-25 01:23:06'),(145,11,'book_id','账本唯一标识','bigint','Long','bookId','0','0',NULL,'1','1','1','1','EQ','input','',8,'admin','2024-10-24 07:30:13','','2024-10-25 01:23:06'),(146,11,'del_flag','删除标志（0代表存在 2代表删除）','char(1)','String','delFlag','0','0',NULL,'1',NULL,NULL,NULL,'EQ','input','',10,'admin','2024-10-24 07:30:13','','2024-10-25 01:23:06'),(147,11,'create_id','创建者ID','bigint','Long','createId','0','0',NULL,'1','1','1','1','EQ','input','',11,'admin','2024-10-24 07:30:13','','2024-10-25 01:23:06'),(148,11,'create_by','创建者','varchar(64)','String','createBy','0','0',NULL,'1',NULL,NULL,NULL,'EQ','input','',12,'admin','2024-10-24 07:30:13','','2024-10-25 01:23:06'),(149,11,'create_time','创建时间','datetime','Date','createTime','0','0',NULL,'1',NULL,NULL,NULL,'EQ','datetime','',13,'admin','2024-10-24 07:30:13','','2024-10-25 01:23:06'),(150,11,'update_id','更新者ID','bigint','Long','updateId','0','0',NULL,'1','1','1','1','EQ','input','',14,'admin','2024-10-24 07:30:13','','2024-10-25 01:23:06'),(151,11,'update_by','更新者','varchar(64)','String','updateBy','0','0',NULL,'1','1',NULL,NULL,'EQ','input','',15,'admin','2024-10-24 07:30:13','','2024-10-25 01:23:06'),(152,11,'update_time','更新时间','datetime','Date','updateTime','0','0',NULL,'1','1',NULL,NULL,'EQ','datetime','',16,'admin','2024-10-24 07:30:13','','2024-10-25 01:23:06'),(153,11,'remark','备注','varchar(500)','String','remark','0','0',NULL,'1','1','1',NULL,'EQ','textarea','',17,'admin','2024-10-24 07:30:13','','2024-10-25 01:23:06'),(154,11,'balance','余额','bigint','Long','balance','0','0',NULL,'1','1','1','1','EQ','input','',9,'','2024-10-24 07:54:37','','2024-10-25 01:23:06'),(155,2,'account_id','账户唯一标识','bigint','Long','accountId','0','0','1','1','1','1','1','EQ','input','',8,'','2024-10-24 08:19:34','','2024-10-29 04:08:23'),(156,2,'account_url','账户图标','varchar(255)','String','accountUrl','0','0','1','1','1','1','1','EQ','input','',10,'','2024-10-24 08:19:34','','2024-10-29 04:08:23'),(157,2,'account_name','账户名称','varchar(255)','String','accountName','0','0','1','1','1','1','1','LIKE','input','',9,'','2024-10-24 08:19:34','','2024-10-29 04:08:23'),(158,2,'nick_name','用户昵称','varchar(30)','String','nickName','0','0','1','1','1','1','1','LIKE','input','',13,'','2024-10-24 10:19:20','','2024-10-29 04:08:23'),(159,2,'category_base_id','基础分类唯一标识','bigint','Long','categoryBaseId','0','0',NULL,'1','1','1','1','EQ','input','',3,'','2024-10-29 04:08:23','',NULL),(160,2,'account_base_id','基础账户唯一标识','bigint','Long','accountBaseId','0','0',NULL,'1','1','1','1','EQ','input','',7,'','2024-10-29 04:08:23','',NULL);
/*!40000 ALTER TABLE `gen_table_column` ENABLE KEYS */;
UNLOCK TABLES;

--
-- Table structure for table `sys_config`
--

DROP TABLE IF EXISTS `sys_config`;
/*!40101 SET @saved_cs_client     = @@character_set_client */;
/*!50503 SET character_set_client = utf8mb4 */;
CREATE TABLE `sys_config` (
  `config_id` int NOT NULL AUTO_INCREMENT COMMENT '参数主键',
  `config_name` varchar(100) CHARACTER SET utf8mb4 COLLATE utf8mb4_0900_ai_ci DEFAULT '' COMMENT '参数名称',
  `config_key` varchar(100) CHARACTER SET utf8mb4 COLLATE utf8mb4_0900_ai_ci DEFAULT '' COMMENT '参数键名',
  `config_value` varchar(500) CHARACTER SET utf8mb4 COLLATE utf8mb4_0900_ai_ci DEFAULT '' COMMENT '参数键值',
  `config_type` char(1) CHARACTER SET utf8mb4 COLLATE utf8mb4_0900_ai_ci DEFAULT 'N' COMMENT '系统内置（Y是 N否）',
  `create_by` varchar(64) CHARACTER SET utf8mb4 COLLATE utf8mb4_0900_ai_ci DEFAULT '' COMMENT '创建者',
  `create_time` datetime DEFAULT NULL COMMENT '创建时间',
  `update_by` varchar(64) CHARACTER SET utf8mb4 COLLATE utf8mb4_0900_ai_ci DEFAULT '' COMMENT '更新者',
  `update_time` datetime DEFAULT NULL COMMENT '更新时间',
  `remark` varchar(500) CHARACTER SET utf8mb4 COLLATE utf8mb4_0900_ai_ci DEFAULT NULL COMMENT '备注',
  PRIMARY KEY (`config_id`) USING BTREE
) ENGINE=InnoDB AUTO_INCREMENT=100 DEFAULT CHARSET=utf8mb4 COLLATE=utf8mb4_0900_ai_ci ROW_FORMAT=DYNAMIC COMMENT='参数配置表';
/*!40101 SET character_set_client = @saved_cs_client */;

--
-- Dumping data for table `sys_config`
--

LOCK TABLES `sys_config` WRITE;
/*!40000 ALTER TABLE `sys_config` DISABLE KEYS */;
INSERT INTO `sys_config` VALUES (1,'主框架页-默认皮肤样式名称','sys.index.skinName','skin-blue','Y','admin','2024-05-10 09:01:27','',NULL,'蓝色 skin-blue、绿色 skin-green、紫色 skin-purple、红色 skin-red、黄色 skin-yellow'),(2,'用户管理-账号初始密码','sys.user.initPassword','123456','Y','admin','2024-05-10 09:01:27','',NULL,'初始化密码 123456'),(3,'主框架页-侧边栏主题','sys.index.sideTheme','theme-dark','Y','admin','2024-05-10 09:01:27','',NULL,'深色主题theme-dark，浅色主题theme-light'),(4,'账号自助-验证码开关','sys.account.captchaEnabled','false','Y','admin','2024-05-10 09:01:27','',NULL,'是否开启验证码功能（true开启，false关闭）'),(5,'账号自助-是否开启用户注册功能','sys.account.registerUser','false','Y','admin','2024-05-10 09:01:27','',NULL,'是否开启注册用户功能（true开启，false关闭）'),(6,'用户登录-黑名单列表','sys.login.blackIPList','','Y','admin','2024-05-10 09:01:28','',NULL,'设置登录IP黑名单限制，多个匹配项以;分隔，支持匹配（*通配、网段）');
/*!40000 ALTER TABLE `sys_config` ENABLE KEYS */;
UNLOCK TABLES;

--
-- Table structure for table `sys_dept`
--

DROP TABLE IF EXISTS `sys_dept`;
/*!40101 SET @saved_cs_client     = @@character_set_client */;
/*!50503 SET character_set_client = utf8mb4 */;
CREATE TABLE `sys_dept` (
  `dept_id` bigint NOT NULL AUTO_INCREMENT COMMENT '部门id',
  `parent_id` bigint DEFAULT '0' COMMENT '父部门id',
  `ancestors` varchar(50) CHARACTER SET utf8mb4 COLLATE utf8mb4_0900_ai_ci DEFAULT '' COMMENT '祖级列表',
  `dept_name` varchar(30) CHARACTER SET utf8mb4 COLLATE utf8mb4_0900_ai_ci DEFAULT '' COMMENT '部门名称',
  `order_num` int DEFAULT '0' COMMENT '显示顺序',
  `leader` varchar(20) CHARACTER SET utf8mb4 COLLATE utf8mb4_0900_ai_ci DEFAULT NULL COMMENT '负责人',
  `phone` varchar(11) CHARACTER SET utf8mb4 COLLATE utf8mb4_0900_ai_ci DEFAULT NULL COMMENT '联系电话',
  `email` varchar(50) CHARACTER SET utf8mb4 COLLATE utf8mb4_0900_ai_ci DEFAULT NULL COMMENT '邮箱',
  `status` char(1) CHARACTER SET utf8mb4 COLLATE utf8mb4_0900_ai_ci DEFAULT '0' COMMENT '部门状态（0正常 1停用）',
  `del_flag` char(1) CHARACTER SET utf8mb4 COLLATE utf8mb4_0900_ai_ci DEFAULT '0' COMMENT '删除标志（0代表存在 2代表删除）',
  `create_by` varchar(64) CHARACTER SET utf8mb4 COLLATE utf8mb4_0900_ai_ci DEFAULT '' COMMENT '创建者',
  `create_time` datetime DEFAULT NULL COMMENT '创建时间',
  `update_by` varchar(64) CHARACTER SET utf8mb4 COLLATE utf8mb4_0900_ai_ci DEFAULT '' COMMENT '更新者',
  `update_time` datetime DEFAULT NULL COMMENT '更新时间',
  PRIMARY KEY (`dept_id`) USING BTREE
) ENGINE=InnoDB AUTO_INCREMENT=200 DEFAULT CHARSET=utf8mb4 COLLATE=utf8mb4_0900_ai_ci ROW_FORMAT=DYNAMIC COMMENT='部门表';
/*!40101 SET character_set_client = @saved_cs_client */;

--
-- Dumping data for table `sys_dept`
--

LOCK TABLES `sys_dept` WRITE;
/*!40000 ALTER TABLE `sys_dept` DISABLE KEYS */;
INSERT INTO `sys_dept` VALUES (100,0,'0','若依科技',0,'若依','15888888888','ry@qq.com','0','0','admin','2024-05-10 09:01:21','',NULL),(101,100,'0,100','北京总公司',1,'若依','15888888888','ry@qq.com','0','0','admin','2024-05-10 09:01:21','',NULL),(102,100,'0,100','太原分公司',2,'若依','15888888888','ry@qq.com','0','0','admin','2024-05-10 09:01:21','',NULL);
/*!40000 ALTER TABLE `sys_dept` ENABLE KEYS */;
UNLOCK TABLES;

--
-- Table structure for table `sys_dict_data`
--

DROP TABLE IF EXISTS `sys_dict_data`;
/*!40101 SET @saved_cs_client     = @@character_set_client */;
/*!50503 SET character_set_client = utf8mb4 */;
CREATE TABLE `sys_dict_data` (
  `dict_code` bigint NOT NULL AUTO_INCREMENT COMMENT '字典编码',
  `dict_sort` int DEFAULT '0' COMMENT '字典排序',
  `dict_label` varchar(100) CHARACTER SET utf8mb4 COLLATE utf8mb4_0900_ai_ci DEFAULT '' COMMENT '字典标签',
  `dict_value` varchar(100) CHARACTER SET utf8mb4 COLLATE utf8mb4_0900_ai_ci DEFAULT '' COMMENT '字典键值',
  `dict_type` varchar(100) CHARACTER SET utf8mb4 COLLATE utf8mb4_0900_ai_ci DEFAULT '' COMMENT '字典类型',
  `css_class` varchar(100) CHARACTER SET utf8mb4 COLLATE utf8mb4_0900_ai_ci DEFAULT NULL COMMENT '样式属性（其他样式扩展）',
  `list_class` varchar(100) CHARACTER SET utf8mb4 COLLATE utf8mb4_0900_ai_ci DEFAULT NULL COMMENT '表格回显样式',
  `is_default` char(1) CHARACTER SET utf8mb4 COLLATE utf8mb4_0900_ai_ci DEFAULT 'N' COMMENT '是否默认（Y是 N否）',
  `status` char(1) CHARACTER SET utf8mb4 COLLATE utf8mb4_0900_ai_ci DEFAULT '0' COMMENT '状态（0正常 1停用）',
  `create_by` varchar(64) CHARACTER SET utf8mb4 COLLATE utf8mb4_0900_ai_ci DEFAULT '' COMMENT '创建者',
  `create_time` datetime DEFAULT NULL COMMENT '创建时间',
  `update_by` varchar(64) CHARACTER SET utf8mb4 COLLATE utf8mb4_0900_ai_ci DEFAULT '' COMMENT '更新者',
  `update_time` datetime DEFAULT NULL COMMENT '更新时间',
  `remark` varchar(500) CHARACTER SET utf8mb4 COLLATE utf8mb4_0900_ai_ci DEFAULT NULL COMMENT '备注',
  PRIMARY KEY (`dict_code`) USING BTREE
) ENGINE=InnoDB AUTO_INCREMENT=100 DEFAULT CHARSET=utf8mb4 COLLATE=utf8mb4_0900_ai_ci ROW_FORMAT=DYNAMIC COMMENT='字典数据表';
/*!40101 SET character_set_client = @saved_cs_client */;

--
-- Dumping data for table `sys_dict_data`
--

LOCK TABLES `sys_dict_data` WRITE;
/*!40000 ALTER TABLE `sys_dict_data` DISABLE KEYS */;
INSERT INTO `sys_dict_data` VALUES (1,1,'男','0','sys_user_sex','','','Y','0','admin','2024-05-10 09:01:27','',NULL,'性别男'),(2,2,'女','1','sys_user_sex','','','N','0','admin','2024-05-10 09:01:27','',NULL,'性别女'),(3,3,'未知','2','sys_user_sex','','','N','0','admin','2024-05-10 09:01:27','',NULL,'性别未知'),(4,1,'显示','0','sys_show_hide','','primary','Y','0','admin','2024-05-10 09:01:27','',NULL,'显示菜单'),(5,2,'隐藏','1','sys_show_hide','','danger','N','0','admin','2024-05-10 09:01:27','',NULL,'隐藏菜单'),(6,1,'正常','0','sys_normal_disable','','primary','Y','0','admin','2024-05-10 09:01:27','',NULL,'正常状态'),(7,2,'停用','1','sys_normal_disable','','danger','N','0','admin','2024-05-10 09:01:27','',NULL,'停用状态'),(8,1,'正常','0','sys_job_status','','primary','Y','0','admin','2024-05-10 09:01:27','',NULL,'正常状态'),(9,2,'暂停','1','sys_job_status','','danger','N','0','admin','2024-05-10 09:01:27','',NULL,'停用状态'),(10,1,'默认','DEFAULT','sys_job_group','','','Y','0','admin','2024-05-10 09:01:27','',NULL,'默认分组'),(11,2,'系统','SYSTEM','sys_job_group','','','N','0','admin','2024-05-10 09:01:27','',NULL,'系统分组'),(12,1,'是','Y','sys_yes_no','','primary','Y','0','admin','2024-05-10 09:01:27','',NULL,'系统默认是'),(13,2,'否','N','sys_yes_no','','danger','N','0','admin','2024-05-10 09:01:27','',NULL,'系统默认否'),(14,1,'通知','1','sys_notice_type','','warning','Y','0','admin','2024-05-10 09:01:27','',NULL,'通知'),(15,2,'公告','2','sys_notice_type','','success','N','0','admin','2024-05-10 09:01:27','',NULL,'公告'),(16,1,'正常','0','sys_notice_status','','primary','Y','0','admin','2024-05-10 09:01:27','',NULL,'正常状态'),(17,2,'关闭','1','sys_notice_status','','danger','N','0','admin','2024-05-10 09:01:27','',NULL,'关闭状态'),(18,99,'其他','0','sys_oper_type','','info','N','0','admin','2024-05-10 09:01:27','',NULL,'其他操作'),(19,1,'新增','1','sys_oper_type','','info','N','0','admin','2024-05-10 09:01:27','',NULL,'新增操作'),(20,2,'修改','2','sys_oper_type','','info','N','0','admin','2024-05-10 09:01:27','',NULL,'修改操作'),(21,3,'删除','3','sys_oper_type','','danger','N','0','admin','2024-05-10 09:01:27','',NULL,'删除操作'),(22,4,'授权','4','sys_oper_type','','primary','N','0','admin','2024-05-10 09:01:27','',NULL,'授权操作'),(23,5,'导出','5','sys_oper_type','','warning','N','0','admin','2024-05-10 09:01:27','',NULL,'导出操作'),(24,6,'导入','6','sys_oper_type','','warning','N','0','admin','2024-05-10 09:01:27','',NULL,'导入操作'),(25,7,'强退','7','sys_oper_type','','danger','N','0','admin','2024-05-10 09:01:27','',NULL,'强退操作'),(26,8,'生成代码','8','sys_oper_type','','warning','N','0','admin','2024-05-10 09:01:27','',NULL,'生成操作'),(27,9,'清空数据','9','sys_oper_type','','danger','N','0','admin','2024-05-10 09:01:27','',NULL,'清空操作'),(28,1,'成功','0','sys_common_status','','primary','N','0','admin','2024-05-10 09:01:27','',NULL,'正常状态'),(29,2,'失败','1','sys_common_status','','danger','N','0','admin','2024-05-10 09:01:27','',NULL,'停用状态');
/*!40000 ALTER TABLE `sys_dict_data` ENABLE KEYS */;
UNLOCK TABLES;

--
-- Table structure for table `sys_dict_type`
--

DROP TABLE IF EXISTS `sys_dict_type`;
/*!40101 SET @saved_cs_client     = @@character_set_client */;
/*!50503 SET character_set_client = utf8mb4 */;
CREATE TABLE `sys_dict_type` (
  `dict_id` bigint NOT NULL AUTO_INCREMENT COMMENT '字典主键',
  `dict_name` varchar(100) CHARACTER SET utf8mb4 COLLATE utf8mb4_0900_ai_ci DEFAULT '' COMMENT '字典名称',
  `dict_type` varchar(100) CHARACTER SET utf8mb4 COLLATE utf8mb4_0900_ai_ci DEFAULT '' COMMENT '字典类型',
  `status` char(1) CHARACTER SET utf8mb4 COLLATE utf8mb4_0900_ai_ci DEFAULT '0' COMMENT '状态（0正常 1停用）',
  `create_by` varchar(64) CHARACTER SET utf8mb4 COLLATE utf8mb4_0900_ai_ci DEFAULT '' COMMENT '创建者',
  `create_time` datetime DEFAULT NULL COMMENT '创建时间',
  `update_by` varchar(64) CHARACTER SET utf8mb4 COLLATE utf8mb4_0900_ai_ci DEFAULT '' COMMENT '更新者',
  `update_time` datetime DEFAULT NULL COMMENT '更新时间',
  `remark` varchar(500) CHARACTER SET utf8mb4 COLLATE utf8mb4_0900_ai_ci DEFAULT NULL COMMENT '备注',
  PRIMARY KEY (`dict_id`) USING BTREE,
  UNIQUE KEY `dict_type` (`dict_type`) USING BTREE
) ENGINE=InnoDB AUTO_INCREMENT=100 DEFAULT CHARSET=utf8mb4 COLLATE=utf8mb4_0900_ai_ci ROW_FORMAT=DYNAMIC COMMENT='字典类型表';
/*!40101 SET character_set_client = @saved_cs_client */;

--
-- Dumping data for table `sys_dict_type`
--

LOCK TABLES `sys_dict_type` WRITE;
/*!40000 ALTER TABLE `sys_dict_type` DISABLE KEYS */;
INSERT INTO `sys_dict_type` VALUES (1,'用户性别','sys_user_sex','0','admin','2024-05-10 09:01:26','',NULL,'用户性别列表'),(2,'菜单状态','sys_show_hide','0','admin','2024-05-10 09:01:26','',NULL,'菜单状态列表'),(3,'系统开关','sys_normal_disable','0','admin','2024-05-10 09:01:26','',NULL,'系统开关列表'),(4,'任务状态','sys_job_status','0','admin','2024-05-10 09:01:26','',NULL,'任务状态列表'),(5,'任务分组','sys_job_group','0','admin','2024-05-10 09:01:26','',NULL,'任务分组列表'),(6,'系统是否','sys_yes_no','0','admin','2024-05-10 09:01:27','',NULL,'系统是否列表'),(7,'通知类型','sys_notice_type','0','admin','2024-05-10 09:01:27','',NULL,'通知类型列表'),(8,'通知状态','sys_notice_status','0','admin','2024-05-10 09:01:27','',NULL,'通知状态列表'),(9,'操作类型','sys_oper_type','0','admin','2024-05-10 09:01:27','',NULL,'操作类型列表'),(10,'系统状态','sys_common_status','0','admin','2024-05-10 09:01:27','',NULL,'登录状态列表');
/*!40000 ALTER TABLE `sys_dict_type` ENABLE KEYS */;
UNLOCK TABLES;

--
-- Table structure for table `sys_job`
--

DROP TABLE IF EXISTS `sys_job`;
/*!40101 SET @saved_cs_client     = @@character_set_client */;
/*!50503 SET character_set_client = utf8mb4 */;
CREATE TABLE `sys_job` (
  `job_id` bigint NOT NULL AUTO_INCREMENT COMMENT '任务ID',
  `job_name` varchar(64) CHARACTER SET utf8mb4 COLLATE utf8mb4_0900_ai_ci NOT NULL DEFAULT '' COMMENT '任务名称',
  `job_group` varchar(64) CHARACTER SET utf8mb4 COLLATE utf8mb4_0900_ai_ci NOT NULL DEFAULT 'DEFAULT' COMMENT '任务组名',
  `invoke_target` varchar(500) CHARACTER SET utf8mb4 COLLATE utf8mb4_0900_ai_ci NOT NULL COMMENT '调用目标字符串',
  `cron_expression` varchar(255) CHARACTER SET utf8mb4 COLLATE utf8mb4_0900_ai_ci DEFAULT '' COMMENT 'cron执行表达式',
  `misfire_policy` varchar(20) CHARACTER SET utf8mb4 COLLATE utf8mb4_0900_ai_ci DEFAULT '3' COMMENT '计划执行错误策略（1立即执行 2执行一次 3放弃执行）',
  `concurrent` char(1) CHARACTER SET utf8mb4 COLLATE utf8mb4_0900_ai_ci DEFAULT '1' COMMENT '是否并发执行（0允许 1禁止）',
  `status` char(1) CHARACTER SET utf8mb4 COLLATE utf8mb4_0900_ai_ci DEFAULT '0' COMMENT '状态（0正常 1暂停）',
  `create_by` varchar(64) CHARACTER SET utf8mb4 COLLATE utf8mb4_0900_ai_ci DEFAULT '' COMMENT '创建者',
  `create_time` datetime DEFAULT NULL COMMENT '创建时间',
  `update_by` varchar(64) CHARACTER SET utf8mb4 COLLATE utf8mb4_0900_ai_ci DEFAULT '' COMMENT '更新者',
  `update_time` datetime DEFAULT NULL COMMENT '更新时间',
  `remark` varchar(500) CHARACTER SET utf8mb4 COLLATE utf8mb4_0900_ai_ci DEFAULT '' COMMENT '备注信息',
  PRIMARY KEY (`job_id`,`job_name`,`job_group`) USING BTREE
) ENGINE=InnoDB AUTO_INCREMENT=100 DEFAULT CHARSET=utf8mb4 COLLATE=utf8mb4_0900_ai_ci ROW_FORMAT=DYNAMIC COMMENT='定时任务调度表';
/*!40101 SET character_set_client = @saved_cs_client */;

--
-- Dumping data for table `sys_job`
--

LOCK TABLES `sys_job` WRITE;
/*!40000 ALTER TABLE `sys_job` DISABLE KEYS */;
INSERT INTO `sys_job` VALUES (1,'系统默认（无参）','DEFAULT','ryTask.ryNoParams','0/10 * * * * ?','3','1','1','admin','2024-05-10 09:01:28','',NULL,''),(2,'系统默认（有参）','DEFAULT','ryTask.ryParams(\'ry\')','0/15 * * * * ?','3','1','1','admin','2024-05-10 09:01:28','',NULL,''),(3,'系统默认（多参）','DEFAULT','ryTask.ryMultipleParams(\'ry\', true, 2000L, 316.50D, 100)','0/20 * * * * ?','3','1','1','admin','2024-05-10 09:01:28','',NULL,'');
/*!40000 ALTER TABLE `sys_job` ENABLE KEYS */;
UNLOCK TABLES;

--
-- Table structure for table `sys_job_log`
--

DROP TABLE IF EXISTS `sys_job_log`;
/*!40101 SET @saved_cs_client     = @@character_set_client */;
/*!50503 SET character_set_client = utf8mb4 */;
CREATE TABLE `sys_job_log` (
  `job_log_id` bigint NOT NULL AUTO_INCREMENT COMMENT '任务日志ID',
  `job_name` varchar(64) CHARACTER SET utf8mb4 COLLATE utf8mb4_0900_ai_ci NOT NULL COMMENT '任务名称',
  `job_group` varchar(64) CHARACTER SET utf8mb4 COLLATE utf8mb4_0900_ai_ci NOT NULL COMMENT '任务组名',
  `invoke_target` varchar(500) CHARACTER SET utf8mb4 COLLATE utf8mb4_0900_ai_ci NOT NULL COMMENT '调用目标字符串',
  `job_message` varchar(500) CHARACTER SET utf8mb4 COLLATE utf8mb4_0900_ai_ci DEFAULT NULL COMMENT '日志信息',
  `status` char(1) CHARACTER SET utf8mb4 COLLATE utf8mb4_0900_ai_ci DEFAULT '0' COMMENT '执行状态（0正常 1失败）',
  `exception_info` varchar(2000) CHARACTER SET utf8mb4 COLLATE utf8mb4_0900_ai_ci DEFAULT '' COMMENT '异常信息',
  `create_time` datetime DEFAULT NULL COMMENT '创建时间',
  PRIMARY KEY (`job_log_id`) USING BTREE
) ENGINE=InnoDB DEFAULT CHARSET=utf8mb4 COLLATE=utf8mb4_0900_ai_ci ROW_FORMAT=DYNAMIC COMMENT='定时任务调度日志表';
/*!40101 SET character_set_client = @saved_cs_client */;

--
-- Dumping data for table `sys_job_log`
--

LOCK TABLES `sys_job_log` WRITE;
/*!40000 ALTER TABLE `sys_job_log` DISABLE KEYS */;
/*!40000 ALTER TABLE `sys_job_log` ENABLE KEYS */;
UNLOCK TABLES;

--
-- Table structure for table `sys_logininfor`
--

DROP TABLE IF EXISTS `sys_logininfor`;
/*!40101 SET @saved_cs_client     = @@character_set_client */;
/*!50503 SET character_set_client = utf8mb4 */;
CREATE TABLE `sys_logininfor` (
  `info_id` bigint NOT NULL AUTO_INCREMENT COMMENT '访问ID',
  `user_name` varchar(50) CHARACTER SET utf8mb4 COLLATE utf8mb4_0900_ai_ci DEFAULT '' COMMENT '用户账号',
  `ipaddr` varchar(128) CHARACTER SET utf8mb4 COLLATE utf8mb4_0900_ai_ci DEFAULT '' COMMENT '登录IP地址',
  `login_location` varchar(255) CHARACTER SET utf8mb4 COLLATE utf8mb4_0900_ai_ci DEFAULT '' COMMENT '登录地点',
  `browser` varchar(50) CHARACTER SET utf8mb4 COLLATE utf8mb4_0900_ai_ci DEFAULT '' COMMENT '浏览器类型',
  `os` varchar(50) CHARACTER SET utf8mb4 COLLATE utf8mb4_0900_ai_ci DEFAULT '' COMMENT '操作系统',
  `status` char(1) CHARACTER SET utf8mb4 COLLATE utf8mb4_0900_ai_ci DEFAULT '0' COMMENT '登录状态（0成功 1失败）',
  `msg` varchar(255) CHARACTER SET utf8mb4 COLLATE utf8mb4_0900_ai_ci DEFAULT '' COMMENT '提示消息',
  `login_time` datetime DEFAULT NULL COMMENT '访问时间',
  PRIMARY KEY (`info_id`) USING BTREE,
  KEY `idx_sys_logininfor_s` (`status`) USING BTREE,
  KEY `idx_sys_logininfor_lt` (`login_time`) USING BTREE
) ENGINE=InnoDB AUTO_INCREMENT=665 DEFAULT CHARSET=utf8mb4 COLLATE=utf8mb4_0900_ai_ci ROW_FORMAT=DYNAMIC COMMENT='系统访问记录';
/*!40101 SET character_set_client = @saved_cs_client */;

--
-- Dumping data for table `sys_logininfor`
--

LOCK TABLES `sys_logininfor` WRITE;
/*!40000 ALTER TABLE `sys_logininfor` DISABLE KEYS */;
INSERT INTO `sys_logininfor` VALUES (100,'admin','127.0.0.1','内网IP','Chrome 12','Windows 10','0','登录成功','2024-05-10 12:13:55'),(101,'admin','127.0.0.1','内网IP','Chrome 12','Windows 10','0','登录成功','2024-05-10 17:56:07'),(102,'admin','127.0.0.1','内网IP','Chrome 12','Windows 10','0','登录成功','2024-10-14 07:44:10'),(103,'admin','127.0.0.1','内网IP','Chrome 12','Windows 10','0','登录成功','2024-10-15 02:20:48'),(104,'admin','127.0.0.1','内网IP','Unknown','Unknown','1','验证码已失效','2024-10-15 02:36:19'),(105,'admin','127.0.0.1','内网IP','Unknown','Unknown','0','登录成功','2024-10-15 02:36:26'),(106,'0e3PSOll2A1cke4unpnl2S7ppA0PSOlN','127.0.0.1','内网IP','Chrome 12','Windows 10','1','验证码已失效','2024-10-15 06:29:12'),(107,'0e3PSOll2A1cke4unpnl2S7ppA0PSOlN','127.0.0.1','内网IP','Chrome 12','Windows 10','1','用户不存在/密码错误','2024-10-15 06:35:10'),(108,'0e3PSOll2A1cke4unpnl2S7ppA0PSOlN','127.0.0.1','内网IP','Chrome 12','Windows 10','1','* 必须填写','2024-10-15 06:37:14'),(109,'0e3PSOll2A1cke4unpnl2S7ppA0PSOlN','127.0.0.1','内网IP','Chrome 12','Windows 10','1','用户不存在/密码错误','2024-10-15 06:38:19'),(110,'0e3PSOll2A1cke4unpnl2S7ppA0PSOlN','127.0.0.1','内网IP','Chrome 12','Windows 10','1','用户不存在/密码错误','2024-10-15 08:23:08'),(111,'0e3PSOll2A1cke4unpnl2S7ppA0PSOlN','127.0.0.1','内网IP','Chrome 12','Windows 10','1','用户不存在/密码错误','2024-10-15 08:24:13'),(112,'0e3PSOll2A1cke4unpnl2S7ppA0PSOlN','127.0.0.1','内网IP','Chrome 12','Windows 10','1','用户不存在/密码错误','2024-10-15 08:24:49'),(113,'0e3PSOll2A1cke4unpnl2S7ppA0PSOlN','127.0.0.1','内网IP','Chrome 12','Windows 10','1','用户不存在/密码错误','2024-10-15 08:29:10'),(114,'0e3PSOll2A1cke4unpnl','127.0.0.1','内网IP','Chrome 12','Windows 10','1','用户不存在/密码错误','2024-10-15 08:31:06'),(115,'0e3PSOll2A1cke4unpnl','127.0.0.1','内网IP','Chrome 12','Windows 10','1','用户不存在/密码错误','2024-10-15 08:34:13'),(116,'0e3PSOll2A1cke4unpnl','127.0.0.1','内网IP','Chrome 12','Windows 10','0','登录成功','2024-10-15 08:34:38'),(117,'0e3PSOll2A1cke4unpnl2S7ppA0PSOlN','127.0.0.1','内网IP','Chrome 12','Windows 10','0','登录成功','2024-10-15 08:39:53'),(118,'admin','127.0.0.1','内网IP','Chrome 12','Windows 10','0','登录成功','2024-10-16 08:07:06'),(119,'admin','10.10.10.120','内网IP','Mobile Safari','Mac OS X (iPhone)','0','登录成功','2024-10-18 02:10:30'),(120,'admin','10.10.10.121','内网IP','Chrome Mobile','Android 7.x','0','登录成功','2024-10-18 03:10:24'),(121,'admin','10.10.10.121','内网IP','Chrome Mobile','Android 7.x','0','退出成功','2024-10-18 03:11:06'),(122,'admin','10.10.10.121','内网IP','Chrome Mobile','Android 7.x','0','登录成功','2024-10-18 03:11:07'),(123,'admin','10.10.10.121','内网IP','Chrome Mobile','Android 7.x','0','退出成功','2024-10-18 03:11:09'),(124,'admin','10.10.10.121','内网IP','Chrome Mobile','Android 7.x','0','登录成功','2024-10-18 03:11:10'),(125,'admin','10.10.10.121','内网IP','Chrome Mobile','Android 7.x','0','退出成功','2024-10-18 03:11:16'),(126,'admin','10.10.10.121','内网IP','Chrome Mobile','Android 7.x','0','登录成功','2024-10-18 03:11:32'),(127,'admin','10.10.10.121','内网IP','Chrome Mobile','Android 7.x','0','退出成功','2024-10-18 03:11:39'),(128,'admin','10.10.10.121','内网IP','Chrome Mobile','Android 7.x','0','登录成功','2024-10-18 03:11:49'),(129,'admin','10.10.10.121','内网IP','Chrome Mobile','Android 7.x','0','退出成功','2024-10-18 03:11:55'),(130,'admin','10.10.10.121','内网IP','Chrome Mobile','Android 7.x','0','登录成功','2024-10-18 03:12:05'),(131,'admin','10.10.10.121','内网IP','Chrome Mobile','Android 7.x','0','退出成功','2024-10-18 03:12:57'),(132,'admin','10.10.10.121','内网IP','Chrome Mobile','Android 7.x','0','登录成功','2024-10-18 03:12:58'),(133,'admin','10.10.10.121','内网IP','Chrome Mobile','Android 7.x','0','退出成功','2024-10-18 03:13:03'),(134,'admin','10.10.10.121','内网IP','Chrome Mobile','Android 7.x','0','登录成功','2024-10-18 03:13:04'),(135,'admin','10.10.10.121','内网IP','Chrome Mobile','Android 7.x','0','退出成功','2024-10-18 03:13:15'),(136,'admin','10.10.10.121','内网IP','Chrome Mobile','Android 7.x','0','登录成功','2024-10-18 03:13:16'),(137,'admin','127.0.0.1','内网IP','Chrome 12','Windows 10','0','登录成功','2024-10-18 03:22:20'),(138,'admin','10.10.10.121','内网IP','Chrome Mobile','Android 7.x','0','退出成功','2024-10-18 03:37:54'),(139,'admin','10.10.10.121','内网IP','Chrome Mobile','Android 7.x','0','登录成功','2024-10-18 03:37:55'),(140,'admin','10.10.10.121','内网IP','Chrome Mobile','Android 7.x','0','退出成功','2024-10-18 03:39:24'),(141,'admin','10.10.10.121','内网IP','Chrome Mobile','Android 7.x','0','登录成功','2024-10-18 03:39:27'),(142,'admin','10.10.10.121','内网IP','Chrome Mobile','Android 7.x','0','退出成功','2024-10-18 03:43:23'),(143,'admin','10.10.10.121','内网IP','Chrome Mobile','Android 7.x','0','登录成功','2024-10-18 03:47:57'),(144,'admin','10.10.10.121','内网IP','Chrome Mobile','Android 7.x','0','退出成功','2024-10-18 03:50:35'),(145,'admin','10.10.10.121','内网IP','Chrome Mobile','Android 7.x','0','登录成功','2024-10-18 03:51:54'),(146,'admin','10.10.10.121','内网IP','Chrome Mobile','Android 7.x','0','退出成功','2024-10-18 03:52:33'),(147,'admin','10.10.10.121','内网IP','Chrome Mobile','Android 7.x','0','登录成功','2024-10-18 03:52:34'),(148,'admin','10.10.10.121','内网IP','Chrome Mobile','Android 7.x','0','退出成功','2024-10-18 05:48:47'),(149,'admin','10.10.10.121','内网IP','Chrome Mobile','Android 7.x','0','登录成功','2024-10-18 05:48:48'),(150,'admin','10.10.10.105','内网IP','Chrome Mobile','Android 1.x','0','登录成功','2024-10-18 05:48:57'),(151,'admin','10.10.10.121','内网IP','Mobile Safari','Mac OS X (iPhone)','0','退出成功','2024-10-18 05:54:35'),(152,'admin','10.10.10.121','内网IP','Mobile Safari','Mac OS X (iPhone)','0','登录成功','2024-10-18 05:54:37'),(153,'admin','10.10.10.121','内网IP','Mobile Safari','Mac OS X (iPhone)','0','登录成功','2024-10-18 07:24:10'),(154,'admin','10.10.10.105','内网IP','Chrome Mobile','Android 1.x','0','登录成功','2024-10-18 08:14:07'),(155,'admin','10.10.10.126','内网IP','Chrome 12','Windows 10','0','登录成功','2024-10-18 08:40:34'),(156,'admin','127.0.0.1','内网IP','Chrome 12','Windows 10','0','登录成功','2024-10-18 10:18:17'),(157,'admin','127.0.0.1','内网IP','Chrome 12','Windows 10','0','登录成功','2024-10-18 10:27:47'),(158,'admin','10.10.10.121','内网IP','Mobile Safari','Mac OS X (iPhone)','0','退出成功','2024-10-18 10:45:40'),(159,'admin','10.10.10.121','内网IP','Mobile Safari','Mac OS X (iPhone)','0','登录成功','2024-10-18 10:45:41'),(160,'admin','10.10.10.120','内网IP','Mobile Safari','Mac OS X (iPhone)','0','登录成功','2024-10-21 01:20:41'),(161,'admin','127.0.0.1','内网IP','Mobile Safari','Mac OS X (iPhone)','0','登录成功','2024-10-21 01:45:35'),(162,'admin','10.10.10.121','内网IP','Mobile Safari','Mac OS X (iPhone)','0','退出成功','2024-10-21 02:07:41'),(163,'admin','10.10.10.121','内网IP','Mobile Safari','Mac OS X (iPhone)','0','登录成功','2024-10-21 02:07:42'),(164,'admin','10.10.10.105','内网IP','Chrome Mobile','Android 1.x','0','登录成功','2024-10-22 01:24:40'),(165,'admin','127.0.0.1','内网IP','Mobile Safari','Mac OS X (iPhone)','0','登录成功','2024-10-22 01:27:02'),(166,'admin','10.10.10.121','内网IP','Chrome Mobile','Android 1.x','0','登录成功','2024-10-22 02:03:40'),(167,'admin','10.10.10.121','内网IP','Mobile Safari','iOS 11 (iPhone)','0','登录成功','2024-10-22 02:32:13'),(168,'admin','10.10.10.121','内网IP','Mobile Safari','Mac OS X (iPhone)','0','退出成功','2024-10-22 02:54:38'),(169,'admin','10.10.10.121','内网IP','Chrome Mobile','Android 1.x','0','退出成功','2024-10-22 02:54:44'),(170,'admin','10.10.10.121','内网IP','Chrome Mobile','Android 1.x','0','登录成功','2024-10-22 02:54:45'),(171,'admin','10.10.10.121','内网IP','Mobile Safari','Mac OS X (iPhone)','0','登录成功','2024-10-22 02:54:46'),(172,'admin','10.10.10.121','内网IP','Mobile Safari','Mac OS X (iPhone)','0','退出成功','2024-10-22 03:28:55'),(173,'admin','10.10.10.121','内网IP','Chrome Mobile','Android 1.x','0','退出成功','2024-10-22 03:38:44'),(174,'admin','10.10.10.121','内网IP','Mobile Safari','Mac OS X (iPhone)','0','登录成功','2024-10-22 03:43:29'),(175,'admin','10.10.10.121','内网IP','Mobile Safari','Mac OS X (iPhone)','0','退出成功','2024-10-22 03:44:29'),(176,'admin','10.10.10.121','内网IP','Mobile Safari','Mac OS X (iPhone)','0','登录成功','2024-10-22 03:46:53'),(177,'admin','10.10.10.121','内网IP','Mobile Safari','Mac OS X (iPhone)','0','退出成功','2024-10-22 03:46:57'),(178,'admin','127.0.0.1','内网IP','Chrome 12','Windows 10','0','登录成功','2024-10-22 03:55:07'),(179,'admin','10.10.10.121','内网IP','Mobile Safari','Mac OS X (iPhone)','0','登录成功','2024-10-22 03:58:25'),(180,'admin','10.10.10.121','内网IP','Chrome Mobile','Android 1.x','0','登录成功','2024-10-22 03:58:30'),(181,'admin','10.10.10.121','内网IP','Chrome Mobile','Android 1.x','0','退出成功','2024-10-22 03:58:36'),(182,'admin','10.10.10.121','内网IP','Mobile Safari','Mac OS X (iPhone)','0','退出成功','2024-10-22 03:59:29'),(183,'admin','10.10.10.121','内网IP','Mobile Safari','Mac OS X (iPhone)','0','登录成功','2024-10-22 05:35:01'),(184,'admin','10.10.10.121','内网IP','Mobile Safari','Mac OS X (iPhone)','0','退出成功','2024-10-22 05:43:27'),(185,'admin','10.10.10.121','内网IP','Mobile Safari','Mac OS X (iPhone)','0','登录成功','2024-10-22 05:47:55'),(186,'admin','10.10.10.121','内网IP','Mobile Safari','Mac OS X (iPhone)','0','退出成功','2024-10-22 05:47:59'),(187,'admin','10.10.10.121','内网IP','Mobile Safari','Mac OS X (iPhone)','0','登录成功','2024-10-22 05:48:01'),(188,'admin','10.10.10.121','内网IP','Mobile Safari','Mac OS X (iPhone)','0','退出成功','2024-10-22 05:48:12'),(189,'admin','10.10.10.121','内网IP','Mobile Safari','Mac OS X (iPhone)','0','登录成功','2024-10-22 05:50:20'),(190,'admin','10.10.10.121','内网IP','Mobile Safari','Mac OS X (iPhone)','0','退出成功','2024-10-22 05:56:00'),(191,'admin','10.10.10.121','内网IP','Mobile Safari','Mac OS X (iPhone)','0','登录成功','2024-10-22 05:56:00'),(192,'admin','127.0.0.1','内网IP','Mobile Safari','Mac OS X (iPhone)','0','登录成功','2024-10-22 05:57:16'),(193,'admin','10.10.10.121','内网IP','Chrome 12','Windows 10','0','退出成功','2024-10-22 06:11:04'),(194,'admin','10.10.10.121','内网IP','Mobile Safari','Mac OS X (iPhone)','0','登录成功','2024-10-22 07:22:33'),(195,'admin','10.10.10.121','内网IP','Mobile Safari','Mac OS X (iPhone)','0','退出成功','2024-10-22 07:25:12'),(196,'admin','10.10.10.121','内网IP','Mobile Safari','Mac OS X (iPhone)','0','登录成功','2024-10-22 08:44:33'),(197,'admin','10.10.10.121','内网IP','Mobile Safari','iOS 11 (iPhone)','0','登录成功','2024-10-22 08:44:40'),(198,'admin','10.10.10.121','内网IP','Mobile Safari','Mac OS X (iPhone)','0','登录成功','2024-10-22 08:45:38'),(199,'admin','10.10.10.121','内网IP','Mobile Safari','Mac OS X (iPhone)','0','登录成功','2024-10-22 08:47:59'),(200,'admin','10.10.10.121','内网IP','Mobile Safari','iOS 11 (iPhone)','0','登录成功','2024-10-22 08:56:25'),(201,'admin','10.10.10.121','内网IP','Mobile Safari','Mac OS X (iPhone)','0','退出成功','2024-10-22 08:57:14'),(202,'admin','10.10.10.121','内网IP','Mobile Safari','Mac OS X (iPhone)','0','登录成功','2024-10-22 09:10:15'),(203,'admin','10.10.10.121','内网IP','Mobile Safari','Mac OS X (iPhone)','0','退出成功','2024-10-22 09:19:04'),(204,'admin','10.10.10.121','内网IP','Mobile Safari','Mac OS X (iPhone)','0','登录成功','2024-10-22 09:21:45'),(205,'admin','10.10.10.121','内网IP','Mobile Safari','Mac OS X (iPhone)','0','退出成功','2024-10-22 09:25:03'),(206,'admin','10.10.10.121','内网IP','Mobile Safari','Mac OS X (iPhone)','0','登录成功','2024-10-22 09:25:04'),(207,'admin','10.10.10.121','内网IP','Mobile Safari','Mac OS X (iPhone)','0','退出成功','2024-10-22 09:25:12'),(208,'admin','10.10.10.121','内网IP','Chrome Mobile','Android 1.x','0','登录成功','2024-10-22 09:30:02'),(209,'admin','10.10.10.121','内网IP','Mobile Safari','Mac OS X (iPhone)','0','登录成功','2024-10-22 09:30:23'),(210,'admin','10.10.10.121','内网IP','Mobile Safari','iOS 10 (iPhone)','0','退出成功','2024-10-22 09:31:25'),(211,'admin','10.10.10.121','内网IP','Mobile Safari','Mac OS X (iPhone)','0','登录成功','2024-10-22 09:59:45'),(212,'admin','10.10.10.121','内网IP','Mobile Safari','Mac OS X (iPhone)','0','退出成功','2024-10-22 09:59:58'),(213,'admin','10.10.10.121','内网IP','Chrome Mobile','Android 1.x','0','退出成功','2024-10-22 10:01:45'),(214,'admin','10.10.10.121','内网IP','Mobile Safari','Mac OS X (iPhone)','0','登录成功','2024-10-22 10:09:16'),(215,'admin','127.0.0.1','内网IP','Mobile Safari','Mac OS X (iPhone)','0','登录成功','2024-10-22 10:16:07'),(216,'admin','10.10.10.120','内网IP','Mobile Safari','Mac OS X (iPhone)','0','登录成功','2024-10-23 01:09:10'),(217,'admin','10.10.10.121','内网IP','Mobile Safari','iOS 7 (iPhone)','0','登录成功','2024-10-23 01:09:30'),(218,'admin','10.10.10.121','内网IP','Mobile Safari','iOS 11 (iPhone)','0','登录成功','2024-10-23 01:20:32'),(219,'admin','10.10.10.121','内网IP','Mobile Safari','iOS 11 (iPhone)','0','登录成功','2024-10-23 01:20:40'),(220,'admin','127.0.0.1','内网IP','Mobile Safari','Mac OS X (iPhone)','0','登录成功','2024-10-23 01:22:07'),(221,'admin','127.0.0.1','内网IP','Mobile Safari','Mac OS X (iPhone)','0','登录成功','2024-10-23 01:22:29'),(222,'admin','10.10.10.121','内网IP','Mobile Safari','Mac OS X (iPhone)','0','登录成功','2024-10-23 01:23:33'),(223,'admin','10.10.10.121','内网IP','Mobile Safari','Mac OS X (iPhone)','0','退出成功','2024-10-23 01:24:01'),(224,'admin','10.10.10.121','内网IP','Mobile Safari','Mac OS X (iPhone)','0','登录成功','2024-10-23 01:24:04'),(225,'admin','127.0.0.1','内网IP','Chrome 13','Windows 10','0','登录成功','2024-10-23 01:27:13'),(226,'admin','10.10.10.121','内网IP','Mobile Safari','Mac OS X (iPhone)','0','登录成功','2024-10-23 01:29:08'),(227,'admin','10.10.10.121','内网IP','Chrome 12','Windows 10','0','退出成功','2024-10-23 01:42:46'),(228,'admin','10.10.10.121','内网IP','Chrome 12','Windows 10','0','登录成功','2024-10-23 01:43:08'),(229,'admin','10.10.10.121','内网IP','Mobile Safari','iOS 11 (iPhone)','0','登录成功','2024-10-23 02:22:21'),(230,'admin','10.10.10.121','内网IP','Mobile Safari','iOS 11 (iPhone)','0','登录成功','2024-10-23 02:23:11'),(231,'admin','10.10.10.121','内网IP','Mobile Safari','iOS 11 (iPhone)','0','登录成功','2024-10-23 02:25:09'),(232,'admin','10.10.10.121','内网IP','Mobile Safari','iOS 11 (iPhone)','0','登录成功','2024-10-23 02:26:16'),(233,'admin','10.10.10.120','内网IP','Mobile Safari','Mac OS X (iPhone)','0','登录成功','2024-10-23 02:26:55'),(234,'admin','10.10.10.121','内网IP','Mobile Safari','iOS 11 (iPhone)','0','登录成功','2024-10-23 02:27:25'),(235,'admin','127.0.0.1','内网IP','Mobile Safari','Mac OS X (iPhone)','0','登录成功','2024-10-23 02:27:48'),(236,'admin','10.10.10.121','内网IP','Mobile Safari','iOS 11 (iPhone)','0','登录成功','2024-10-23 02:28:28'),(237,'admin','10.10.10.121','内网IP','Mobile Safari','iOS 11 (iPhone)','0','登录成功','2024-10-23 02:29:54'),(238,'admin','10.10.10.121','内网IP','Mobile Safari','iOS 11 (iPhone)','0','登录成功','2024-10-23 02:31:53'),(239,'admin','10.10.10.121','内网IP','Mobile Safari','iOS 11 (iPhone)','0','登录成功','2024-10-23 02:34:26'),(240,'admin','10.10.10.121','内网IP','Mobile Safari','iOS 11 (iPhone)','0','登录成功','2024-10-23 02:38:27'),(241,'admin','10.10.10.120','内网IP','Mobile Safari','Mac OS X (iPhone)','0','登录成功','2024-10-23 02:56:50'),(242,'admin','10.10.10.121','内网IP','Mobile Safari','Mac OS X (iPhone)','0','退出成功','2024-10-23 03:11:27'),(243,'admin','10.10.10.121','内网IP','Mobile Safari','Mac OS X (iPhone)','0','登录成功','2024-10-23 03:11:30'),(244,'admin','10.10.10.121','内网IP','Mobile Safari','Mac OS X (iPhone)','0','登录成功','2024-10-23 03:14:44'),(245,'admin','10.10.10.120','内网IP','Mobile Safari','Mac OS X (iPhone)','0','登录成功','2024-10-23 03:25:25'),(246,'admin','10.10.10.121','内网IP','Mobile Safari','Mac OS X (iPhone)','0','登录成功','2024-10-23 03:41:44'),(247,'admin','10.10.10.120','内网IP','Mobile Safari','Mac OS X (iPhone)','0','登录成功','2024-10-23 03:46:43'),(248,'admin','10.10.10.121','内网IP','Mobile Safari','iOS 11 (iPhone)','0','登录成功','2024-10-23 03:51:47'),(249,'admin','10.10.10.121','内网IP','Mobile Safari','Mac OS X (iPhone)','0','登录成功','2024-10-23 05:35:03'),(250,'admin','10.10.10.121','内网IP','Mobile Safari','Mac OS X (iPhone)','0','退出成功','2024-10-23 06:39:31'),(251,'admin','10.10.10.121','内网IP','Mobile Safari','Mac OS X (iPhone)','0','登录成功','2024-10-23 06:39:32'),(252,'admin','10.10.10.121','内网IP','Mobile Safari','iOS 11 (iPhone)','0','登录成功','2024-10-23 06:43:19'),(253,'admin','10.10.10.121','内网IP','Mobile Safari','iOS 11 (iPhone)','0','登录成功','2024-10-23 06:45:40'),(254,'admin','127.0.0.1','内网IP','Mobile Safari','Mac OS X (iPhone)','0','登录成功','2024-10-23 06:56:31'),(255,'admin','127.0.0.1','内网IP','Mobile Safari','Mac OS X (iPhone)','0','登录成功','2024-10-23 07:15:31'),(256,'admin','127.0.0.1','内网IP','Mobile Safari','Mac OS X (iPhone)','0','登录成功','2024-10-23 07:57:29'),(257,'admin','10.10.10.120','内网IP','Mobile Safari','Mac OS X (iPhone)','0','登录成功','2024-10-23 08:03:00'),(258,'admin','10.10.10.120','内网IP','Mobile Safari','Mac OS X (iPhone)','0','登录成功','2024-10-23 08:32:20'),(259,'admin','10.10.10.120','内网IP','Mobile Safari','Mac OS X (iPhone)','0','登录成功','2024-10-23 08:39:14'),(260,'admin','10.10.10.120','内网IP','Mobile Safari','Mac OS X (iPhone)','0','登录成功','2024-10-23 08:46:44'),(261,'admin','127.0.0.1','内网IP','Mobile Safari','Mac OS X (iPhone)','0','登录成功','2024-10-23 09:12:47'),(262,'admin','127.0.0.1','内网IP','Mobile Safari','Mac OS X (iPhone)','0','登录成功','2024-10-23 09:13:06'),(263,'admin','10.10.10.120','内网IP','Mobile Safari','Mac OS X (iPhone)','0','登录成功','2024-10-23 09:32:57'),(264,'admin','10.10.10.121','内网IP','Mobile Safari','iOS 11 (iPhone)','0','登录成功','2024-10-23 09:35:12'),(265,'admin','10.10.10.120','内网IP','Mobile Safari','Mac OS X (iPhone)','0','登录成功','2024-10-23 09:43:44'),(266,'admin','10.10.10.121','内网IP','Mobile Safari','Mac OS X (iPhone)','0','登录成功','2024-10-23 09:44:55'),(267,'admin','10.10.10.121','内网IP','Mobile Safari','iOS 11 (iPhone)','0','登录成功','2024-10-23 09:45:06'),(268,'admin','10.10.10.120','内网IP','Mobile Safari','Mac OS X (iPhone)','0','登录成功','2024-10-23 09:59:00'),(269,'admin','10.10.10.120','内网IP','Mobile Safari','Mac OS X (iPhone)','0','登录成功','2024-10-23 10:00:14'),(270,'admin','10.10.10.120','内网IP','Mobile Safari','Mac OS X (iPhone)','0','登录成功','2024-10-24 01:07:24'),(271,'admin','10.10.10.121','内网IP','Mobile Safari','Mac OS X (iPhone)','0','登录成功','2024-10-24 01:07:47'),(272,'oY8xN5cNkNVrUe0_byI7Ms6Rbz0k','10.10.10.121','内网IP','Mobile Safari','iOS 11 (iPhone)','0','登录成功','2024-10-24 01:08:55'),(273,'oY8xN5cNkNVrUe0_byI7Ms6Rbz0k','10.10.10.121','内网IP','Mobile Safari','iOS 11 (iPhone)','0','登录成功','2024-10-24 01:09:08'),(274,'oY8xN5cNkNVrUe0_byI7Ms6Rbz0k','10.10.10.121','内网IP','Mobile Safari','iOS 11 (iPhone)','0','登录成功','2024-10-24 01:10:49'),(275,'oY8xN5cNkNVrUe0_byI7Ms6Rbz0k','10.10.10.121','内网IP','Mobile Safari','iOS 11 (iPhone)','0','登录成功','2024-10-24 01:13:06'),(276,'oY8xN5cNkNVrUe0_byI7Ms6Rbz0k','10.10.10.121','内网IP','Mobile Safari','iOS 11 (iPhone)','0','登录成功','2024-10-24 01:14:01'),(277,'admin','127.0.0.1','内网IP','Chrome 13','Windows 10','0','登录成功','2024-10-24 01:14:17'),(278,'oY8xN5cNkNVrUe0_byI7Ms6Rbz0k','10.10.10.121','内网IP','Mobile Safari','iOS 11 (iPhone)','0','登录成功','2024-10-24 01:15:46'),(279,'admin','10.10.10.121','内网IP','Mobile Safari','Mac OS X (iPhone)','0','退出成功','2024-10-24 01:16:33'),(280,'admin','10.10.10.121','内网IP','Mobile Safari','Mac OS X (iPhone)','0','登录成功','2024-10-24 01:16:36'),(281,'oY8xN5cNkNVrUe0_byI7Ms6Rbz0k','10.10.10.121','内网IP','Mobile Safari','iOS 11 (iPhone)','0','登录成功','2024-10-24 01:17:56'),(282,'oY8xN5cNkNVrUe0_byI7Ms6Rbz0k','10.10.10.121','内网IP','Mobile Safari','iOS 11 (iPhone)','0','登录成功','2024-10-24 01:18:36'),(283,'oY8xN5cNkNVrUe0_byI7Ms6Rbz0k','10.10.10.121','内网IP','Mobile Safari','iOS 11 (iPhone)','0','登录成功','2024-10-24 01:24:04'),(284,'oY8xN5cNkNVrUe0_byI7Ms6Rbz0k','10.10.10.121','内网IP','Mobile Safari','iOS 11 (iPhone)','0','登录成功','2024-10-24 01:25:53'),(285,'oY8xN5cNkNVrUe0_byI7Ms6Rbz0k','10.10.10.121','内网IP','Mobile Safari','iOS 11 (iPhone)','0','登录成功','2024-10-24 01:28:32'),(286,'oY8xN5cNkNVrUe0_byI7Ms6Rbz0k','10.10.10.121','内网IP','Mobile Safari','iOS 11 (iPhone)','0','登录成功','2024-10-24 01:29:45'),(287,'oY8xN5cNkNVrUe0_byI7Ms6Rbz0k','10.10.10.121','内网IP','Mobile Safari','iOS 11 (iPhone)','0','登录成功','2024-10-24 01:30:42'),(288,'oY8xN5cNkNVrUe0_byI7Ms6Rbz0k','10.10.10.121','内网IP','Mobile Safari','iOS 11 (iPhone)','0','登录成功','2024-10-24 01:31:30'),(289,'oY8xN5cNkNVrUe0_byI7Ms6Rbz0k','10.10.10.121','内网IP','Mobile Safari','iOS 11 (iPhone)','0','登录成功','2024-10-24 01:32:03'),(290,'oY8xN5cNkNVrUe0_byI7Ms6Rbz0k','10.10.10.121','内网IP','Mobile Safari','iOS 11 (iPhone)','0','登录成功','2024-10-24 01:32:56'),(291,'oY8xN5cNkNVrUe0_byI7Ms6Rbz0k','10.10.10.121','内网IP','Mobile Safari','iOS 11 (iPhone)','0','登录成功','2024-10-24 01:34:16'),(292,'oY8xN5cNkNVrUe0_byI7Ms6Rbz0k','10.10.10.121','内网IP','Mobile Safari','iOS 11 (iPhone)','0','登录成功','2024-10-24 01:35:38'),(293,'oY8xN5cNkNVrUe0_byI7Ms6Rbz0k','10.10.10.121','内网IP','Mobile Safari','iOS 11 (iPhone)','0','登录成功','2024-10-24 01:38:24'),(294,'oY8xN5cNkNVrUe0_byI7Ms6Rbz0k','10.10.10.121','内网IP','Mobile Safari','iOS 11 (iPhone)','0','登录成功','2024-10-24 01:38:58'),(295,'oY8xN5cNkNVrUe0_byI7Ms6Rbz0k','10.10.10.121','内网IP','Mobile Safari','iOS 11 (iPhone)','0','登录成功','2024-10-24 01:40:25'),(296,'oY8xN5cNkNVrUe0_byI7Ms6Rbz0k','10.10.10.121','内网IP','Mobile Safari','iOS 11 (iPhone)','0','登录成功','2024-10-24 01:41:08'),(297,'oY8xN5cNkNVrUe0_byI7Ms6Rbz0k','10.10.10.121','内网IP','Mobile Safari','iOS 11 (iPhone)','0','登录成功','2024-10-24 01:41:48'),(298,'oY8xN5cNkNVrUe0_byI7Ms6Rbz0k','10.10.10.121','内网IP','Mobile Safari','iOS 11 (iPhone)','0','登录成功','2024-10-24 01:44:55'),(299,'admin','127.0.0.1','内网IP','Chrome 13','Windows 10','0','登录成功','2024-10-24 01:45:49'),(300,'oY8xN5cNkNVrUe0_byI7Ms6Rbz0k','10.10.10.121','内网IP','Mobile Safari','iOS 11 (iPhone)','0','登录成功','2024-10-24 01:47:08'),(301,'oY8xN5cNkNVrUe0_byI7Ms6Rbz0k','10.10.10.121','内网IP','Mobile Safari','iOS 11 (iPhone)','0','登录成功','2024-10-24 01:48:42'),(302,'oY8xN5cNkNVrUe0_byI7Ms6Rbz0k','10.10.10.121','内网IP','Mobile Safari','iOS 11 (iPhone)','0','登录成功','2024-10-24 01:50:11'),(303,'oY8xN5cNkNVrUe0_byI7Ms6Rbz0k','10.10.10.121','内网IP','Mobile Safari','iOS 11 (iPhone)','0','登录成功','2024-10-24 01:50:29'),(304,'oY8xN5cNkNVrUe0_byI7Ms6Rbz0k','10.10.10.121','内网IP','Mobile Safari','iOS 11 (iPhone)','0','登录成功','2024-10-24 01:52:42'),(305,'oY8xN5cNkNVrUe0_byI7Ms6Rbz0k','10.10.10.121','内网IP','Mobile Safari','iOS 11 (iPhone)','0','登录成功','2024-10-24 01:53:32'),(306,'oY8xN5cNkNVrUe0_byI7Ms6Rbz0k','10.10.10.121','内网IP','Mobile Safari','iOS 11 (iPhone)','0','登录成功','2024-10-24 01:54:55'),(307,'oY8xN5cNkNVrUe0_byI7Ms6Rbz0k','10.10.10.121','内网IP','Mobile Safari','iOS 11 (iPhone)','0','登录成功','2024-10-24 01:55:55'),(308,'oY8xN5cNkNVrUe0_byI7Ms6Rbz0k','10.10.10.121','内网IP','Mobile Safari','iOS 11 (iPhone)','0','登录成功','2024-10-24 01:56:46'),(309,'oY8xN5cNkNVrUe0_byI7Ms6Rbz0k','10.10.10.121','内网IP','Mobile Safari','iOS 11 (iPhone)','0','登录成功','2024-10-24 02:00:27'),(310,'oY8xN5cNkNVrUe0_byI7Ms6Rbz0k','10.10.10.121','内网IP','Mobile Safari','iOS 11 (iPhone)','0','登录成功','2024-10-24 02:00:56'),(311,'oY8xN5cNkNVrUe0_byI7Ms6Rbz0k','10.10.10.121','内网IP','Mobile Safari','iOS 11 (iPhone)','0','登录成功','2024-10-24 02:01:16'),(312,'oY8xN5cNkNVrUe0_byI7Ms6Rbz0k','10.10.10.121','内网IP','Mobile Safari','iOS 11 (iPhone)','0','登录成功','2024-10-24 02:02:34'),(313,'oY8xN5cNkNVrUe0_byI7Ms6Rbz0k','10.10.10.121','内网IP','Mobile Safari','iOS 11 (iPhone)','0','登录成功','2024-10-24 02:02:57'),(314,'oY8xN5cNkNVrUe0_byI7Ms6Rbz0k','10.10.10.121','内网IP','Mobile Safari','iOS 11 (iPhone)','0','登录成功','2024-10-24 02:03:22'),(315,'admin','10.10.10.121','内网IP','Mobile Safari','Mac OS X (iPhone)','0','退出成功','2024-10-24 02:03:38'),(316,'oY8xN5cNkNVrUe0_byI7Ms6Rbz0k','10.10.10.121','内网IP','Mobile Safari','iOS 11 (iPhone)','0','登录成功','2024-10-24 02:04:43'),(317,'oY8xN5cNkNVrUe0_byI7Ms6Rbz0k','10.10.10.121','内网IP','Mobile Safari','iOS 11 (iPhone)','0','登录成功','2024-10-24 02:07:12'),(318,'admin','10.10.10.121','内网IP','Mobile Safari','Mac OS X (iPhone)','0','登录成功','2024-10-24 02:10:07'),(319,'oY8xN5cNkNVrUe0_byI7Ms6Rbz0k','10.10.10.121','内网IP','Mobile Safari','iOS 11 (iPhone)','0','登录成功','2024-10-24 02:11:22'),(320,'oY8xN5cNkNVrUe0_byI7Ms6Rbz0k','10.10.10.121','内网IP','Mobile Safari','iOS 11 (iPhone)','0','登录成功','2024-10-24 02:12:01'),(321,'oY8xN5cNkNVrUe0_byI7Ms6Rbz0k','10.10.10.121','内网IP','Mobile Safari','iOS 11 (iPhone)','0','登录成功','2024-10-24 02:12:30'),(322,'oY8xN5cNkNVrUe0_byI7Ms6Rbz0k','10.10.10.121','内网IP','Mobile Safari','iOS 11 (iPhone)','0','登录成功','2024-10-24 02:14:01'),(323,'oY8xN5cNkNVrUe0_byI7Ms6Rbz0k','10.10.10.121','内网IP','Mobile Safari','iOS 11 (iPhone)','0','登录成功','2024-10-24 02:14:17'),(324,'oY8xN5cNkNVrUe0_byI7Ms6Rbz0k','10.10.10.121','内网IP','Mobile Safari','iOS 11 (iPhone)','0','登录成功','2024-10-24 02:15:12'),(325,'oY8xN5cNkNVrUe0_byI7Ms6Rbz0k','10.10.10.121','内网IP','Mobile Safari','iOS 11 (iPhone)','0','登录成功','2024-10-24 02:15:25'),(326,'oY8xN5cNkNVrUe0_byI7Ms6Rbz0k','10.10.10.121','内网IP','Mobile Safari','iOS 11 (iPhone)','0','登录成功','2024-10-24 02:16:00'),(327,'oY8xN5cNkNVrUe0_byI7Ms6Rbz0k','10.10.10.121','内网IP','Mobile Safari','iOS 11 (iPhone)','0','登录成功','2024-10-24 02:17:01'),(328,'oY8xN5cNkNVrUe0_byI7Ms6Rbz0k','10.10.10.121','内网IP','Mobile Safari','iOS 11 (iPhone)','0','登录成功','2024-10-24 02:18:05'),(329,'admin','10.10.10.121','内网IP','Mobile Safari','Mac OS X (iPhone)','0','退出成功','2024-10-24 02:18:47'),(330,'admin','10.10.10.121','内网IP','Mobile Safari','Mac OS X (iPhone)','0','登录成功','2024-10-24 02:18:48'),(331,'admin','10.10.10.121','内网IP','Mobile Safari','Mac OS X (iPhone)','0','退出成功','2024-10-24 02:19:01'),(332,'admin','10.10.10.121','内网IP','Mobile Safari','Mac OS X (iPhone)','0','登录成功','2024-10-24 02:19:01'),(333,'oY8xN5cNkNVrUe0_byI7Ms6Rbz0k','10.10.10.121','内网IP','Mobile Safari','iOS 11 (iPhone)','0','登录成功','2024-10-24 02:19:15'),(334,'oY8xN5cNkNVrUe0_byI7Ms6Rbz0k','10.10.10.121','内网IP','Mobile Safari','iOS 11 (iPhone)','0','登录成功','2024-10-24 02:20:02'),(335,'oY8xN5cNkNVrUe0_byI7Ms6Rbz0k','10.10.10.121','内网IP','Mobile Safari','iOS 11 (iPhone)','0','登录成功','2024-10-24 02:20:28'),(336,'oY8xN5cNkNVrUe0_byI7Ms6Rbz0k','10.10.10.121','内网IP','Mobile Safari','iOS 11 (iPhone)','0','登录成功','2024-10-24 02:21:23'),(337,'oY8xN5cNkNVrUe0_byI7Ms6Rbz0k','10.10.10.121','内网IP','Mobile Safari','iOS 11 (iPhone)','0','登录成功','2024-10-24 02:21:54'),(338,'oY8xN5cNkNVrUe0_byI7Ms6Rbz0k','10.10.10.121','内网IP','Mobile Safari','iOS 11 (iPhone)','0','登录成功','2024-10-24 02:23:18'),(339,'admin','10.10.10.121','内网IP','Mobile Safari','Mac OS X (iPhone)','0','退出成功','2024-10-24 02:24:22'),(340,'admin','10.10.10.121','内网IP','Mobile Safari','Mac OS X (iPhone)','0','登录成功','2024-10-24 02:24:25'),(341,'admin','10.10.10.121','内网IP','Mobile Safari','Mac OS X (iPhone)','0','退出成功','2024-10-24 02:24:31'),(342,'admin','10.10.10.121','内网IP','Mobile Safari','Mac OS X (iPhone)','0','登录成功','2024-10-24 02:24:34'),(343,'oY8xN5cNkNVrUe0_byI7Ms6Rbz0k','10.10.10.121','内网IP','Mobile Safari','iOS 11 (iPhone)','0','登录成功','2024-10-24 02:24:43'),(344,'oY8xN5cNkNVrUe0_byI7Ms6Rbz0k','10.10.10.121','内网IP','Mobile Safari','iOS 11 (iPhone)','0','登录成功','2024-10-24 02:25:11'),(345,'admin','10.10.10.120','内网IP','Mobile Safari','Mac OS X (iPhone)','0','登录成功','2024-10-24 02:25:13'),(346,'oY8xN5cNkNVrUe0_byI7Ms6Rbz0k','10.10.10.121','内网IP','Mobile Safari','iOS 11 (iPhone)','0','退出成功','2024-10-24 02:25:24'),(347,'admin','10.10.10.121','内网IP','Mobile Safari','iOS 11 (iPhone)','0','登录成功','2024-10-24 02:25:26'),(348,'oY8xN5cNkNVrUe0_byI7Ms6Rbz0k','10.10.10.121','内网IP','Mobile Safari','iOS 11 (iPhone)','0','登录成功','2024-10-24 02:25:33'),(349,'admin','10.10.10.120','内网IP','Mobile Safari','Mac OS X (iPhone)','0','登录成功','2024-10-24 02:26:21'),(350,'admin','10.10.10.121','内网IP','Mobile Safari','iOS 11 (iPhone)','0','登录成功','2024-10-24 02:27:24'),(351,'admin','10.10.10.121','内网IP','Mobile Safari','Mac OS X (iPhone)','0','退出成功','2024-10-24 02:27:37'),(352,'admin','10.10.10.120','内网IP','Mobile Safari','Mac OS X (iPhone)','0','登录成功','2024-10-24 02:28:34'),(353,'oY8xN5cNkNVrUe0_byI7Ms6Rbz0k','10.10.10.121','内网IP','Mobile Safari','iOS 11 (iPhone)','0','登录成功','2024-10-24 02:28:48'),(354,'oY8xN5cNkNVrUe0_byI7Ms6Rbz0k','10.10.10.121','内网IP','Mobile Safari','iOS 11 (iPhone)','0','登录成功','2024-10-24 02:29:21'),(355,'admin','10.10.10.120','内网IP','Mobile Safari','Mac OS X (iPhone)','0','登录成功','2024-10-24 02:29:21'),(356,'admin','10.10.10.121','内网IP','Mobile Safari','Mac OS X (iPhone)','0','登录成功','2024-10-24 02:31:41'),(357,'admin','10.10.10.121','内网IP','Mobile Safari','Mac OS X (iPhone)','0','退出成功','2024-10-24 02:44:13'),(358,'admin','10.10.10.121','内网IP','Mobile Safari','Mac OS X (iPhone)','0','登录成功','2024-10-24 02:44:13'),(359,'admin','10.10.10.121','内网IP','Mobile Safari','Mac OS X (iPhone)','0','退出成功','2024-10-24 02:44:14'),(360,'admin','10.10.10.121','内网IP','Mobile Safari','Mac OS X (iPhone)','0','登录成功','2024-10-24 02:44:15'),(361,'admin','10.10.10.121','内网IP','Mobile Safari','Mac OS X (iPhone)','0','退出成功','2024-10-24 02:44:16'),(362,'admin','10.10.10.121','内网IP','Mobile Safari','Mac OS X (iPhone)','0','登录成功','2024-10-24 02:44:20'),(363,'admin','10.10.10.121','内网IP','Mobile Safari','Mac OS X (iPhone)','0','退出成功','2024-10-24 02:44:40'),(364,'admin','10.10.10.121','内网IP','Mobile Safari','Mac OS X (iPhone)','0','登录成功','2024-10-24 02:44:41'),(365,'admin','10.10.10.121','内网IP','Mobile Safari','Mac OS X (iPhone)','0','退出成功','2024-10-24 02:44:43'),(366,'admin','10.10.10.121','内网IP','Mobile Safari','Mac OS X (iPhone)','0','登录成功','2024-10-24 02:44:43'),(367,'admin','10.10.10.121','内网IP','Mobile Safari','Mac OS X (iPhone)','0','退出成功','2024-10-24 02:45:04'),(368,'admin','10.10.10.121','内网IP','Mobile Safari','Mac OS X (iPhone)','0','登录成功','2024-10-24 02:45:06'),(369,'admin','10.10.10.121','内网IP','Mobile Safari','Mac OS X (iPhone)','0','退出成功','2024-10-24 02:45:32'),(370,'admin','10.10.10.121','内网IP','Mobile Safari','Mac OS X (iPhone)','0','登录成功','2024-10-24 02:45:44'),(371,'oY8xN5cNkNVrUe0_byI7Ms6Rbz0k','10.10.10.121','内网IP','Mobile Safari','iOS 11 (iPhone)','0','登录成功','2024-10-24 03:12:06'),(372,'admin','127.0.0.1','内网IP','Mobile Safari','Mac OS X (iPhone)','0','登录成功','2024-10-24 03:13:38'),(373,'admin','127.0.0.1','内网IP','Mobile Safari','Mac OS X (iPhone)','0','登录成功','2024-10-24 03:15:22'),(374,'admin','10.10.10.121','内网IP','Mobile Safari','Mac OS X (iPhone)','0','登录成功','2024-10-24 03:21:05'),(375,'admin','127.0.0.1','内网IP','Chrome 13','Windows 10','0','登录成功','2024-10-24 07:29:55'),(376,'admin','10.10.10.121','内网IP','Chrome Mobile','Android 1.x','0','登录成功','2024-10-24 09:03:29'),(377,'admin','10.10.10.121','内网IP','Chrome Mobile','Android 1.x','0','退出成功','2024-10-24 09:43:11'),(378,'admin','10.10.10.121','内网IP','Chrome Mobile','Android 1.x','0','登录成功','2024-10-24 09:43:16'),(379,'admin','127.0.0.1','内网IP','Chrome 13','Windows 10','0','登录成功','2024-10-24 10:19:12'),(380,'admin','127.0.0.1','内网IP','Chrome 13','Windows 10','0','登录成功','2024-10-25 01:10:12'),(381,'admin','10.10.10.121','内网IP','Mobile Safari','Mac OS X (iPhone)','0','退出成功','2024-10-25 01:44:29'),(382,'admin','10.10.10.121','内网IP','Mobile Safari','Mac OS X (iPhone)','0','登录成功','2024-10-25 01:44:30'),(383,'admin','127.0.0.1','内网IP','Mobile Safari','Mac OS X (iPhone)','0','登录成功','2024-10-25 02:30:54'),(384,'admin','127.0.0.1','内网IP','Chrome Mobile','Android 6.x','0','登录成功','2024-10-25 02:31:08'),(385,'admin','10.10.10.121','内网IP','Mobile Safari','Mac OS X (iPhone)','0','退出成功','2024-10-25 03:08:49'),(386,'admin','10.10.10.121','内网IP','Mobile Safari','Mac OS X (iPhone)','0','登录成功','2024-10-25 03:08:52'),(387,'admin','10.10.10.121','内网IP','Mobile Safari','Mac OS X (iPhone)','0','退出成功','2024-10-25 03:15:45'),(388,'admin','10.10.10.121','内网IP','Mobile Safari','Mac OS X (iPhone)','0','登录成功','2024-10-25 03:15:47'),(389,'admin','10.10.10.121','内网IP','Mobile Safari','Mac OS X (iPhone)','0','退出成功','2024-10-25 03:16:00'),(390,'admin','10.10.10.121','内网IP','Mobile Safari','Mac OS X (iPhone)','0','登录成功','2024-10-25 03:16:04'),(391,'admin','10.10.10.121','内网IP','Mobile Safari','Mac OS X (iPhone)','0','退出成功','2024-10-25 03:16:27'),(392,'admin','10.10.10.121','内网IP','Mobile Safari','Mac OS X (iPhone)','0','登录成功','2024-10-25 03:16:28'),(393,'admin','10.10.10.121','内网IP','Mobile Safari','Mac OS X (iPhone)','0','退出成功','2024-10-25 03:16:46'),(394,'admin','10.10.10.121','内网IP','Mobile Safari','Mac OS X (iPhone)','0','登录成功','2024-10-25 03:16:47'),(395,'admin','10.10.10.121','内网IP','Mobile Safari','Mac OS X (iPhone)','0','退出成功','2024-10-25 03:17:03'),(396,'admin','10.10.10.121','内网IP','Mobile Safari','Mac OS X (iPhone)','0','登录成功','2024-10-25 03:17:04'),(397,'admin','10.10.10.121','内网IP','Mobile Safari','Mac OS X (iPhone)','0','退出成功','2024-10-25 03:17:33'),(398,'admin','10.10.10.121','内网IP','Mobile Safari','Mac OS X (iPhone)','0','登录成功','2024-10-25 03:17:38'),(399,'admin','10.10.10.121','内网IP','Mobile Safari','Mac OS X (iPhone)','0','退出成功','2024-10-25 03:19:13'),(400,'admin','10.10.10.121','内网IP','Mobile Safari','Mac OS X (iPhone)','0','登录成功','2024-10-25 03:19:16'),(401,'admin','10.10.10.121','内网IP','Mobile Safari','Mac OS X (iPhone)','0','登录成功','2024-10-25 03:19:22'),(402,'admin','127.0.0.1','内网IP','Mobile Safari','Mac OS X (iPhone)','0','登录成功','2024-10-25 03:21:40'),(403,'admin','10.10.10.109','内网IP','Chrome Mobile','Android 1.x','0','登录成功','2024-10-25 03:22:38'),(404,'ry','127.0.0.1','内网IP','Mobile Safari','Mac OS X (iPhone)','0','登录成功','2024-10-25 03:49:18'),(405,'ry','127.0.0.1','内网IP','Mobile Safari','Mac OS X (iPhone)','0','退出成功','2024-10-25 03:49:39'),(406,'ry1','127.0.0.1','内网IP','Mobile Safari','Mac OS X (iPhone)','0','登录成功','2024-10-25 03:49:44'),(407,'admin','127.0.0.1','内网IP','Mobile Safari','Mac OS X (iPhone)','0','登录成功','2024-10-25 04:09:37'),(408,'admin','10.10.10.121','内网IP','Mobile Safari','Mac OS X (iPhone)','0','登录成功','2024-10-25 07:02:27'),(409,'admin','10.10.10.121','内网IP','Mobile Safari','Mac OS X (iPhone)','0','登录成功','2024-10-25 07:06:19'),(410,'admin','10.10.10.121','内网IP','Mobile Safari','Mac OS X (iPhone)','0','登录成功','2024-10-25 07:13:40'),(411,'admin','10.10.10.121','内网IP','Mobile Safari','Mac OS X (iPhone)','0','登录成功','2024-10-25 07:14:40'),(412,'admin','10.10.10.121','内网IP','Mobile Safari','Mac OS X (iPhone)','0','登录成功','2024-10-25 07:15:14'),(413,'admin','10.10.10.120','内网IP','Mobile Safari','Mac OS X (iPhone)','0','登录成功','2024-10-25 07:15:32'),(414,'admin','10.10.10.121','内网IP','Mobile Safari','Mac OS X (iPhone)','0','登录成功','2024-10-25 07:18:08'),(415,'admin','10.10.10.121','内网IP','Mobile Safari','Mac OS X (iPhone)','0','登录成功','2024-10-25 07:18:51'),(416,'admin','10.10.10.121','内网IP','Mobile Safari','Mac OS X (iPhone)','0','登录成功','2024-10-25 07:21:42'),(417,'admin','10.10.10.121','内网IP','Mobile Safari','Mac OS X (iPhone)','0','退出成功','2024-10-25 07:22:51'),(418,'admin','10.10.10.121','内网IP','Mobile Safari','Mac OS X (iPhone)','0','登录成功','2024-10-25 07:22:52'),(419,'admin','10.10.10.121','内网IP','Mobile Safari','Mac OS X (iPhone)','0','登录成功','2024-10-25 07:23:54'),(420,'admin','10.10.10.121','内网IP','Mobile Safari','Mac OS X (iPhone)','0','登录成功','2024-10-25 07:25:40'),(421,'admin','10.10.10.121','内网IP','Mobile Safari','Mac OS X (iPhone)','0','退出成功','2024-10-25 07:25:57'),(422,'admin','10.10.10.121','内网IP','Mobile Safari','Mac OS X (iPhone)','0','登录成功','2024-10-25 07:25:58'),(423,'admin','10.10.10.121','内网IP','Chrome 12','Windows 10','0','登录成功','2024-10-25 07:26:03'),(424,'admin','10.10.10.121','内网IP','Mobile Safari','Mac OS X (iPhone)','0','登录成功','2024-10-25 07:26:11'),(425,'admin','10.10.10.121','内网IP','Mobile Safari','Mac OS X (iPhone)','0','退出成功','2024-10-25 07:26:44'),(426,'admin','10.10.10.121','内网IP','Mobile Safari','Mac OS X (iPhone)','0','登录成功','2024-10-25 07:26:44'),(427,'admin','10.10.10.121','内网IP','Mobile Safari','Mac OS X (iPhone)','0','退出成功','2024-10-25 07:29:44'),(428,'admin','10.10.10.121','内网IP','Mobile Safari','Mac OS X (iPhone)','0','登录成功','2024-10-25 07:29:45'),(429,'admin','10.10.10.121','内网IP','Mobile Safari','Mac OS X (iPhone)','0','登录成功','2024-10-25 07:36:48'),(430,'admin','127.0.0.1','内网IP','Mobile Safari','Mac OS X (iPhone)','0','登录成功','2024-10-25 07:59:23'),(431,'admin','127.0.0.1','内网IP','Mobile Safari','Mac OS X (iPhone)','0','退出成功','2024-10-25 07:59:31'),(432,'admin','127.0.0.1','内网IP','Mobile Safari','Mac OS X (iPhone)','0','登录成功','2024-10-25 08:01:08'),(433,'admin','10.10.10.121','内网IP','Mobile Safari','Mac OS X (iPhone)','0','退出成功','2024-10-25 09:11:37'),(434,'admin','10.10.10.121','内网IP','Mobile Safari','Mac OS X (iPhone)','0','登录成功','2024-10-25 09:11:38'),(435,'admin','127.0.0.1','内网IP','Mobile Safari','Mac OS X (iPhone)','0','登录成功','2024-10-28 01:26:00'),(436,'admin','10.10.10.120','内网IP','Mobile Safari','Mac OS X (iPhone)','0','登录成功','2024-10-28 01:58:42'),(437,'admin','127.0.0.1','内网IP','Chrome Mobile','Android 6.x','0','登录成功','2024-10-28 02:10:49'),(438,'admin','10.10.10.121','内网IP','Mobile Safari','Mac OS X (iPhone)','0','登录成功','2024-10-28 02:25:03'),(439,'admin','10.10.10.120','内网IP','Mobile Safari','Mac OS X (iPhone)','0','登录成功','2024-10-28 02:34:11'),(440,'admin','10.10.10.121','内网IP','Chrome Mobile','Android 1.x','0','登录成功','2024-10-28 02:43:40'),(441,'admin','10.10.10.121','内网IP','Mobile Safari','Mac OS X (iPhone)','0','登录成功','2024-10-28 02:44:24'),(442,'admin','10.10.10.121','内网IP','Mobile Safari','Mac OS X (iPhone)','0','退出成功','2024-10-28 02:44:34'),(443,'admin','10.10.10.121','内网IP','Mobile Safari','Mac OS X (iPhone)','0','登录成功','2024-10-28 02:44:34'),(444,'admin','10.10.10.121','内网IP','Mobile Safari','Mac OS X (iPhone)','0','登录成功','2024-10-28 02:44:46'),(445,'admin','10.10.10.121','内网IP','Mobile Safari','Mac OS X (iPhone)','0','登录成功','2024-10-28 02:45:01'),(446,'admin','10.10.10.121','内网IP','Mobile Safari','Mac OS X (iPhone)','0','登录成功','2024-10-28 02:50:17'),(447,'admin','10.10.10.121','内网IP','Mobile Safari','Mac OS X (iPhone)','0','登录成功','2024-10-28 02:53:39'),(448,'admin','10.10.10.121','内网IP','Mobile Safari','Mac OS X (iPhone)','0','登录成功','2024-10-28 02:54:13'),(449,'admin','10.10.10.121','内网IP','Mobile Safari','Mac OS X (iPhone)','0','登录成功','2024-10-28 02:55:11'),(450,'admin','10.10.10.121','内网IP','Mobile Safari','Mac OS X (iPhone)','0','登录成功','2024-10-28 03:09:27'),(451,'admin','10.10.10.120','内网IP','Mobile Safari','Mac OS X (iPhone)','0','登录成功','2024-10-28 03:20:15'),(452,'admin','127.0.0.1','内网IP','Chrome Mobile','Android 6.x','0','登录成功','2024-10-28 03:31:24'),(453,'admin','10.10.10.121','内网IP','Mobile Safari','Mac OS X (iPhone)','0','退出成功','2024-10-28 03:37:55'),(454,'admin','10.10.10.121','内网IP','Mobile Safari','Mac OS X (iPhone)','0','登录成功','2024-10-28 03:38:01'),(455,'admin','10.10.10.121','内网IP','Mobile Safari','Mac OS X (iPhone)','0','退出成功','2024-10-28 03:40:34'),(456,'admin','10.10.10.121','内网IP','Mobile Safari','Mac OS X (iPhone)','0','登录成功','2024-10-28 03:40:36'),(457,'admin','10.10.10.121','内网IP','Mobile Safari','Mac OS X (iPhone)','0','退出成功','2024-10-28 03:47:45'),(458,'admin','10.10.10.121','内网IP','Mobile Safari','Mac OS X (iPhone)','0','登录成功','2024-10-28 03:47:46'),(459,'admin','10.10.10.121','内网IP','Mobile Safari','Mac OS X (iPhone)','0','退出成功','2024-10-28 03:49:12'),(460,'admin','10.10.10.121','内网IP','Mobile Safari','Mac OS X (iPhone)','0','登录成功','2024-10-28 03:49:15'),(461,'admin','10.10.10.121','内网IP','Mobile Safari','Mac OS X (iPhone)','0','退出成功','2024-10-28 03:49:48'),(462,'admin','10.10.10.121','内网IP','Mobile Safari','Mac OS X (iPhone)','0','登录成功','2024-10-28 03:49:49'),(463,'admin','10.10.10.121','内网IP','Mobile Safari','Mac OS X (iPhone)','0','退出成功','2024-10-28 05:34:43'),(464,'admin','10.10.10.121','内网IP','Mobile Safari','Mac OS X (iPhone)','0','登录成功','2024-10-28 05:34:48'),(465,'oY8xN5cNkNVrUe0_byI7Ms6Rbz0k','10.10.10.121','内网IP','Mobile Safari','iOS 11 (iPhone)','1','用户不存在/密码错误','2024-10-28 05:35:05'),(466,'oY8xN5cNkNVrUe0_byI7Ms6Rbz0k','10.10.10.121','内网IP','Mobile Safari','iOS 11 (iPhone)','1','用户不存在/密码错误','2024-10-28 05:35:09'),(467,'oY8xN5cNkNVrUe0_byI7Ms6Rbz0k','10.10.10.121','内网IP','Mobile Safari','iOS 11 (iPhone)','1','用户不存在/密码错误','2024-10-28 05:40:00'),(468,'admin','10.10.10.121','内网IP','Mobile Safari','Mac OS X (iPhone)','0','登录成功','2024-10-28 05:50:22'),(469,'admin','10.10.10.121','内网IP','Mobile Safari','Mac OS X (iPhone)','0','退出成功','2024-10-28 05:50:30'),(470,'admin','10.10.10.121','内网IP','Mobile Safari','Mac OS X (iPhone)','0','登录成功','2024-10-28 05:50:31'),(471,'oY8xN5cNkNVrUe0_byI7Ms6Rbz0k','10.10.10.121','内网IP','Mobile Safari','iOS 11 (iPhone)','1','用户不存在/密码错误','2024-10-28 05:50:57'),(472,'admin','10.10.10.121','内网IP','Mobile Safari','iOS 11 (iPhone)','0','登录成功','2024-10-28 05:58:44'),(473,'admin','10.10.10.121','内网IP','Mobile Safari','iOS 11 (iPhone)','0','登录成功','2024-10-28 05:58:57'),(474,'admin','10.10.10.121','内网IP','Mobile Safari','Mac OS X (iPhone)','0','退出成功','2024-10-28 05:59:55'),(475,'admin','10.10.10.121','内网IP','Mobile Safari','Mac OS X (iPhone)','0','登录成功','2024-10-28 06:00:01'),(476,'admin','10.10.10.121','内网IP','Mobile Safari','Mac OS X (iPhone)','0','退出成功','2024-10-28 06:00:06'),(477,'admin','10.10.10.121','内网IP','Mobile Safari','Mac OS X (iPhone)','0','登录成功','2024-10-28 06:00:07'),(478,'oY8xN5cNkNVrUe0_byI7Ms6Rbz0k','10.10.10.121','内网IP','Mobile Safari','iOS 11 (iPhone)','1','用户不存在/密码错误','2024-10-28 06:00:24'),(479,'admin','10.10.10.121','内网IP','Mobile Safari','Mac OS X (iPhone)','0','退出成功','2024-10-28 06:03:51'),(480,'admin','10.10.10.121','内网IP','Mobile Safari','Mac OS X (iPhone)','0','登录成功','2024-10-28 06:03:52'),(481,'oY8xN5cNkNVrUe0_byI7Ms6Rbz0k','10.10.10.121','内网IP','Mobile Safari','iOS 11 (iPhone)','1','用户不存在/密码错误','2024-10-28 06:05:25'),(482,'oY8xN5cNkNVrUe0_byI7Ms6Rbz0k','10.10.10.121','内网IP','Mobile Safari','iOS 11 (iPhone)','1','用户不存在/密码错误','2024-10-28 06:05:30'),(483,'admin','10.10.10.121','内网IP','Chrome Mobile','Android 1.x','0','登录成功','2024-10-28 06:06:03'),(484,'admin','10.10.10.121','内网IP','Chrome Mobile','Android 1.x','0','退出成功','2024-10-28 06:08:19'),(485,'admin','10.10.10.121','内网IP','Chrome Mobile','Android 1.x','0','登录成功','2024-10-28 06:08:20'),(486,'oY8xN5cNkNVrUe0_byI7Ms6Rbz0k','10.10.10.121','内网IP','Mobile Safari','iOS 11 (iPhone)','1','用户不存在/密码错误','2024-10-28 06:10:30'),(487,'oY8xN5cNkNVrUe0_byI7Ms6Rbz0k','10.10.10.121','内网IP','Mobile Safari','iOS 11 (iPhone)','0','登录成功','2024-10-28 06:13:56'),(488,'oY8xN5cNkNVrUe0_byI7Ms6Rbz0k','10.10.10.121','内网IP','Mobile Safari','iOS 11 (iPhone)','0','登录成功','2024-10-28 06:16:26'),(489,'oY8xN5cNkNVrUe0_byI7Ms6Rbz0k','10.10.10.121','内网IP','Mobile Safari','iOS 11 (iPhone)','0','登录成功','2024-10-28 06:17:36'),(490,'admin','127.0.0.1','内网IP','Mobile Safari','Mac OS X (iPhone)','0','登录成功','2024-10-28 06:18:45'),(491,'admin','10.10.10.121','内网IP','Mobile Safari','Mac OS X (iPhone)','0','退出成功','2024-10-28 06:22:29'),(492,'admin','10.10.10.121','内网IP','Mobile Safari','Mac OS X (iPhone)','0','登录成功','2024-10-28 06:22:31'),(493,'oY8xN5cNkNVrUe0_byI7Ms6Rbz0k','10.10.10.121','内网IP','Mobile Safari','iOS 11 (iPhone)','0','登录成功','2024-10-28 06:24:22'),(494,'oY8xN5cNkNVrUe0_byI7Ms6Rbz0k','10.10.10.121','内网IP','Mobile Safari','iOS 11 (iPhone)','0','登录成功','2024-10-28 06:30:40'),(495,'oY8xN5cNkNVrUe0_byI7Ms6Rbz0k','10.10.10.121','内网IP','Mobile Safari','iOS 11 (iPhone)','0','登录成功','2024-10-28 06:32:33'),(496,'oY8xN5cNkNVrUe0_byI7Ms6Rbz0k','10.10.10.121','内网IP','Mobile Safari','iOS 11 (iPhone)','0','登录成功','2024-10-28 06:33:21'),(497,'oY8xN5cNkNVrUe0_byI7Ms6Rbz0k','10.10.10.121','内网IP','Mobile Safari','iOS 11 (iPhone)','0','登录成功','2024-10-28 06:34:56'),(498,'oY8xN5cNkNVrUe0_byI7Ms6Rbz0k','10.10.10.121','内网IP','Mobile Safari','iOS 11 (iPhone)','0','登录成功','2024-10-28 06:41:25'),(499,'oY8xN5cNkNVrUe0_byI7Ms6Rbz0k','10.10.10.121','内网IP','Mobile Safari','iOS 11 (iPhone)','0','登录成功','2024-10-28 06:43:06'),(500,'admin','10.10.10.121','内网IP','Mobile Safari','Mac OS X (iPhone)','0','退出成功','2024-10-28 06:44:01'),(501,'admin','10.10.10.121','内网IP','Mobile Safari','Mac OS X (iPhone)','0','登录成功','2024-10-28 06:44:02'),(502,'oY8xN5cNkNVrUe0_byI7Ms6Rbz0k','10.10.10.121','内网IP','Mobile Safari','iOS 11 (iPhone)','0','登录成功','2024-10-28 06:45:02'),(503,'admin','127.0.0.1','内网IP','Mobile Safari','Mac OS X (iPhone)','0','登录成功','2024-10-28 06:48:11'),(504,'oY8xN5cNkNVrUe0_byI7Ms6Rbz0k','10.10.10.121','内网IP','Mobile Safari','iOS 11 (iPhone)','0','登录成功','2024-10-28 06:48:36'),(505,'oY8xN5cNkNVrUe0_byI7Ms6Rbz0k','10.10.10.121','内网IP','Mobile Safari','iOS 11 (iPhone)','0','登录成功','2024-10-28 06:49:26'),(506,'oY8xN5cNkNVrUe0_byI7Ms6Rbz0k','10.10.10.121','内网IP','Mobile Safari','iOS 11 (iPhone)','0','登录成功','2024-10-28 06:53:52'),(507,'oY8xN5cNkNVrUe0_byI7Ms6Rbz0k','10.10.10.121','内网IP','Mobile Safari','iOS 11 (iPhone)','0','登录成功','2024-10-28 06:54:22'),(508,'admin','10.10.10.121','内网IP','Mobile Safari','Mac OS X (iPhone)','0','退出成功','2024-10-28 06:55:15'),(509,'admin','10.10.10.121','内网IP','Mobile Safari','Mac OS X (iPhone)','0','登录成功','2024-10-28 06:55:16'),(510,'oY8xN5cNkNVrUe0_byI7Ms6Rbz0k','10.10.10.121','内网IP','Mobile Safari','iOS 11 (iPhone)','0','登录成功','2024-10-28 06:55:24'),(511,'oY8xN5cNkNVrUe0_byI7Ms6Rbz0k','10.10.10.121','内网IP','Mobile Safari','iOS 11 (iPhone)','0','登录成功','2024-10-28 06:56:49'),(512,'oY8xN5cNkNVrUe0_byI7Ms6Rbz0k','10.10.10.121','内网IP','Mobile Safari','iOS 11 (iPhone)','0','登录成功','2024-10-28 06:58:49'),(513,'admin','10.10.10.120','内网IP','Mobile Safari','Mac OS X (iPhone)','0','登录成功','2024-10-28 06:58:51'),(514,'oY8xN5cNkNVrUe0_byI7Ms6Rbz0k','10.10.10.121','内网IP','Mobile Safari','iOS 11 (iPhone)','0','登录成功','2024-10-28 06:59:46'),(515,'admin','10.10.10.121','内网IP','Mobile Safari','iOS 11 (iPhone)','0','登录成功','2024-10-28 07:05:35'),(516,'oY8xN5cNkNVrUe0_byI7Ms6Rbz0k','10.10.10.112','内网IP','Apple WebKit','Mac OS X (iPhone)','0','登录成功','2024-10-28 08:07:11'),(517,'oY8xN5cNkNVrUe0_byI7Ms6Rbz0k','10.10.10.121','内网IP','Mobile Safari','iOS 11 (iPhone)','0','登录成功','2024-10-28 08:07:22'),(518,'oY8xN5cNkNVrUe0_byI7Ms6Rbz0k','10.10.10.121','内网IP','Mobile Safari','iOS 11 (iPhone)','0','登录成功','2024-10-28 08:08:11'),(519,'oY8xN5cNkNVrUe0_byI7Ms6Rbz0k','10.10.10.112','内网IP','Apple WebKit','Mac OS X (iPhone)','0','登录成功','2024-10-28 08:08:43'),(520,'oY8xN5cNkNVrUe0_byI7Ms6Rbz0k','10.10.10.121','内网IP','Mobile Safari','iOS 11 (iPhone)','0','登录成功','2024-10-28 08:10:01'),(521,'oY8xN5cNkNVrUe0_byI7Ms6Rbz0k','10.10.10.121','内网IP','Mobile Safari','iOS 11 (iPhone)','0','登录成功','2024-10-28 08:19:35'),(522,'oY8xN5cNkNVrUe0_byI7Ms6Rbz0k','10.10.10.121','内网IP','Mobile Safari','iOS 11 (iPhone)','0','登录成功','2024-10-28 08:20:37'),(523,'oY8xN5cNkNVrUe0_byI7Ms6Rbz0k','10.10.10.121','内网IP','Mobile Safari','iOS 11 (iPhone)','0','登录成功','2024-10-28 08:21:09'),(524,'admin','10.10.10.121','内网IP','Mobile Safari','Mac OS X (iPhone)','0','退出成功','2024-10-28 08:21:56'),(525,'admin','10.10.10.121','内网IP','Mobile Safari','Mac OS X (iPhone)','0','登录成功','2024-10-28 08:21:57'),(526,'oY8xN5cNkNVrUe0_byI7Ms6Rbz0k','10.10.10.121','内网IP','Mobile Safari','iOS 11 (iPhone)','0','登录成功','2024-10-28 08:22:27'),(527,'admin','10.10.10.101','内网IP','Chrome Mobile','Android 1.x','0','登录成功','2024-10-28 08:29:31'),(528,'admin','10.10.10.121','内网IP','Mobile Safari','Mac OS X (iPhone)','0','登录成功','2024-10-28 08:37:18'),(529,'admin','10.10.10.121','内网IP','Mobile Safari','Mac OS X (iPhone)','0','登录成功','2024-10-28 08:37:39'),(530,'oY8xN5cNkNVrUe0_byI7Ms6Rbz0k','10.10.10.121','内网IP','Mobile Safari','iOS 11 (iPhone)','0','登录成功','2024-10-28 08:44:33'),(531,'oY8xN5cNkNVrUe0_byI7Ms6Rbz0k','10.10.10.121','内网IP','Mobile Safari','iOS 11 (iPhone)','1','用户不存在/密码错误','2024-10-28 09:04:49'),(532,'oY8xN5cNkNVrUe0_byI7Ms6Rbz0k','10.10.10.121','内网IP','Mobile Safari','iOS 11 (iPhone)','1','用户不存在/密码错误','2024-10-28 09:07:39'),(533,'admin','10.10.10.121','内网IP','Mobile Safari','Mac OS X (iPhone)','0','退出成功','2024-10-28 09:14:18'),(534,'admin','10.10.10.121','内网IP','Mobile Safari','Mac OS X (iPhone)','0','登录成功','2024-10-28 09:14:24'),(535,'oY8xN5cNkNVrUe0_byI7Ms6Rbz0k','10.10.10.121','内网IP','Mobile Safari','iOS 11 (iPhone)','1','用户不存在/密码错误','2024-10-28 09:14:31'),(536,'admin','10.10.10.101','内网IP','Chrome Mobile','Android 1.x','0','退出成功','2024-10-28 09:18:22'),(537,'admin','10.10.10.101','内网IP','Chrome Mobile','Android 1.x','0','登录成功','2024-10-28 09:19:56'),(538,'oY8xN5cNkNVrUe0_byI7Ms6Rbz0k','10.10.10.121','内网IP','Mobile Safari','iOS 11 (iPhone)','1','用户不存在/密码错误','2024-10-28 09:21:36'),(539,'oY8xN5cNkNVrUe0_byI7Ms6Rbz0k','10.10.10.121','内网IP','Mobile Safari','iOS 11 (iPhone)','1','用户不存在/密码错误','2024-10-28 09:21:51'),(540,'admin','10.10.10.121','内网IP','Mobile Safari','Mac OS X (iPhone)','0','退出成功','2024-10-28 09:22:02'),(541,'oY8xN5cNkNVrUe0_byI7Ms6Rbz0k','10.10.10.121','内网IP','Mobile Safari','iOS 11 (iPhone)','1','用户不存在/密码错误','2024-10-28 09:22:12'),(542,'admin','10.10.10.120','内网IP','Mobile Safari','Mac OS X (iPhone)','0','登录成功','2024-10-28 09:22:41'),(543,'oY8xN5cNkNVrUe0_byI7Ms6Rbz0k','10.10.10.121','内网IP','Mobile Safari','iOS 11 (iPhone)','1','用户不存在/密码错误','2024-10-28 09:22:51'),(544,'oY8xN5cNkNVrUe0_byI7Ms6Rbz0k','10.10.10.121','内网IP','Mobile Safari','iOS 11 (iPhone)','1','用户不存在/密码错误','2024-10-28 09:23:54'),(545,'oY8xN5cNkNVrUe0_byI7Ms6Rbz0k','10.10.10.121','内网IP','Mobile Safari','iOS 11 (iPhone)','1','用户不存在/密码错误','2024-10-28 09:24:22'),(546,'admin','10.10.10.121','内网IP','Mobile Safari','iOS 11 (iPhone)','0','登录成功','2024-10-28 09:25:38'),(547,'admin','10.10.10.121','内网IP','Mobile Safari','iOS 11 (iPhone)','0','登录成功','2024-10-28 09:26:30'),(548,'admin','10.10.10.121','内网IP','Mobile Safari','Mac OS X (iPhone)','0','登录成功','2024-10-28 09:29:31'),(549,'admin','10.10.10.121','内网IP','Mobile Safari','iOS 11 (iPhone)','0','登录成功','2024-10-28 09:37:27'),(550,'oY8xN5cNkNVrUe0_byI7Ms6Rbz0k','10.10.10.121','内网IP','Mobile Safari','iOS 11 (iPhone)','0','登录成功','2024-10-28 09:38:28'),(551,'admin','10.10.10.121','内网IP','Mobile Safari','iOS 11 (iPhone)','0','登录成功','2024-10-28 09:39:12'),(552,'admin','10.10.10.121','内网IP','Mobile Safari','iOS 11 (iPhone)','0','登录成功','2024-10-28 09:40:19'),(553,'admin','10.10.10.121','内网IP','Mobile Safari','iOS 11 (iPhone)','0','登录成功','2024-10-28 09:40:33'),(554,'admin','10.10.10.121','内网IP','Mobile Safari','iOS 11 (iPhone)','1','用户不存在/密码错误','2024-10-28 09:40:49'),(555,'admin','10.10.10.121','内网IP','Mobile Safari','iOS 11 (iPhone)','0','登录成功','2024-10-28 09:41:10'),(556,'admin','10.10.10.121','内网IP','Mobile Safari','iOS 11 (iPhone)','0','登录成功','2024-10-28 09:44:24'),(557,'admin','10.10.10.121','内网IP','Mobile Safari','iOS 11 (iPhone)','1','用户不存在/密码错误','2024-10-28 09:45:06'),(558,'oY8xN5cNkNVrUe0_byI7Ms6Rbz0k','10.10.10.121','内网IP','Mobile Safari','iOS 11 (iPhone)','0','登录成功','2024-10-28 09:45:40'),(559,'admin','10.10.10.101','内网IP','Chrome Mobile','Android 1.x','0','登录成功','2024-10-28 09:48:57'),(560,'oY8xN5cNkNVrUe0_byI7Ms6Rbz0k','10.10.10.121','内网IP','Mobile Safari','iOS 11 (iPhone)','0','登录成功','2024-10-28 09:52:18'),(561,'admin','10.10.10.121','内网IP','Mobile Safari','iOS 11 (iPhone)','0','登录成功','2024-10-28 09:52:36'),(562,'admin','10.10.10.121','内网IP','Mobile Safari','iOS 11 (iPhone)','0','登录成功','2024-10-28 09:52:36'),(563,'admin','10.10.10.101','内网IP','Chrome Mobile','Android 1.x','0','登录成功','2024-10-28 10:02:35'),(564,'admin','10.10.10.121','内网IP','Mobile Safari','Mac OS X (iPhone)','0','退出成功','2024-10-28 10:39:49'),(565,'admin','10.10.10.121','内网IP','Mobile Safari','Mac OS X (iPhone)','0','登录成功','2024-10-28 10:39:50'),(566,'admin','127.0.0.1','内网IP','Mobile Safari','Mac OS X (iPhone)','0','登录成功','2024-10-28 10:45:06'),(567,'admin','10.10.10.107','内网IP','Chrome Mobile','Android 1.x','0','登录成功','2024-10-28 10:49:21'),(568,'admin','10.10.10.107','内网IP','Chrome Mobile','Android 1.x','0','退出成功','2024-10-28 10:49:44'),(569,'admin','10.10.10.107','内网IP','Chrome Mobile','Android 1.x','0','登录成功','2024-10-28 10:49:45'),(570,'admin','10.10.10.101','内网IP','Chrome Mobile','Android 1.x','0','登录成功','2024-10-28 10:49:49'),(571,'admin','10.10.10.121','内网IP','Mobile Safari','Mac OS X (iPhone)','0','退出成功','2024-10-28 10:50:50'),(572,'admin','10.10.10.121','内网IP','Mobile Safari','Mac OS X (iPhone)','0','登录成功','2024-10-28 10:50:52'),(573,'admin','127.0.0.1','内网IP','Mobile Safari','Mac OS X (iPhone)','0','登录成功','2024-10-29 01:34:21'),(574,'admin','127.0.0.1','内网IP','Mobile Safari','Mac OS X (iPhone)','0','登录成功','2024-10-29 02:25:29'),(575,'admin','10.10.10.121','内网IP','Mobile Safari','Mac OS X (iPhone)','0','登录成功','2024-10-29 03:55:25'),(576,'admin','127.0.0.1','内网IP','Chrome 13','Windows 10','0','登录成功','2024-10-29 04:08:16'),(577,'admin','10.10.10.121','内网IP','Mobile Safari','Mac OS X (iPhone)','0','退出成功','2024-10-29 04:45:41'),(578,'admin','10.10.10.121','内网IP','Mobile Safari','Mac OS X (iPhone)','0','登录成功','2024-10-29 04:45:42'),(579,'admin','10.10.10.126','内网IP','Chrome Mobile','Android 6.x','0','登录成功','2024-10-29 05:48:15'),(580,'admin','127.0.0.1','内网IP','Mobile Safari','Mac OS X (iPhone)','0','登录成功','2024-10-29 05:53:29'),(581,'admin','10.10.10.126','内网IP','Chrome Mobile','Android 6.x','0','登录成功','2024-10-29 06:12:54'),(582,'admin','10.10.10.120','内网IP','Mobile Safari','Mac OS X (iPhone)','0','登录成功','2024-10-29 06:13:39'),(583,'admin','10.10.10.121','内网IP','Mobile Safari','Mac OS X (iPhone)','0','退出成功','2024-10-29 06:17:39'),(584,'admin','10.10.10.121','内网IP','Mobile Safari','Mac OS X (iPhone)','0','登录成功','2024-10-29 06:17:40'),(585,'admin','10.10.10.121','内网IP','Mobile Safari','Mac OS X (iPhone)','0','退出成功','2024-10-29 06:19:47'),(586,'admin','10.10.10.102','内网IP','Chrome Mobile','Android 1.x','0','登录成功','2024-10-29 06:20:35'),(587,'admin','127.0.0.1','内网IP','Mobile Safari','Mac OS X (iPhone)','0','登录成功','2024-10-29 06:27:22'),(588,'admin','10.10.10.121','内网IP','Mobile Safari','Mac OS X (iPhone)','0','登录成功','2024-10-29 06:33:21'),(589,'admin','10.10.10.121','内网IP','Mobile Safari','Mac OS X (iPhone)','0','退出成功','2024-10-29 06:38:35'),(590,'ry','10.10.10.121','内网IP','Mobile Safari','Mac OS X (iPhone)','0','登录成功','2024-10-29 06:38:40'),(591,'ry','10.10.10.121','内网IP','Mobile Safari','Mac OS X (iPhone)','0','退出成功','2024-10-29 06:38:56'),(592,'admin','10.10.10.121','内网IP','Mobile Safari','Mac OS X (iPhone)','0','登录成功','2024-10-29 06:38:57'),(593,'admin','10.10.10.121','内网IP','Mobile Safari','Mac OS X (iPhone)','0','退出成功','2024-10-29 06:59:17'),(594,'ry','10.10.10.121','内网IP','Mobile Safari','Mac OS X (iPhone)','0','登录成功','2024-10-29 06:59:21'),(595,'admin','10.10.10.121','内网IP','Mobile Safari','Mac OS X (iPhone)','0','登录成功','2024-10-29 07:00:56'),(596,'admin','10.10.10.121','内网IP','Mobile Safari','Mac OS X (iPhone)','0','登录成功','2024-10-29 07:04:33'),(597,'admin','10.10.10.121','内网IP','Chrome Mobile','Android 1.x','0','登录成功','2024-10-29 07:07:54'),(598,'admin','10.10.10.121','内网IP','Mobile Safari','Mac OS X (iPhone)','0','登录成功','2024-10-29 07:15:44'),(599,'admin','10.10.10.121','内网IP','Mobile Safari','Mac OS X (iPhone)','0','退出成功','2024-10-29 07:22:21'),(600,'admin','10.10.10.121','内网IP','Mobile Safari','Mac OS X (iPhone)','0','登录成功','2024-10-29 07:22:22'),(601,'admin','10.10.10.121','内网IP','Mobile Safari','Mac OS X (iPhone)','0','退出成功','2024-10-29 07:24:12'),(602,'admin','10.10.10.121','内网IP','Mobile Safari','Mac OS X (iPhone)','0','登录成功','2024-10-29 07:24:13'),(603,'admin','10.10.10.121','内网IP','Mobile Safari','Mac OS X (iPhone)','0','登录成功','2024-10-29 07:27:18'),(604,'admin','10.10.10.121','内网IP','Mobile Safari','Mac OS X (iPhone)','0','退出成功','2024-10-29 07:27:58'),(605,'admin','10.10.10.121','内网IP','Mobile Safari','Mac OS X (iPhone)','0','登录成功','2024-10-29 07:27:59'),(606,'admin','10.10.10.121','内网IP','Chrome Mobile','Android 1.x','0','退出成功','2024-10-29 07:28:05'),(607,'admin','10.10.10.121','内网IP','Chrome Mobile','Android 1.x','0','登录成功','2024-10-29 07:28:06'),(608,'admin','10.10.10.121','内网IP','Mobile Safari','iOS 11 (iPhone)','0','退出成功','2024-10-29 07:28:36'),(609,'admin','10.10.10.121','内网IP','Mobile Safari','iOS 11 (iPhone)','0','退出成功','2024-10-29 07:28:54'),(610,'admin','10.10.10.121','内网IP','Mobile Safari','iOS 11 (iPhone)','0','退出成功','2024-10-29 07:29:01'),(611,'admin','10.10.10.121','内网IP','Mobile Safari','Mac OS X (iPhone)','0','退出成功','2024-10-29 07:29:16'),(612,'admin','10.10.10.121','内网IP','Mobile Safari','Mac OS X (iPhone)','0','登录成功','2024-10-29 07:29:17'),(613,'admin','10.10.10.121','内网IP','Mobile Safari','iOS 11 (iPhone)','0','退出成功','2024-10-29 07:31:21'),(614,'admin','10.10.10.121','内网IP','Mobile Safari','iOS 11 (iPhone)','0','退出成功','2024-10-29 07:34:15'),(615,'admin','10.10.10.121','内网IP','Mobile Safari','Mac OS X (iPhone)','0','退出成功','2024-10-29 07:34:25'),(616,'admin','10.10.10.121','内网IP','Mobile Safari','Mac OS X (iPhone)','0','登录成功','2024-10-29 07:34:26'),(617,'admin','10.10.10.121','内网IP','Mobile Safari','iOS 11 (iPhone)','0','退出成功','2024-10-29 07:38:04'),(618,'admin','10.10.10.121','内网IP','Mobile Safari','iOS 11 (iPhone)','0','退出成功','2024-10-29 07:42:51'),(619,'admin','10.10.10.121','内网IP','Mobile Safari','Mac OS X (iPhone)','0','退出成功','2024-10-29 07:43:09'),(620,'admin','10.10.10.121','内网IP','Mobile Safari','Mac OS X (iPhone)','0','登录成功','2024-10-29 07:43:10'),(621,'admin','10.10.10.121','内网IP','Mobile Safari','Mac OS X (iPhone)','0','退出成功','2024-10-29 07:46:27'),(622,'admin','10.10.10.121','内网IP','Mobile Safari','Mac OS X (iPhone)','0','登录成功','2024-10-29 07:46:28'),(623,'admin','10.10.10.121','内网IP','Chrome 12','Windows 10','0','退出成功','2024-10-29 07:50:25'),(624,'admin','10.10.10.121','内网IP','Mobile Safari','Mac OS X (iPhone)','0','登录成功','2024-10-29 07:50:28'),(625,'admin','10.10.10.102','内网IP','Chrome Mobile','Android 1.x','0','登录成功','2024-10-29 07:52:08'),(626,'admin','10.10.10.102','内网IP','Chrome Mobile','Android 1.x','0','登录成功','2024-10-29 07:54:26'),(627,'admin','10.10.10.121','内网IP','Mobile Safari','Mac OS X (iPhone)','0','登录成功','2024-10-29 07:55:43'),(628,'admin','10.10.10.121','内网IP','Mobile Safari','Mac OS X (iPhone)','0','登录成功','2024-10-29 07:57:21'),(629,'admin','10.10.10.121','内网IP','Mobile Safari','Mac OS X (iPhone)','0','登录成功','2024-10-29 07:58:35'),(630,'admin','10.10.10.102','内网IP','Chrome Mobile','Android 1.x','0','登录成功','2024-10-29 08:01:25'),(631,'admin','10.10.10.121','内网IP','Mobile Safari','Mac OS X (iPhone)','0','登录成功','2024-10-29 08:03:59'),(632,'admin','10.10.10.102','内网IP','Chrome Mobile','Android 1.x','0','登录成功','2024-10-29 08:08:28'),(633,'admin','10.10.10.121','内网IP','Chrome 12','Windows 10','0','退出成功','2024-10-29 08:08:31'),(634,'admin','10.10.10.120','内网IP','Mobile Safari','Mac OS X (iPhone)','0','退出成功','2024-10-29 08:16:35'),(635,'admin','10.10.10.120','内网IP','Mobile Safari','Mac OS X (iPhone)','0','登录成功','2024-10-29 08:16:36'),(636,'admin','10.10.10.120','内网IP','Mobile Safari','Mac OS X (iPhone)','0','登录成功','2024-10-29 08:29:44'),(637,'admin','10.10.10.110','内网IP','Chrome Mobile','Android 1.x','0','登录成功','2024-10-29 08:52:19'),(638,'admin','10.10.10.101','内网IP','Chrome Mobile','Android 1.x','0','登录成功','2024-10-29 08:52:30'),(639,'admin','10.10.10.101','内网IP','Chrome Mobile','Android 1.x','0','登录成功','2024-10-29 08:54:47'),(640,'admin','10.10.10.110','内网IP','Chrome Mobile','Android 1.x','0','登录成功','2024-10-29 08:55:27'),(641,'admin','10.10.10.101','内网IP','Chrome Mobile','Android 1.x','0','登录成功','2024-10-29 08:55:42'),(642,'admin','127.0.0.1','内网IP','Mobile Safari','Mac OS X (iPhone)','0','登录成功','2024-10-29 08:56:51'),(643,'admin','10.10.10.101','内网IP','Chrome Mobile','Android 1.x','0','退出成功','2024-10-29 09:14:30'),(644,'admin','10.10.10.101','内网IP','Chrome Mobile','Android 1.x','0','登录成功','2024-10-29 09:14:32'),(645,'admin','10.10.10.101','内网IP','Chrome Mobile','Android 1.x','0','退出成功','2024-10-29 09:14:38'),(646,'oY8xN5X2a1924dTYEVlUTzHRCnQU','10.10.10.120','内网IP','Mobile Safari','iOS 11 (iPhone)','0','退出成功','2024-10-29 09:31:36'),(647,'admin','10.10.10.126','内网IP','Chrome Mobile','Android 6.x','0','登录成功','2024-10-29 10:01:34'),(648,'admin','10.10.10.121','内网IP','Mobile Safari','Mac OS X (iPhone)','0','登录成功','2024-10-29 10:01:36'),(649,'admin','10.10.10.126','内网IP','Chrome Mobile','Android 6.x','0','登录成功','2024-10-30 02:06:38'),(650,'admin','127.0.0.1','内网IP','Mobile Safari','Mac OS X (iPhone)','0','登录成功','2024-10-30 02:07:03'),(651,'admin','10.10.10.121','内网IP','Mobile Safari','Mac OS X (iPhone)','0','登录成功','2024-10-30 02:25:34'),(652,'oY8xN5cNkNVrUe0_byI7Ms6Rbz0k','10.10.10.121','内网IP','Mobile Safari','iOS 11 (iPhone)','0','退出成功','2024-10-30 02:26:21'),(653,'admin','10.10.10.120','内网IP','Mobile Safari','Mac OS X (iPhone)','0','登录成功','2024-10-30 02:26:22'),(654,'admin','10.10.10.121','内网IP','Chrome Mobile','Android 1.x','0','登录成功','2024-10-30 02:29:42'),(655,'admin','10.10.10.126','内网IP','Chrome Mobile','Android 6.x','0','退出成功','2024-10-30 02:46:11'),(656,'ry1','10.10.10.126','内网IP','Chrome Mobile','Android 6.x','0','登录成功','2024-10-30 02:46:18'),(657,'admin','10.10.10.120','内网IP','Mobile Safari','Mac OS X (iPhone)','0','登录成功','2024-10-30 06:44:37'),(658,'admin','10.10.10.121','内网IP','Mobile Safari','Mac OS X (iPhone)','0','登录成功','2024-10-30 07:43:40'),(659,'admin','10.10.10.103','内网IP','Chrome Mobile','Android 1.x','0','登录成功','2024-10-30 07:59:11'),(660,'admin','10.10.10.121','内网IP','Mobile Safari','Mac OS X (iPhone)','0','退出成功','2024-10-30 08:08:25'),(661,'admin','10.10.10.121','内网IP','Mobile Safari','Mac OS X (iPhone)','0','登录成功','2024-10-30 08:08:26'),(662,'admin','10.10.10.121','内网IP','Mobile Safari','Mac OS X (iPhone)','0','退出成功','2024-10-30 08:09:35'),(663,'admin','10.10.10.121','内网IP','Mobile Safari','Mac OS X (iPhone)','0','登录成功','2024-10-30 08:09:51'),(664,'admin','127.0.0.1','内网IP','Mobile Safari','Mac OS X (iPhone)','0','登录成功','2024-10-30 08:37:34');
/*!40000 ALTER TABLE `sys_logininfor` ENABLE KEYS */;
UNLOCK TABLES;

--
-- Table structure for table `sys_menu`
--

DROP TABLE IF EXISTS `sys_menu`;
/*!40101 SET @saved_cs_client     = @@character_set_client */;
/*!50503 SET character_set_client = utf8mb4 */;
CREATE TABLE `sys_menu` (
  `menu_id` bigint NOT NULL AUTO_INCREMENT COMMENT '菜单ID',
  `menu_name` varchar(50) CHARACTER SET utf8mb4 COLLATE utf8mb4_0900_ai_ci NOT NULL COMMENT '菜单名称',
  `parent_id` bigint DEFAULT '0' COMMENT '父菜单ID',
  `order_num` int DEFAULT '0' COMMENT '显示顺序',
  `path` varchar(200) CHARACTER SET utf8mb4 COLLATE utf8mb4_0900_ai_ci DEFAULT '' COMMENT '路由地址',
  `component` varchar(255) CHARACTER SET utf8mb4 COLLATE utf8mb4_0900_ai_ci DEFAULT NULL COMMENT '组件路径',
  `query` varchar(255) CHARACTER SET utf8mb4 COLLATE utf8mb4_0900_ai_ci DEFAULT NULL COMMENT '路由参数',
  `is_frame` int DEFAULT '1' COMMENT '是否为外链（0是 1否）',
  `is_cache` int DEFAULT '0' COMMENT '是否缓存（0缓存 1不缓存）',
  `menu_type` char(1) CHARACTER SET utf8mb4 COLLATE utf8mb4_0900_ai_ci DEFAULT '' COMMENT '菜单类型（M目录 C菜单 F按钮）',
  `visible` char(1) CHARACTER SET utf8mb4 COLLATE utf8mb4_0900_ai_ci DEFAULT '0' COMMENT '菜单状态（0显示 1隐藏）',
  `status` char(1) CHARACTER SET utf8mb4 COLLATE utf8mb4_0900_ai_ci DEFAULT '0' COMMENT '菜单状态（0正常 1停用）',
  `perms` varchar(100) CHARACTER SET utf8mb4 COLLATE utf8mb4_0900_ai_ci DEFAULT NULL COMMENT '权限标识',
  `icon` varchar(100) CHARACTER SET utf8mb4 COLLATE utf8mb4_0900_ai_ci DEFAULT '#' COMMENT '菜单图标',
  `create_by` varchar(64) CHARACTER SET utf8mb4 COLLATE utf8mb4_0900_ai_ci DEFAULT '' COMMENT '创建者',
  `create_time` datetime DEFAULT NULL COMMENT '创建时间',
  `update_by` varchar(64) CHARACTER SET utf8mb4 COLLATE utf8mb4_0900_ai_ci DEFAULT '' COMMENT '更新者',
  `update_time` datetime DEFAULT NULL COMMENT '更新时间',
  `remark` varchar(500) CHARACTER SET utf8mb4 COLLATE utf8mb4_0900_ai_ci DEFAULT '' COMMENT '备注',
  PRIMARY KEY (`menu_id`) USING BTREE
) ENGINE=InnoDB AUTO_INCREMENT=2049 DEFAULT CHARSET=utf8mb4 COLLATE=utf8mb4_0900_ai_ci ROW_FORMAT=DYNAMIC COMMENT='菜单权限表';
/*!40101 SET character_set_client = @saved_cs_client */;

--
-- Dumping data for table `sys_menu`
--

LOCK TABLES `sys_menu` WRITE;
/*!40000 ALTER TABLE `sys_menu` DISABLE KEYS */;
INSERT INTO `sys_menu` VALUES (1,'系统管理',0,1,'system',NULL,'',1,0,'M','0','0','','system','admin','2024-05-10 09:01:22','',NULL,'系统管理目录'),(2,'系统监控',0,2,'monitor',NULL,'',1,0,'M','0','0','','monitor','admin','2024-05-10 09:01:22','',NULL,'系统监控目录'),(3,'系统工具',0,3,'tool',NULL,'',1,0,'M','0','0','','tool','admin','2024-05-10 09:01:22','',NULL,'系统工具目录'),(4,'若依官网',0,4,'http://ruoyi.vip',NULL,'',0,0,'M','0','0','','guide','admin','2024-05-10 09:01:22','',NULL,'若依官网地址'),(100,'用户管理',1,1,'user','system/user/index','',1,0,'C','0','0','system:user:list','user','admin','2024-05-10 09:01:22','',NULL,'用户管理菜单'),(101,'角色管理',1,2,'role','system/role/index','',1,0,'C','0','0','system:role:list','peoples','admin','2024-05-10 09:01:22','',NULL,'角色管理菜单'),(102,'菜单管理',1,3,'menu','system/menu/index','',1,0,'C','0','0','system:menu:list','tree-table','admin','2024-05-10 09:01:22','',NULL,'菜单管理菜单'),(103,'部门管理',1,4,'dept','system/dept/index','',1,0,'C','0','0','system:dept:list','tree','admin','2024-05-10 09:01:22','',NULL,'部门管理菜单'),(104,'岗位管理',1,5,'post','system/post/index','',1,0,'C','0','0','system:post:list','post','admin','2024-05-10 09:01:22','',NULL,'岗位管理菜单'),(105,'字典管理',1,6,'dict','system/dict/index','',1,0,'C','0','0','system:dict:list','dict','admin','2024-05-10 09:01:22','',NULL,'字典管理菜单'),(106,'参数设置',1,7,'config','system/config/index','',1,0,'C','0','0','system:config:list','edit','admin','2024-05-10 09:01:22','',NULL,'参数设置菜单'),(107,'通知公告',1,8,'notice','system/notice/index','',1,0,'C','0','0','system:notice:list','message','admin','2024-05-10 09:01:22','',NULL,'通知公告菜单'),(108,'日志管理',1,9,'log','','',1,0,'M','0','0','','log','admin','2024-05-10 09:01:22','',NULL,'日志管理菜单'),(109,'在线用户',2,1,'online','monitor/online/index','',1,0,'C','0','0','monitor:online:list','online','admin','2024-05-10 09:01:22','',NULL,'在线用户菜单'),(110,'定时任务',2,2,'job','monitor/job/index','',1,0,'C','0','0','monitor:job:list','job','admin','2024-05-10 09:01:22','',NULL,'定时任务菜单'),(111,'数据监控',2,3,'druid','monitor/druid/index','',1,0,'C','0','0','monitor:druid:list','druid','admin','2024-05-10 09:01:22','',NULL,'数据监控菜单'),(112,'服务监控',2,4,'server','monitor/server/index','',1,0,'C','0','0','monitor:server:list','server','admin','2024-05-10 09:01:22','',NULL,'服务监控菜单'),(113,'缓存监控',2,5,'cache','monitor/cache/index','',1,0,'C','0','0','monitor:cache:list','redis','admin','2024-05-10 09:01:22','',NULL,'缓存监控菜单'),(114,'缓存列表',2,6,'cacheList','monitor/cache/list','',1,0,'C','0','0','monitor:cache:list','redis-list','admin','2024-05-10 09:01:22','',NULL,'缓存列表菜单'),(115,'表单构建',3,1,'build','tool/build/index','',1,0,'C','0','0','tool:build:list','build','admin','2024-05-10 09:01:22','',NULL,'表单构建菜单'),(116,'代码生成',3,2,'gen','tool/gen/index','',1,0,'C','0','0','tool:gen:list','code','admin','2024-05-10 09:01:22','',NULL,'代码生成菜单'),(117,'系统接口',3,3,'swagger','tool/swagger/index','',1,0,'C','0','0','tool:swagger:list','swagger','admin','2024-05-10 09:01:23','',NULL,'系统接口菜单'),(500,'操作日志',108,1,'operlog','monitor/operlog/index','',1,0,'C','0','0','monitor:operlog:list','form','admin','2024-05-10 09:01:23','',NULL,'操作日志菜单'),(501,'登录日志',108,2,'logininfor','monitor/logininfor/index','',1,0,'C','0','0','monitor:logininfor:list','logininfor','admin','2024-05-10 09:01:23','',NULL,'登录日志菜单'),(1000,'用户查询',100,1,'','','',1,0,'F','0','0','system:user:query','#','admin','2024-05-10 09:01:23','',NULL,''),(1001,'用户新增',100,2,'','','',1,0,'F','0','0','system:user:add','#','admin','2024-05-10 09:01:23','',NULL,''),(1002,'用户修改',100,3,'','','',1,0,'F','0','0','system:user:edit','#','admin','2024-05-10 09:01:23','',NULL,''),(1003,'用户删除',100,4,'','','',1,0,'F','0','0','system:user:remove','#','admin','2024-05-10 09:01:23','',NULL,''),(1004,'用户导出',100,5,'','','',1,0,'F','0','0','system:user:export','#','admin','2024-05-10 09:01:23','',NULL,''),(1005,'用户导入',100,6,'','','',1,0,'F','0','0','system:user:import','#','admin','2024-05-10 09:01:23','',NULL,''),(1006,'重置密码',100,7,'','','',1,0,'F','0','0','system:user:resetPwd','#','admin','2024-05-10 09:01:23','',NULL,''),(1007,'角色查询',101,1,'','','',1,0,'F','0','0','system:role:query','#','admin','2024-05-10 09:01:23','',NULL,''),(1008,'角色新增',101,2,'','','',1,0,'F','0','0','system:role:add','#','admin','2024-05-10 09:01:23','',NULL,''),(1009,'角色修改',101,3,'','','',1,0,'F','0','0','system:role:edit','#','admin','2024-05-10 09:01:23','',NULL,''),(1010,'角色删除',101,4,'','','',1,0,'F','0','0','system:role:remove','#','admin','2024-05-10 09:01:23','',NULL,''),(1011,'角色导出',101,5,'','','',1,0,'F','0','0','system:role:export','#','admin','2024-05-10 09:01:23','',NULL,''),(1012,'菜单查询',102,1,'','','',1,0,'F','0','0','system:menu:query','#','admin','2024-05-10 09:01:23','',NULL,''),(1013,'菜单新增',102,2,'','','',1,0,'F','0','0','system:menu:add','#','admin','2024-05-10 09:01:23','',NULL,''),(1014,'菜单修改',102,3,'','','',1,0,'F','0','0','system:menu:edit','#','admin','2024-05-10 09:01:23','',NULL,''),(1015,'菜单删除',102,4,'','','',1,0,'F','0','0','system:menu:remove','#','admin','2024-05-10 09:01:23','',NULL,''),(1016,'部门查询',103,1,'','','',1,0,'F','0','0','system:dept:query','#','admin','2024-05-10 09:01:23','',NULL,''),(1017,'部门新增',103,2,'','','',1,0,'F','0','0','system:dept:add','#','admin','2024-05-10 09:01:23','',NULL,''),(1018,'部门修改',103,3,'','','',1,0,'F','0','0','system:dept:edit','#','admin','2024-05-10 09:01:23','',NULL,''),(1019,'部门删除',103,4,'','','',1,0,'F','0','0','system:dept:remove','#','admin','2024-05-10 09:01:23','',NULL,''),(1020,'岗位查询',104,1,'','','',1,0,'F','0','0','system:post:query','#','admin','2024-05-10 09:01:23','',NULL,''),(1021,'岗位新增',104,2,'','','',1,0,'F','0','0','system:post:add','#','admin','2024-05-10 09:01:23','',NULL,''),(1022,'岗位修改',104,3,'','','',1,0,'F','0','0','system:post:edit','#','admin','2024-05-10 09:01:23','',NULL,''),(1023,'岗位删除',104,4,'','','',1,0,'F','0','0','system:post:remove','#','admin','2024-05-10 09:01:23','',NULL,''),(1024,'岗位导出',104,5,'','','',1,0,'F','0','0','system:post:export','#','admin','2024-05-10 09:01:23','',NULL,''),(1025,'字典查询',105,1,'#','','',1,0,'F','0','0','system:dict:query','#','admin','2024-05-10 09:01:23','',NULL,''),(1026,'字典新增',105,2,'#','','',1,0,'F','0','0','system:dict:add','#','admin','2024-05-10 09:01:23','',NULL,''),(1027,'字典修改',105,3,'#','','',1,0,'F','0','0','system:dict:edit','#','admin','2024-05-10 09:01:23','',NULL,''),(1028,'字典删除',105,4,'#','','',1,0,'F','0','0','system:dict:remove','#','admin','2024-05-10 09:01:23','',NULL,''),(1029,'字典导出',105,5,'#','','',1,0,'F','0','0','system:dict:export','#','admin','2024-05-10 09:01:23','',NULL,''),(1030,'参数查询',106,1,'#','','',1,0,'F','0','0','system:config:query','#','admin','2024-05-10 09:01:23','',NULL,''),(1031,'参数新增',106,2,'#','','',1,0,'F','0','0','system:config:add','#','admin','2024-05-10 09:01:23','',NULL,''),(1032,'参数修改',106,3,'#','','',1,0,'F','0','0','system:config:edit','#','admin','2024-05-10 09:01:23','',NULL,''),(1033,'参数删除',106,4,'#','','',1,0,'F','0','0','system:config:remove','#','admin','2024-05-10 09:01:23','',NULL,''),(1034,'参数导出',106,5,'#','','',1,0,'F','0','0','system:config:export','#','admin','2024-05-10 09:01:23','',NULL,''),(1035,'公告查询',107,1,'#','','',1,0,'F','0','0','system:notice:query','#','admin','2024-05-10 09:01:23','',NULL,''),(1036,'公告新增',107,2,'#','','',1,0,'F','0','0','system:notice:add','#','admin','2024-05-10 09:01:23','',NULL,''),(1037,'公告修改',107,3,'#','','',1,0,'F','0','0','system:notice:edit','#','admin','2024-05-10 09:01:23','',NULL,''),(1038,'公告删除',107,4,'#','','',1,0,'F','0','0','system:notice:remove','#','admin','2024-05-10 09:01:23','',NULL,''),(1039,'操作查询',500,1,'#','','',1,0,'F','0','0','monitor:operlog:query','#','admin','2024-05-10 09:01:23','',NULL,''),(1040,'操作删除',500,2,'#','','',1,0,'F','0','0','monitor:operlog:remove','#','admin','2024-05-10 09:01:23','',NULL,''),(1041,'日志导出',500,3,'#','','',1,0,'F','0','0','monitor:operlog:export','#','admin','2024-05-10 09:01:23','',NULL,''),(1042,'登录查询',501,1,'#','','',1,0,'F','0','0','monitor:logininfor:query','#','admin','2024-05-10 09:01:23','',NULL,''),(1043,'登录删除',501,2,'#','','',1,0,'F','0','0','monitor:logininfor:remove','#','admin','2024-05-10 09:01:23','',NULL,''),(1044,'日志导出',501,3,'#','','',1,0,'F','0','0','monitor:logininfor:export','#','admin','2024-05-10 09:01:24','',NULL,''),(1045,'账户解锁',501,4,'#','','',1,0,'F','0','0','monitor:logininfor:unlock','#','admin','2024-05-10 09:01:24','',NULL,''),(1046,'在线查询',109,1,'#','','',1,0,'F','0','0','monitor:online:query','#','admin','2024-05-10 09:01:24','',NULL,''),(1047,'批量强退',109,2,'#','','',1,0,'F','0','0','monitor:online:batchLogout','#','admin','2024-05-10 09:01:24','',NULL,''),(1048,'单条强退',109,3,'#','','',1,0,'F','0','0','monitor:online:forceLogout','#','admin','2024-05-10 09:01:24','',NULL,''),(1049,'任务查询',110,1,'#','','',1,0,'F','0','0','monitor:job:query','#','admin','2024-05-10 09:01:24','',NULL,''),(1050,'任务新增',110,2,'#','','',1,0,'F','0','0','monitor:job:add','#','admin','2024-05-10 09:01:24','',NULL,''),(1051,'任务修改',110,3,'#','','',1,0,'F','0','0','monitor:job:edit','#','admin','2024-05-10 09:01:24','',NULL,''),(1052,'任务删除',110,4,'#','','',1,0,'F','0','0','monitor:job:remove','#','admin','2024-05-10 09:01:24','',NULL,''),(1053,'状态修改',110,5,'#','','',1,0,'F','0','0','monitor:job:changeStatus','#','admin','2024-05-10 09:01:24','',NULL,''),(1054,'任务导出',110,6,'#','','',1,0,'F','0','0','monitor:job:export','#','admin','2024-05-10 09:01:24','',NULL,''),(1055,'生成查询',116,1,'#','','',1,0,'F','0','0','tool:gen:query','#','admin','2024-05-10 09:01:24','',NULL,''),(1056,'生成修改',116,2,'#','','',1,0,'F','0','0','tool:gen:edit','#','admin','2024-05-10 09:01:24','',NULL,''),(1057,'生成删除',116,3,'#','','',1,0,'F','0','0','tool:gen:remove','#','admin','2024-05-10 09:01:24','',NULL,''),(1058,'导入代码',116,4,'#','','',1,0,'F','0','0','tool:gen:import','#','admin','2024-05-10 09:01:24','',NULL,''),(1059,'预览代码',116,5,'#','','',1,0,'F','0','0','tool:gen:preview','#','admin','2024-05-10 09:01:24','',NULL,''),(1060,'生成代码',116,6,'#','','',1,0,'F','0','0','tool:gen:code','#','admin','2024-05-10 09:01:24','',NULL,''),(2000,'账本管理',0,0,'book',NULL,NULL,1,0,'M','0','0','','excel','admin','2024-10-24 01:48:51','admin','2024-10-24 01:49:08',''),(2001,'账本',2000,1,'book','book/book/index',NULL,1,0,'C','0','0','book:book:list','#','admin','2024-10-24 01:52:59','',NULL,'账本菜单'),(2002,'账本查询',2001,1,'#','',NULL,1,0,'F','0','0','book:book:query','#','admin','2024-10-24 01:52:59','',NULL,''),(2003,'账本新增',2001,2,'#','',NULL,1,0,'F','0','0','book:book:add','#','admin','2024-10-24 01:52:59','',NULL,''),(2004,'账本修改',2001,3,'#','',NULL,1,0,'F','0','0','book:book:edit','#','admin','2024-10-24 01:52:59','',NULL,''),(2005,'账本删除',2001,4,'#','',NULL,1,0,'F','0','0','book:book:remove','#','admin','2024-10-24 01:52:59','',NULL,''),(2006,'账本导出',2001,5,'#','',NULL,1,0,'F','0','0','book:book:export','#','admin','2024-10-24 01:52:59','',NULL,''),(2007,'账本用户',2000,1,'user','book/user/index',NULL,1,0,'C','0','0','book:user:list','#','admin','2024-10-24 01:52:59','',NULL,'账本用户菜单'),(2008,'账本用户查询',2007,1,'#','',NULL,1,0,'F','0','0','book:user:query','#','admin','2024-10-24 01:52:59','',NULL,''),(2009,'账本用户新增',2007,2,'#','',NULL,1,0,'F','0','0','book:user:add','#','admin','2024-10-24 01:52:59','',NULL,''),(2010,'账本用户修改',2007,3,'#','',NULL,1,0,'F','0','0','book:user:edit','#','admin','2024-10-24 01:52:59','',NULL,''),(2011,'账本用户删除',2007,4,'#','',NULL,1,0,'F','0','0','book:user:remove','#','admin','2024-10-24 01:52:59','',NULL,''),(2012,'账本用户导出',2007,5,'#','',NULL,1,0,'F','0','0','book:user:export','#','admin','2024-10-24 01:52:59','',NULL,''),(2013,'账本明细',2000,1,'money','book/money/index',NULL,1,0,'C','0','0','book:money:list','#','admin','2024-10-24 01:52:59','',NULL,'账本明细菜单'),(2014,'账本明细查询',2013,1,'#','',NULL,1,0,'F','0','0','book:money:query','#','admin','2024-10-24 01:52:59','',NULL,''),(2015,'账本明细新增',2013,2,'#','',NULL,1,0,'F','0','0','book:money:add','#','admin','2024-10-24 01:52:59','',NULL,''),(2016,'账本明细修改',2013,3,'#','',NULL,1,0,'F','0','0','book:money:edit','#','admin','2024-10-24 01:52:59','',NULL,''),(2017,'账本明细删除',2013,4,'#','',NULL,1,0,'F','0','0','book:money:remove','#','admin','2024-10-24 01:53:00','',NULL,''),(2018,'账本明细导出',2013,5,'#','',NULL,1,0,'F','0','0','book:money:export','#','admin','2024-10-24 01:53:00','',NULL,''),(2019,'分类基础',2000,1,'base','category/base/index',NULL,1,0,'C','0','0','category:base:list','#','admin','2024-10-24 01:53:00','',NULL,'分类基础菜单'),(2020,'分类基础查询',2019,1,'#','',NULL,1,0,'F','0','0','category:base:query','#','admin','2024-10-24 01:53:00','',NULL,''),(2021,'分类基础新增',2019,2,'#','',NULL,1,0,'F','0','0','category:base:add','#','admin','2024-10-24 01:53:00','',NULL,''),(2022,'分类基础修改',2019,3,'#','',NULL,1,0,'F','0','0','category:base:edit','#','admin','2024-10-24 01:53:00','',NULL,''),(2023,'分类基础删除',2019,4,'#','',NULL,1,0,'F','0','0','category:base:remove','#','admin','2024-10-24 01:53:00','',NULL,''),(2024,'分类基础导出',2019,5,'#','',NULL,1,0,'F','0','0','category:base:export','#','admin','2024-10-24 01:53:00','',NULL,''),(2025,'分类',2000,1,'category','category/category/index',NULL,1,0,'C','0','0','category:category:list','#','admin','2024-10-24 01:53:00','',NULL,'分类菜单'),(2026,'分类查询',2025,1,'#','',NULL,1,0,'F','0','0','category:category:query','#','admin','2024-10-24 01:53:00','',NULL,''),(2027,'分类新增',2025,2,'#','',NULL,1,0,'F','0','0','category:category:add','#','admin','2024-10-24 01:53:00','',NULL,''),(2028,'分类修改',2025,3,'#','',NULL,1,0,'F','0','0','category:category:edit','#','admin','2024-10-24 01:53:00','',NULL,''),(2029,'分类删除',2025,4,'#','',NULL,1,0,'F','0','0','category:category:remove','#','admin','2024-10-24 01:53:00','',NULL,''),(2030,'分类导出',2025,5,'#','',NULL,1,0,'F','0','0','category:category:export','#','admin','2024-10-24 01:53:00','',NULL,''),(2031,'账户基础',2000,1,'base','account/base/index',NULL,1,0,'C','0','0','account:base:list','#','admin','2024-10-24 07:33:40','',NULL,'账户基础菜单'),(2032,'账户基础查询',2031,1,'#','',NULL,1,0,'F','0','0','account:base:query','#','admin','2024-10-24 07:33:40','',NULL,''),(2033,'账户基础新增',2031,2,'#','',NULL,1,0,'F','0','0','account:base:add','#','admin','2024-10-24 07:33:40','',NULL,''),(2034,'账户基础修改',2031,3,'#','',NULL,1,0,'F','0','0','account:base:edit','#','admin','2024-10-24 07:33:40','',NULL,''),(2035,'账户基础删除',2031,4,'#','',NULL,1,0,'F','0','0','account:base:remove','#','admin','2024-10-24 07:33:40','',NULL,''),(2036,'账户基础导出',2031,5,'#','',NULL,1,0,'F','0','0','account:base:export','#','admin','2024-10-24 07:33:40','',NULL,''),(2037,'账户',2000,1,'account','account/account/index',NULL,1,0,'C','0','0','account:account:list','#','admin','2024-10-24 07:33:40','',NULL,'账户菜单'),(2038,'账户查询',2037,1,'#','',NULL,1,0,'F','0','0','account:account:query','#','admin','2024-10-24 07:33:40','',NULL,''),(2039,'账户新增',2037,2,'#','',NULL,1,0,'F','0','0','account:account:add','#','admin','2024-10-24 07:33:40','',NULL,''),(2040,'账户修改',2037,3,'#','',NULL,1,0,'F','0','0','account:account:edit','#','admin','2024-10-24 07:33:40','',NULL,''),(2041,'账户删除',2037,4,'#','',NULL,1,0,'F','0','0','account:account:remove','#','admin','2024-10-24 07:33:40','',NULL,''),(2042,'账户导出',2037,5,'#','',NULL,1,0,'F','0','0','account:account:export','#','admin','2024-10-24 07:33:40','',NULL,''),(2043,'分类图标',2000,1,'icon','category/icon/index',NULL,1,0,'C','0','0','category:icon:list','#','admin','2024-11-06 03:44:26','',NULL,'分类图标菜单'),(2044,'分类图标查询',2043,1,'#','',NULL,1,0,'F','0','0','category:icon:query','#','admin','2024-11-06 03:44:26','',NULL,''),(2045,'分类图标新增',2043,2,'#','',NULL,1,0,'F','0','0','category:icon:add','#','admin','2024-11-06 03:44:26','',NULL,''),(2046,'分类图标修改',2043,3,'#','',NULL,1,0,'F','0','0','category:icon:edit','#','admin','2024-11-06 03:44:26','',NULL,''),(2047,'分类图标删除',2043,4,'#','',NULL,1,0,'F','0','0','category:icon:remove','#','admin','2024-11-06 03:44:26','',NULL,''),(2048,'分类图标导出',2043,5,'#','',NULL,1,0,'F','0','0','category:icon:export','#','admin','2024-11-06 03:44:26','',NULL,'');
/*!40000 ALTER TABLE `sys_menu` ENABLE KEYS */;
UNLOCK TABLES;

--
-- Table structure for table `sys_notice`
--

DROP TABLE IF EXISTS `sys_notice`;
/*!40101 SET @saved_cs_client     = @@character_set_client */;
/*!50503 SET character_set_client = utf8mb4 */;
CREATE TABLE `sys_notice` (
  `id` bigint NOT NULL AUTO_INCREMENT COMMENT '公告ID',
  `notice_title` varchar(50) CHARACTER SET utf8mb4 COLLATE utf8mb4_0900_ai_ci NOT NULL COMMENT '公告标题',
  `notice_type` char(1) CHARACTER SET utf8mb4 COLLATE utf8mb4_0900_ai_ci NOT NULL COMMENT '公告类型（1通知 2公告）',
  `notice_content` longblob COMMENT '公告内容',
  `announcement_object_type` char(1) CHARACTER SET utf8mb4 COLLATE utf8mb4_0900_ai_ci NOT NULL COMMENT '公告对象类型（0全体用户，1指定用户）',
  `attachment` json DEFAULT NULL COMMENT '公告内容附件',
  `status` char(1) CHARACTER SET utf8mb4 COLLATE utf8mb4_0900_ai_ci DEFAULT '0' COMMENT '公告状态（0正常 1关闭）',
  `del_flag` char(1) CHARACTER SET utf8mb4 COLLATE utf8mb4_0900_ai_ci DEFAULT '0' COMMENT '删除标志（0代表存在 2代表删除）',
  `create_id` bigint DEFAULT NULL COMMENT '创建人ID',
  `create_by` varchar(64) CHARACTER SET utf8mb4 COLLATE utf8mb4_0900_ai_ci DEFAULT NULL COMMENT '创建者',
  `create_time` datetime(3) DEFAULT NULL COMMENT '创建时间',
  `update_id` bigint DEFAULT NULL COMMENT '更新者ID',
  `update_by` varchar(64) CHARACTER SET utf8mb4 COLLATE utf8mb4_0900_ai_ci DEFAULT NULL COMMENT '更新者',
  `update_time` datetime(3) DEFAULT NULL COMMENT '更新时间',
  PRIMARY KEY (`id`) USING BTREE
) ENGINE=InnoDB AUTO_INCREMENT=10 DEFAULT CHARSET=utf8mb4 COLLATE=utf8mb4_0900_ai_ci ROW_FORMAT=DYNAMIC COMMENT='通知公告表';
/*!40101 SET character_set_client = @saved_cs_client */;

--
-- Dumping data for table `sys_notice`
--

LOCK TABLES `sys_notice` WRITE;
/*!40000 ALTER TABLE `sys_notice` DISABLE KEYS */;
INSERT INTO `sys_notice` VALUES (1,'温馨提醒：2018-07-01 若依新版本发布啦','2',_binary '新版本内容','',NULL,'0','0',NULL,NULL,NULL,NULL,NULL,NULL),(2,'维护通知：2018-07-01 若依系统凌晨维护','1',_binary '维护内容','',NULL,'0','0',NULL,NULL,NULL,NULL,NULL,NULL);
/*!40000 ALTER TABLE `sys_notice` ENABLE KEYS */;
UNLOCK TABLES;

--
-- Table structure for table `sys_notice_object`
--

DROP TABLE IF EXISTS `sys_notice_object`;
/*!40101 SET @saved_cs_client     = @@character_set_client */;
/*!50503 SET character_set_client = utf8mb4 */;
CREATE TABLE `sys_notice_object` (
  `id` bigint NOT NULL AUTO_INCREMENT COMMENT 'ID',
  `notice_id` bigint NOT NULL COMMENT '通知ID',
  `user_id` bigint NOT NULL COMMENT '用户ID',
  `read_flag` char(1) CHARACTER SET utf8mb4 COLLATE utf8mb4_0900_ai_ci NOT NULL DEFAULT '0' COMMENT '是否阅读（0未读 1已读）',
  `read_time` datetime DEFAULT NULL COMMENT '阅读时间',
  `del_flag` char(1) CHARACTER SET utf8mb4 COLLATE utf8mb4_0900_ai_ci DEFAULT '0' COMMENT '删除标志（0代表存在 2代表删除）',
  PRIMARY KEY (`id`) USING BTREE
) ENGINE=InnoDB DEFAULT CHARSET=utf8mb4 COLLATE=utf8mb4_0900_ai_ci ROW_FORMAT=DYNAMIC COMMENT='通知公告对象表';
/*!40101 SET character_set_client = @saved_cs_client */;

--
-- Dumping data for table `sys_notice_object`
--

LOCK TABLES `sys_notice_object` WRITE;
/*!40000 ALTER TABLE `sys_notice_object` DISABLE KEYS */;
/*!40000 ALTER TABLE `sys_notice_object` ENABLE KEYS */;
UNLOCK TABLES;

--
-- Table structure for table `sys_oper_log`
--

DROP TABLE IF EXISTS `sys_oper_log`;
/*!40101 SET @saved_cs_client     = @@character_set_client */;
/*!50503 SET character_set_client = utf8mb4 */;
CREATE TABLE `sys_oper_log` (
  `oper_id` bigint NOT NULL AUTO_INCREMENT COMMENT '日志主键',
  `title` varchar(50) CHARACTER SET utf8mb4 COLLATE utf8mb4_0900_ai_ci DEFAULT '' COMMENT '模块标题',
  `business_type` int DEFAULT '0' COMMENT '业务类型（0其它 1新增 2修改 3删除）',
  `method` varchar(200) CHARACTER SET utf8mb4 COLLATE utf8mb4_0900_ai_ci DEFAULT '' COMMENT '方法名称',
  `request_method` varchar(10) CHARACTER SET utf8mb4 COLLATE utf8mb4_0900_ai_ci DEFAULT '' COMMENT '请求方式',
  `operator_type` int DEFAULT '0' COMMENT '操作类别（0其它 1后台用户 2手机端用户）',
  `oper_name` varchar(50) CHARACTER SET utf8mb4 COLLATE utf8mb4_0900_ai_ci DEFAULT '' COMMENT '操作人员',
  `dept_name` varchar(50) CHARACTER SET utf8mb4 COLLATE utf8mb4_0900_ai_ci DEFAULT '' COMMENT '部门名称',
  `oper_url` varchar(255) CHARACTER SET utf8mb4 COLLATE utf8mb4_0900_ai_ci DEFAULT '' COMMENT '请求URL',
  `oper_ip` varchar(128) CHARACTER SET utf8mb4 COLLATE utf8mb4_0900_ai_ci DEFAULT '' COMMENT '主机地址',
  `oper_location` varchar(255) CHARACTER SET utf8mb4 COLLATE utf8mb4_0900_ai_ci DEFAULT '' COMMENT '操作地点',
  `oper_param` varchar(2000) CHARACTER SET utf8mb4 COLLATE utf8mb4_0900_ai_ci DEFAULT '' COMMENT '请求参数',
  `json_result` varchar(2000) CHARACTER SET utf8mb4 COLLATE utf8mb4_0900_ai_ci DEFAULT '' COMMENT '返回参数',
  `status` int DEFAULT '0' COMMENT '操作状态（0正常 1异常）',
  `error_msg` varchar(2000) CHARACTER SET utf8mb4 COLLATE utf8mb4_0900_ai_ci DEFAULT '' COMMENT '错误消息',
  `oper_time` datetime DEFAULT NULL COMMENT '操作时间',
  `cost_time` bigint DEFAULT '0' COMMENT '消耗时间',
  PRIMARY KEY (`oper_id`) USING BTREE,
  KEY `idx_sys_oper_log_bt` (`business_type`) USING BTREE,
  KEY `idx_sys_oper_log_s` (`status`) USING BTREE,
  KEY `idx_sys_oper_log_ot` (`oper_time`) USING BTREE
) ENGINE=InnoDB AUTO_INCREMENT=604 DEFAULT CHARSET=utf8mb4 COLLATE=utf8mb4_0900_ai_ci ROW_FORMAT=DYNAMIC COMMENT='操作日志记录';
/*!40101 SET character_set_client = @saved_cs_client */;

--
-- Dumping data for table `sys_oper_log`
--

LOCK TABLES `sys_oper_log` WRITE;
/*!40000 ALTER TABLE `sys_oper_log` DISABLE KEYS */;
INSERT INTO `sys_oper_log` VALUES (100,'代码生成',6,'com.jcwl.generator.controller.GenController.importTableSave()','POST',1,'admin','研发部门','/tool/gen/importTable','127.0.0.1','内网IP','{\"tables\":\"sys_notice\"}',NULL,1,'导入失败：\r\n### Error updating database.  Cause: java.sql.SQLSyntaxErrorException: Unknown column \'front_module_name\' in \'field list\'\r\n### The error may exist in URL [jar:file:/D:/.m2/repository/com/jcwl/base-generator/1.0.0/base-generator-1.0.0.jar!/mapper/generator/GenTableMapper.xml]\r\n### The error may involve com.jcwl.generator.mapper.GenTableMapper.insertGenTable-Inline\r\n### The error occurred while setting parameters\r\n### SQL: insert into gen_table          ( table_name,                                           table_comment,                                           class_name,                                                        package_name,                                           module_name,                                           business_name,                                           front_module_name,                                           front_business_name,                                           function_name,                                           function_author,                                                                                               create_by,                                           create_time )          values          ( ?,                                           ?,                                           ?,                                                        ?,                                           ?,                                           ?,                                           ?,                                           ?,                                           ?,                                           ?,                                                                                               ?,                                           sysdate() )\r\n### Cause: java.sql.SQLSyntaxErrorException: Unknown column \'front_module_name\' in \'field list\'\n; bad SQL grammar []; nested exception is java.sql.SQLSyntaxErrorException: Unknown column \'front_module_name\' in \'field list\'','2024-05-10 12:15:23',202),(101,'代码生成',6,'com.jcwl.generator.controller.GenController.importTableSave()','POST',1,'admin','研发部门','/tool/gen/importTable','127.0.0.1','内网IP','{\"tables\":\"sys_notice\"}','{\"msg\":\"操作成功\",\"code\":200}',0,NULL,'2024-05-10 12:49:11',714),(102,'代码生成',2,'com.jcwl.generator.controller.GenController.editSave()','PUT',1,'admin','研发部门','/tool/gen','127.0.0.1','内网IP','{\"businessName\":\"notice\",\"className\":\"SysNotice\",\"columns\":[{\"capJavaField\":\"NoticeId\",\"columnComment\":\"公告ID\",\"columnId\":1,\"columnName\":\"notice_id\",\"columnType\":\"int\",\"createBy\":\"admin\",\"createTime\":\"2024-05-10 12:49:11\",\"dictType\":\"\",\"edit\":false,\"htmlType\":\"input\",\"increment\":true,\"insert\":true,\"isIncrement\":\"1\",\"isInsert\":\"1\",\"isPk\":\"1\",\"javaField\":\"noticeId\",\"javaType\":\"Integer\",\"list\":false,\"params\":{},\"pk\":true,\"query\":false,\"queryType\":\"EQ\",\"required\":false,\"sort\":1,\"superColumn\":false,\"tableId\":1,\"updateBy\":\"\",\"usableColumn\":false},{\"capJavaField\":\"NoticeTitle\",\"columnComment\":\"公告标题\",\"columnId\":2,\"columnName\":\"notice_title\",\"columnType\":\"varchar(50)\",\"createBy\":\"admin\",\"createTime\":\"2024-05-10 12:49:11\",\"dictType\":\"\",\"edit\":true,\"htmlType\":\"input\",\"increment\":false,\"insert\":true,\"isEdit\":\"1\",\"isIncrement\":\"0\",\"isInsert\":\"1\",\"isList\":\"1\",\"isPk\":\"0\",\"isQuery\":\"1\",\"isRequired\":\"1\",\"javaField\":\"noticeTitle\",\"javaType\":\"String\",\"list\":true,\"params\":{},\"pk\":false,\"query\":true,\"queryType\":\"EQ\",\"required\":true,\"sort\":2,\"superColumn\":false,\"tableId\":1,\"updateBy\":\"\",\"usableColumn\":false},{\"capJavaField\":\"NoticeType\",\"columnComment\":\"公告类型（1通知 2公告）\",\"columnId\":3,\"columnName\":\"notice_type\",\"columnType\":\"char(1)\",\"createBy\":\"admin\",\"createTime\":\"2024-05-10 12:49:11\",\"dictType\":\"\",\"edit\":true,\"htmlType\":\"select\",\"increment\":false,\"insert\":true,\"isEdit\":\"1\",\"isIncrement\":\"0\",\"isInsert\":\"1\",\"isList\":\"1\",\"isPk\":\"0\",\"isQuery\":\"1\",\"isRequired\":\"1\",\"javaField\":\"noticeType\",\"javaType\":\"String\",\"list\":true,\"params\":{},\"pk\":false,\"query\":true,\"queryType\":\"EQ\",\"required\":true,\"sort\":3,\"superColumn\":false,\"tableId\":1,\"updateBy\":\"\",\"usableColumn\":false},{\"capJavaField\":\"NoticeContent\",\"columnComment\":\"公告内容\",\"columnId\":4,\"columnName\":\"notice_content\",\"columnType\":\"longblob\",\"createBy\":\"admin\",\"createTime\":\"2024-05-10 12:49:11\",\"dictType\":\"\",\"edit\":true,\"htmlType\":\"editor\",\"increment\":false,\"insert\":true,\"isEdit\":\"1\",\"isIncrement\":\"0\",\"isInsert\":\"1\",\"isList\":\"1\",\"isPk\":\"0\",\"isQuery\":\"1\"','{\"msg\":\"操作成功\",\"code\":200}',0,NULL,'2024-05-10 12:55:21',442),(103,'代码生成',6,'com.jcwl.generator.controller.GenController.importTableSave()','POST',1,'admin','研发部门','/tool/gen/importTable','127.0.0.1','内网IP','{\"tables\":\"book_money\"}','{\"msg\":\"操作成功\",\"code\":200}',0,NULL,'2024-10-14 07:44:20',88),(104,'代码生成',8,'com.jcwl.generator.controller.GenController.batchGenCode()','GET',1,'admin','研发部门','/tool/gen/batchGenCode','127.0.0.1','内网IP','{\"tables\":\"book_money\"}',NULL,0,NULL,'2024-10-14 07:44:25',132),(105,'代码生成',2,'com.jcwl.generator.controller.GenController.editSave()','PUT',1,'admin','研发部门','/tool/gen','127.0.0.1','内网IP','{\"businessName\":\"money\",\"className\":\"BookMoney\",\"columns\":[{\"capJavaField\":\"Id\",\"columnComment\":\"唯一标识\",\"columnId\":11,\"columnName\":\"id\",\"columnType\":\"bigint\",\"createBy\":\"admin\",\"createTime\":\"2024-10-14 07:44:20\",\"dictType\":\"\",\"edit\":false,\"htmlType\":\"input\",\"increment\":true,\"insert\":true,\"isIncrement\":\"1\",\"isInsert\":\"1\",\"isPk\":\"1\",\"javaField\":\"id\",\"javaType\":\"Long\",\"list\":false,\"params\":{},\"pk\":true,\"query\":false,\"queryType\":\"EQ\",\"required\":false,\"sort\":1,\"superColumn\":false,\"tableId\":2,\"updateBy\":\"\",\"usableColumn\":false},{\"capJavaField\":\"BookId\",\"columnComment\":\"账本唯一标识\",\"columnId\":12,\"columnName\":\"book_id\",\"columnType\":\"bigint\",\"createBy\":\"admin\",\"createTime\":\"2024-10-14 07:44:20\",\"dictType\":\"\",\"edit\":true,\"htmlType\":\"input\",\"increment\":false,\"insert\":true,\"isEdit\":\"1\",\"isIncrement\":\"0\",\"isInsert\":\"1\",\"isList\":\"1\",\"isPk\":\"0\",\"isQuery\":\"1\",\"javaField\":\"bookId\",\"javaType\":\"Long\",\"list\":true,\"params\":{},\"pk\":false,\"query\":true,\"queryType\":\"EQ\",\"required\":false,\"sort\":2,\"superColumn\":false,\"tableId\":2,\"updateBy\":\"\",\"usableColumn\":false},{\"capJavaField\":\"CategoryId\",\"columnComment\":\"分类唯一标识\",\"columnId\":13,\"columnName\":\"category_id\",\"columnType\":\"bigint\",\"createBy\":\"admin\",\"createTime\":\"2024-10-14 07:44:20\",\"dictType\":\"\",\"edit\":true,\"htmlType\":\"input\",\"increment\":false,\"insert\":true,\"isEdit\":\"1\",\"isIncrement\":\"0\",\"isInsert\":\"1\",\"isList\":\"1\",\"isPk\":\"0\",\"isQuery\":\"1\",\"javaField\":\"categoryId\",\"javaType\":\"Long\",\"list\":true,\"params\":{},\"pk\":false,\"query\":true,\"queryType\":\"EQ\",\"required\":false,\"sort\":3,\"superColumn\":false,\"tableId\":2,\"updateBy\":\"\",\"usableColumn\":false},{\"capJavaField\":\"CategoryName\",\"columnComment\":\"分类名称\",\"columnId\":14,\"columnName\":\"category_name\",\"columnType\":\"varchar(255)\",\"createBy\":\"admin\",\"createTime\":\"2024-10-14 07:44:20\",\"dictType\":\"\",\"edit\":true,\"htmlType\":\"input\",\"increment\":false,\"insert\":true,\"isEdit\":\"1\",\"isIncrement\":\"0\",\"isInsert\":\"1\",\"isList\":\"1\",\"isPk\":\"0\",\"isQuery\":\"1\",\"javaField\":\"categoryName\",\"javaType\":\"String\",\"list\":true,\"params\":{},\"pk\":f','{\"msg\":\"操作成功\",\"code\":200}',0,NULL,'2024-10-14 07:46:33',52),(106,'代码生成',8,'com.jcwl.generator.controller.GenController.batchGenCode()','GET',1,'admin','研发部门','/tool/gen/batchGenCode','127.0.0.1','内网IP','{\"tables\":\"book_money\"}',NULL,0,NULL,'2024-10-14 07:46:36',63),(107,'代码生成',6,'com.jcwl.generator.controller.GenController.importTableSave()','POST',1,'admin','研发部门','/tool/gen/importTable','127.0.0.1','内网IP','{\"tables\":\"book,book_user\"}','{\"msg\":\"操作成功\",\"code\":200}',0,NULL,'2024-10-15 02:20:57',114),(108,'代码生成',2,'com.jcwl.generator.controller.GenController.synchDb()','GET',1,'admin','研发部门','/tool/gen/synchDb/book_money','127.0.0.1','内网IP','{}','{\"msg\":\"操作成功\",\"code\":200}',0,NULL,'2024-10-15 02:21:03',60),(109,'代码生成',8,'com.jcwl.generator.controller.GenController.batchGenCode()','GET',1,'admin','研发部门','/tool/gen/batchGenCode','127.0.0.1','内网IP','{\"tables\":\"book_money,book_user,book\"}',NULL,0,NULL,'2024-10-15 02:21:07',197),(110,'代码生成',8,'com.jcwl.generator.controller.GenController.batchGenCode()','GET',1,'admin','研发部门','/tool/gen/batchGenCode','127.0.0.1','内网IP','{\"tables\":\"book_money,book_user,book\"}',NULL,0,NULL,'2024-10-15 02:22:20',123),(111,'账本明细',5,'com.jcwl.admin.book.controller.BookMoneyController.importAliPayExcel()','POST',1,'admin','研发部门','/book/money/import/ali/pay/excel','127.0.0.1','内网IP','{\"bookId\":\"1\"}','{\"code\":200,\"data\":true,\"msg\":\"操作成功\"}',0,NULL,'2024-10-15 02:37:56',305),(112,'账本明细',5,'com.jcwl.admin.book.controller.BookMoneyController.export()','POST',1,'admin','研发部门','/book/money/export','127.0.0.1','内网IP','{\"isAsc\":\"asc\",\"orderBy\":\"\",\"params\":{},\"reasonable\":true}',NULL,0,NULL,'2024-10-15 02:39:32',350),(113,'账本明细',5,'com.jcwl.admin.book.controller.BookMoneyController.importExcel()','POST',1,'admin','研发部门','/book/money/importExcel','127.0.0.1','内网IP','','{\"code\":200,\"data\":true,\"msg\":\"操作成功\"}',0,NULL,'2024-10-15 02:40:26',257),(114,'账本明细',5,'com.jcwl.admin.book.controller.BookMoneyController.importExcel()','POST',1,'admin','研发部门','/book/money/importExcel','127.0.0.1','内网IP','','{\"code\":200,\"data\":true,\"msg\":\"操作成功\"}',0,NULL,'2024-10-15 02:45:28',471),(115,'账本明细',5,'com.jcwl.admin.book.controller.BookMoneyController.importExcel()','POST',1,'admin','研发部门','/book/money/importExcel','127.0.0.1','内网IP','','{\"code\":200,\"data\":true,\"msg\":\"操作成功\"}',0,NULL,'2024-10-15 02:49:07',386),(116,'账本明细',5,'com.jcwl.admin.book.controller.BookMoneyController.importExcel()','POST',1,'admin','研发部门','/book/money/importExcel','127.0.0.1','内网IP','','{\"code\":200,\"data\":true,\"msg\":\"操作成功\"}',0,NULL,'2024-10-15 02:53:07',268),(117,'账本明细',5,'com.jcwl.admin.book.controller.BookMoneyController.importExcel()','POST',1,'admin','研发部门','/book/money/importExcel','127.0.0.1','内网IP','','{\"code\":200,\"data\":true,\"msg\":\"操作成功\"}',0,NULL,'2024-10-15 02:55:39',261),(118,'账本明细',5,'com.jcwl.admin.book.controller.BookMoneyController.importExcel()','POST',1,'admin','研发部门','/book/money/importExcel','127.0.0.1','内网IP','','{\"code\":200,\"data\":true,\"msg\":\"操作成功\"}',0,NULL,'2024-10-15 02:56:34',262),(119,'账本明细',5,'com.jcwl.admin.book.controller.BookMoneyController.importAliPayExcel()','POST',1,'admin','研发部门','/book/money/import/ali/pay/excel','127.0.0.1','内网IP','{\"bookId\":\"1\"}','{\"code\":200,\"data\":true,\"msg\":\"操作成功\"}',0,NULL,'2024-10-15 02:59:19',308),(120,'账本明细',5,'com.jcwl.admin.book.controller.BookMoneyController.importAliPayExcel()','POST',1,'admin','研发部门','/book/money/import/ali/pay/excel','127.0.0.1','内网IP','{\"bookId\":\"1\"}','{\"code\":200,\"data\":true,\"msg\":\"操作成功\"}',0,NULL,'2024-10-15 03:03:20',308),(121,'账本明细',5,'com.jcwl.admin.book.controller.BookMoneyController.importAliPayExcel()','POST',1,'admin','研发部门','/book/money/import/ali/pay/excel','127.0.0.1','内网IP','{\"bookId\":\"1\"}','{\"code\":200,\"data\":true,\"msg\":\"操作成功\"}',0,NULL,'2024-10-15 03:06:41',299),(122,'账本明细',5,'com.jcwl.admin.book.controller.BookMoneyController.importAliPayExcel()','POST',1,'admin','研发部门','/book/money/import/ali/pay/excel','127.0.0.1','内网IP','{\"bookId\":\"1\"}','{\"code\":200,\"data\":true,\"msg\":\"操作成功\"}',0,NULL,'2024-10-15 03:09:09',41),(123,'代码生成',6,'com.jcwl.generator.controller.GenController.importTableSave()','POST',1,'admin','研发部门','/tool/gen/importTable','127.0.0.1','内网IP','{\"tables\":\"sys_user_open\"}','{\"msg\":\"操作成功\",\"code\":200}',0,NULL,'2024-10-15 04:34:31',119),(124,'代码生成',2,'com.jcwl.generator.controller.GenController.synchDb()','GET',1,'admin','研发部门','/tool/gen/synchDb/sys_user_open','127.0.0.1','内网IP','{}','{\"msg\":\"操作成功\",\"code\":200}',0,NULL,'2024-10-15 04:35:31',17),(125,'代码生成',3,'com.jcwl.generator.controller.GenController.remove()','DELETE',1,'admin','研发部门','/tool/gen/5','127.0.0.1','内网IP','{}','{\"msg\":\"操作成功\",\"code\":200}',0,NULL,'2024-10-15 04:35:50',8),(126,'代码生成',6,'com.jcwl.generator.controller.GenController.importTableSave()','POST',1,'admin','研发部门','/tool/gen/importTable','127.0.0.1','内网IP','{\"tables\":\"sys_user_open\"}','{\"msg\":\"操作成功\",\"code\":200}',0,NULL,'2024-10-15 04:35:53',16),(127,'代码生成',2,'com.jcwl.generator.controller.GenController.editSave()','PUT',1,'admin','研发部门','/tool/gen','127.0.0.1','内网IP','{\"businessName\":\"open\",\"className\":\"SysUserOpen\",\"columns\":[{\"capJavaField\":\"UserId\",\"columnComment\":\"用户ID\",\"columnId\":78,\"columnName\":\"user_id\",\"columnType\":\"bigint\",\"createBy\":\"admin\",\"createTime\":\"2024-10-15 04:35:53\",\"dictType\":\"\",\"edit\":false,\"htmlType\":\"input\",\"increment\":false,\"insert\":true,\"isIncrement\":\"0\",\"isInsert\":\"1\",\"isPk\":\"1\",\"javaField\":\"userId\",\"javaType\":\"Long\",\"list\":false,\"params\":{},\"pk\":true,\"query\":false,\"queryType\":\"EQ\",\"required\":false,\"sort\":1,\"superColumn\":false,\"tableId\":6,\"updateBy\":\"\",\"usableColumn\":false},{\"capJavaField\":\"OpenId\",\"columnComment\":\"第三方openId\",\"columnId\":79,\"columnName\":\"open_id\",\"columnType\":\"bigint\",\"createBy\":\"admin\",\"createTime\":\"2024-10-15 04:35:53\",\"dictType\":\"\",\"edit\":false,\"htmlType\":\"input\",\"increment\":false,\"insert\":true,\"isIncrement\":\"0\",\"isInsert\":\"1\",\"isPk\":\"1\",\"javaField\":\"openId\",\"javaType\":\"Long\",\"list\":false,\"params\":{},\"pk\":true,\"query\":false,\"queryType\":\"EQ\",\"required\":false,\"sort\":2,\"superColumn\":false,\"tableId\":6,\"updateBy\":\"\",\"usableColumn\":false}],\"crud\":true,\"detailsPageType\":\"0\",\"frontBusinessName\":\"open\",\"frontModuleName\":\"admin\",\"functionAuthor\":\"jcwl\",\"functionName\":\"用户和第三方登录关联\",\"genPath\":\"/\",\"genType\":\"0\",\"moduleName\":\"system\",\"options\":\"{}\",\"packageName\":\"com.jcwl.admin\",\"params\":{},\"sub\":false,\"tableComment\":\"用户和第三方登录关联表\",\"tableId\":6,\"tableName\":\"sys_user_open\",\"tplCategory\":\"crud\",\"tree\":false}','{\"msg\":\"操作成功\",\"code\":200}',0,NULL,'2024-10-15 04:37:01',20),(128,'代码生成',8,'com.jcwl.generator.controller.GenController.batchGenCode()','GET',1,'admin','研发部门','/tool/gen/batchGenCode','127.0.0.1','内网IP','{\"tables\":\"sys_user_open\"}',NULL,0,NULL,'2024-10-15 04:37:07',89),(129,'代码生成',2,'com.jcwl.generator.controller.GenController.editSave()','PUT',1,'admin','研发部门','/tool/gen','127.0.0.1','内网IP','{\"businessName\":\"open\",\"className\":\"SysUserOpen\",\"columns\":[{\"capJavaField\":\"UserId\",\"columnComment\":\"用户ID\",\"columnId\":78,\"columnName\":\"user_id\",\"columnType\":\"bigint\",\"createBy\":\"admin\",\"createTime\":\"2024-10-15 04:35:53\",\"dictType\":\"\",\"edit\":false,\"htmlType\":\"input\",\"increment\":false,\"insert\":true,\"isIncrement\":\"0\",\"isInsert\":\"1\",\"isPk\":\"1\",\"javaField\":\"userId\",\"javaType\":\"Long\",\"list\":false,\"params\":{},\"pk\":true,\"query\":false,\"queryType\":\"EQ\",\"required\":false,\"sort\":1,\"superColumn\":false,\"tableId\":6,\"updateBy\":\"\",\"updateTime\":\"2024-10-15 04:37:01\",\"usableColumn\":false},{\"capJavaField\":\"OpenId\",\"columnComment\":\"第三方openId\",\"columnId\":79,\"columnName\":\"open_id\",\"columnType\":\"bigint\",\"createBy\":\"admin\",\"createTime\":\"2024-10-15 04:35:53\",\"dictType\":\"\",\"edit\":false,\"htmlType\":\"input\",\"increment\":false,\"insert\":true,\"isIncrement\":\"0\",\"isInsert\":\"1\",\"isPk\":\"1\",\"javaField\":\"openId\",\"javaType\":\"Long\",\"list\":false,\"params\":{},\"pk\":true,\"query\":false,\"queryType\":\"EQ\",\"required\":false,\"sort\":2,\"superColumn\":false,\"tableId\":6,\"updateBy\":\"\",\"updateTime\":\"2024-10-15 04:37:01\",\"usableColumn\":false}],\"crud\":true,\"detailsPageType\":\"0\",\"frontBusinessName\":\"open\",\"frontModuleName\":\"admin\",\"functionAuthor\":\"jcwl\",\"functionName\":\"用户和第三方登录关联\",\"genPath\":\"/\",\"genType\":\"0\",\"moduleName\":\"system\",\"options\":\"{}\",\"packageName\":\"com.jcwl.admin.system\",\"params\":{},\"sub\":false,\"tableComment\":\"用户和第三方登录关联表\",\"tableId\":6,\"tableName\":\"sys_user_open\",\"tplCategory\":\"crud\",\"tree\":false}','{\"msg\":\"操作成功\",\"code\":200}',0,NULL,'2024-10-15 04:37:48',12),(130,'代码生成',8,'com.jcwl.generator.controller.GenController.batchGenCode()','GET',1,'admin','研发部门','/tool/gen/batchGenCode','127.0.0.1','内网IP','{\"tables\":\"sys_user_open\"}',NULL,0,NULL,'2024-10-15 04:37:49',27),(131,'代码生成',2,'com.jcwl.generator.controller.GenController.editSave()','PUT',1,'admin','研发部门','/tool/gen','127.0.0.1','内网IP','{\"businessName\":\"open\",\"className\":\"SysUserOpen\",\"columns\":[{\"capJavaField\":\"UserId\",\"columnComment\":\"用户ID\",\"columnId\":78,\"columnName\":\"user_id\",\"columnType\":\"bigint\",\"createBy\":\"admin\",\"createTime\":\"2024-10-15 04:35:53\",\"dictType\":\"\",\"edit\":true,\"htmlType\":\"input\",\"increment\":false,\"insert\":true,\"isEdit\":\"1\",\"isIncrement\":\"0\",\"isInsert\":\"1\",\"isList\":\"1\",\"isPk\":\"1\",\"isQuery\":\"1\",\"javaField\":\"userId\",\"javaType\":\"Long\",\"list\":true,\"params\":{},\"pk\":true,\"query\":true,\"queryType\":\"EQ\",\"required\":false,\"sort\":1,\"superColumn\":false,\"tableId\":6,\"updateBy\":\"\",\"updateTime\":\"2024-10-15 04:37:48\",\"usableColumn\":false},{\"capJavaField\":\"OpenId\",\"columnComment\":\"第三方openId\",\"columnId\":79,\"columnName\":\"open_id\",\"columnType\":\"bigint\",\"createBy\":\"admin\",\"createTime\":\"2024-10-15 04:35:53\",\"dictType\":\"\",\"edit\":true,\"htmlType\":\"input\",\"increment\":false,\"insert\":true,\"isEdit\":\"1\",\"isIncrement\":\"0\",\"isInsert\":\"1\",\"isList\":\"1\",\"isPk\":\"1\",\"isQuery\":\"1\",\"javaField\":\"openId\",\"javaType\":\"Long\",\"list\":true,\"params\":{},\"pk\":true,\"query\":true,\"queryType\":\"EQ\",\"required\":false,\"sort\":2,\"superColumn\":false,\"tableId\":6,\"updateBy\":\"\",\"updateTime\":\"2024-10-15 04:37:48\",\"usableColumn\":false}],\"crud\":true,\"detailsPageType\":\"0\",\"frontBusinessName\":\"open\",\"frontModuleName\":\"admin\",\"functionAuthor\":\"jcwl\",\"functionName\":\"用户和第三方登录关联\",\"genPath\":\"/\",\"genType\":\"0\",\"moduleName\":\"system\",\"options\":\"{}\",\"packageName\":\"com.jcwl.admin.system\",\"params\":{},\"sub\":false,\"tableComment\":\"用户和第三方登录关联表\",\"tableId\":6,\"tableName\":\"sys_user_open\",\"tplCategory\":\"crud\",\"tree\":false}','{\"msg\":\"操作成功\",\"code\":200}',0,NULL,'2024-10-15 04:40:18',11),(132,'代码生成',2,'com.jcwl.generator.controller.GenController.synchDb()','GET',1,'admin','研发部门','/tool/gen/synchDb/sys_user_open','127.0.0.1','内网IP','{}','{\"msg\":\"操作成功\",\"code\":200}',0,NULL,'2024-10-15 04:48:03',12),(133,'用户管理',1,'com.jcwl.admin.system.controller.system.SysUserController.add()','POST',1,'admin','研发部门','/system/user','127.0.0.1','内网IP','{\"admin\":false,\"createBy\":\"admin\",\"deptId\":100,\"nickName\":\"test\",\"params\":{},\"postIds\":[],\"roleIds\":[],\"status\":\"0\",\"userId\":102,\"userName\":\"test\"}','{\"msg\":\"操作成功\",\"code\":200}',0,NULL,'2024-10-15 07:26:36',123),(134,'代码生成',6,'com.jcwl.generator.controller.GenController.importTableSave()','POST',1,'admin','研发部门','/tool/gen/importTable','127.0.0.1','内网IP','{\"tables\":\"category_base,category\"}','{\"msg\":\"操作成功\",\"code\":200}',0,NULL,'2024-10-16 08:07:25',283),(135,'代码生成',2,'com.jcwl.generator.controller.GenController.editSave()','PUT',1,'admin','研发部门','/tool/gen','127.0.0.1','内网IP','{\"businessName\":\"category\",\"className\":\"Category\",\"columns\":[{\"capJavaField\":\"Id\",\"columnComment\":\"分类唯一标识\",\"columnId\":80,\"columnName\":\"id\",\"columnType\":\"bigint\",\"createBy\":\"admin\",\"createTime\":\"2024-10-16 08:07:25\",\"dictType\":\"\",\"edit\":false,\"htmlType\":\"input\",\"increment\":true,\"insert\":true,\"isIncrement\":\"1\",\"isInsert\":\"1\",\"isPk\":\"1\",\"javaField\":\"id\",\"javaType\":\"Long\",\"list\":false,\"params\":{},\"pk\":true,\"query\":false,\"queryType\":\"EQ\",\"required\":false,\"sort\":1,\"superColumn\":false,\"tableId\":7,\"updateBy\":\"\",\"usableColumn\":false},{\"capJavaField\":\"ParentId\",\"columnComment\":\"父级节点唯一标识\",\"columnId\":81,\"columnName\":\"parent_id\",\"columnType\":\"bigint\",\"createBy\":\"admin\",\"createTime\":\"2024-10-16 08:07:25\",\"dictType\":\"\",\"edit\":true,\"htmlType\":\"input\",\"increment\":false,\"insert\":true,\"isEdit\":\"1\",\"isIncrement\":\"0\",\"isInsert\":\"1\",\"isList\":\"1\",\"isPk\":\"0\",\"isQuery\":\"1\",\"javaField\":\"parentId\",\"javaType\":\"Long\",\"list\":true,\"params\":{},\"pk\":false,\"query\":true,\"queryType\":\"EQ\",\"required\":false,\"sort\":2,\"superColumn\":true,\"tableId\":7,\"updateBy\":\"\",\"usableColumn\":true},{\"capJavaField\":\"Name\",\"columnComment\":\"类型名称\",\"columnId\":82,\"columnName\":\"name\",\"columnType\":\"varchar(100)\",\"createBy\":\"admin\",\"createTime\":\"2024-10-16 08:07:25\",\"dictType\":\"\",\"edit\":true,\"htmlType\":\"input\",\"increment\":false,\"insert\":true,\"isEdit\":\"1\",\"isIncrement\":\"0\",\"isInsert\":\"1\",\"isList\":\"1\",\"isPk\":\"0\",\"isQuery\":\"1\",\"javaField\":\"name\",\"javaType\":\"String\",\"list\":true,\"params\":{},\"pk\":false,\"query\":true,\"queryType\":\"LIKE\",\"required\":false,\"sort\":3,\"superColumn\":false,\"tableId\":7,\"updateBy\":\"\",\"usableColumn\":false},{\"capJavaField\":\"Code\",\"columnComment\":\"类型编码\",\"columnId\":83,\"columnName\":\"code\",\"columnType\":\"varchar(100)\",\"createBy\":\"admin\",\"createTime\":\"2024-10-16 08:07:25\",\"dictType\":\"\",\"edit\":true,\"htmlType\":\"input\",\"increment\":false,\"insert\":true,\"isEdit\":\"1\",\"isIncrement\":\"0\",\"isInsert\":\"1\",\"isList\":\"1\",\"isPk\":\"0\",\"isQuery\":\"1\",\"javaField\":\"code\",\"javaType\":\"String\",\"list\":true,\"params\":{},\"pk\":false,\"query\":true,\"queryTy','{\"msg\":\"操作成功\",\"code\":200}',0,NULL,'2024-10-16 08:08:11',105),(136,'代码生成',2,'com.jcwl.generator.controller.GenController.editSave()','PUT',1,'admin','研发部门','/tool/gen','127.0.0.1','内网IP','{\"businessName\":\"base\",\"className\":\"CategoryBase\",\"columns\":[{\"capJavaField\":\"Id\",\"columnComment\":\"分类唯一标识\",\"columnId\":96,\"columnName\":\"id\",\"columnType\":\"bigint\",\"createBy\":\"admin\",\"createTime\":\"2024-10-16 08:07:25\",\"dictType\":\"\",\"edit\":false,\"htmlType\":\"input\",\"increment\":true,\"insert\":true,\"isIncrement\":\"1\",\"isInsert\":\"1\",\"isPk\":\"1\",\"javaField\":\"id\",\"javaType\":\"Long\",\"list\":false,\"params\":{},\"pk\":true,\"query\":false,\"queryType\":\"EQ\",\"required\":false,\"sort\":1,\"superColumn\":false,\"tableId\":8,\"updateBy\":\"\",\"usableColumn\":false},{\"capJavaField\":\"ParentId\",\"columnComment\":\"父级节点唯一标识\",\"columnId\":97,\"columnName\":\"parent_id\",\"columnType\":\"bigint\",\"createBy\":\"admin\",\"createTime\":\"2024-10-16 08:07:25\",\"dictType\":\"\",\"edit\":true,\"htmlType\":\"input\",\"increment\":false,\"insert\":true,\"isEdit\":\"1\",\"isIncrement\":\"0\",\"isInsert\":\"1\",\"isList\":\"1\",\"isPk\":\"0\",\"isQuery\":\"1\",\"javaField\":\"parentId\",\"javaType\":\"Long\",\"list\":true,\"params\":{},\"pk\":false,\"query\":true,\"queryType\":\"EQ\",\"required\":false,\"sort\":2,\"superColumn\":true,\"tableId\":8,\"updateBy\":\"\",\"usableColumn\":true},{\"capJavaField\":\"Name\",\"columnComment\":\"类型名称\",\"columnId\":98,\"columnName\":\"name\",\"columnType\":\"varchar(100)\",\"createBy\":\"admin\",\"createTime\":\"2024-10-16 08:07:25\",\"dictType\":\"\",\"edit\":true,\"htmlType\":\"input\",\"increment\":false,\"insert\":true,\"isEdit\":\"1\",\"isIncrement\":\"0\",\"isInsert\":\"1\",\"isList\":\"1\",\"isPk\":\"0\",\"isQuery\":\"1\",\"javaField\":\"name\",\"javaType\":\"String\",\"list\":true,\"params\":{},\"pk\":false,\"query\":true,\"queryType\":\"LIKE\",\"required\":false,\"sort\":3,\"superColumn\":false,\"tableId\":8,\"updateBy\":\"\",\"usableColumn\":false},{\"capJavaField\":\"Code\",\"columnComment\":\"类型编码\",\"columnId\":99,\"columnName\":\"code\",\"columnType\":\"varchar(100)\",\"createBy\":\"admin\",\"createTime\":\"2024-10-16 08:07:25\",\"dictType\":\"\",\"edit\":true,\"htmlType\":\"input\",\"increment\":false,\"insert\":true,\"isEdit\":\"1\",\"isIncrement\":\"0\",\"isInsert\":\"1\",\"isList\":\"1\",\"isPk\":\"0\",\"isQuery\":\"1\",\"javaField\":\"code\",\"javaType\":\"String\",\"list\":true,\"params\":{},\"pk\":false,\"query\":true,\"queryTy','{\"msg\":\"操作成功\",\"code\":200}',0,NULL,'2024-10-16 08:08:30',90),(137,'代码生成',8,'com.jcwl.generator.controller.GenController.batchGenCode()','GET',1,'admin','研发部门','/tool/gen/batchGenCode','127.0.0.1','内网IP','{\"tables\":\"category,category_base\"}',NULL,0,NULL,'2024-10-16 08:09:16',219),(138,'代码生成',6,'com.jcwl.generator.controller.GenController.importTableSave()','POST',1,'admin','研发部门','/tool/gen/importTable','127.0.0.1','内网IP','{\"tables\":\"sys_fill_rule\"}','{\"msg\":\"操作成功\",\"code\":200}',0,NULL,'2024-10-16 09:35:49',91),(139,'代码生成',2,'com.jcwl.generator.controller.GenController.editSave()','PUT',1,'admin','研发部门','/tool/gen','127.0.0.1','内网IP','{\"businessName\":\"rule\",\"className\":\"FillRule\",\"columns\":[{\"capJavaField\":\"Id\",\"columnComment\":\"主键ID\",\"columnId\":110,\"columnName\":\"id\",\"columnType\":\"varchar(32)\",\"createBy\":\"admin\",\"createTime\":\"2024-10-16 09:35:48\",\"dictType\":\"\",\"edit\":false,\"htmlType\":\"input\",\"increment\":false,\"insert\":true,\"isIncrement\":\"0\",\"isInsert\":\"1\",\"isPk\":\"1\",\"javaField\":\"id\",\"javaType\":\"String\",\"list\":false,\"params\":{},\"pk\":true,\"query\":false,\"queryType\":\"EQ\",\"required\":false,\"sort\":1,\"superColumn\":false,\"tableId\":9,\"updateBy\":\"\",\"usableColumn\":false},{\"capJavaField\":\"RuleName\",\"columnComment\":\"规则名称\",\"columnId\":111,\"columnName\":\"rule_name\",\"columnType\":\"varchar(100)\",\"createBy\":\"admin\",\"createTime\":\"2024-10-16 09:35:48\",\"dictType\":\"\",\"edit\":true,\"htmlType\":\"input\",\"increment\":false,\"insert\":true,\"isEdit\":\"1\",\"isIncrement\":\"0\",\"isInsert\":\"1\",\"isList\":\"1\",\"isPk\":\"0\",\"isQuery\":\"1\",\"javaField\":\"ruleName\",\"javaType\":\"String\",\"list\":true,\"params\":{},\"pk\":false,\"query\":true,\"queryType\":\"LIKE\",\"required\":false,\"sort\":2,\"superColumn\":false,\"tableId\":9,\"updateBy\":\"\",\"usableColumn\":false},{\"capJavaField\":\"RuleCode\",\"columnComment\":\"规则Code\",\"columnId\":112,\"columnName\":\"rule_code\",\"columnType\":\"varchar(100)\",\"createBy\":\"admin\",\"createTime\":\"2024-10-16 09:35:48\",\"dictType\":\"\",\"edit\":true,\"htmlType\":\"input\",\"increment\":false,\"insert\":true,\"isEdit\":\"1\",\"isIncrement\":\"0\",\"isInsert\":\"1\",\"isList\":\"1\",\"isPk\":\"0\",\"isQuery\":\"1\",\"javaField\":\"ruleCode\",\"javaType\":\"String\",\"list\":true,\"params\":{},\"pk\":false,\"query\":true,\"queryType\":\"EQ\",\"required\":false,\"sort\":3,\"superColumn\":false,\"tableId\":9,\"updateBy\":\"\",\"usableColumn\":false},{\"capJavaField\":\"RuleClass\",\"columnComment\":\"规则实现类\",\"columnId\":113,\"columnName\":\"rule_class\",\"columnType\":\"varchar(100)\",\"createBy\":\"admin\",\"createTime\":\"2024-10-16 09:35:48\",\"dictType\":\"\",\"edit\":true,\"htmlType\":\"input\",\"increment\":false,\"insert\":true,\"isEdit\":\"1\",\"isIncrement\":\"0\",\"isInsert\":\"1\",\"isList\":\"1\",\"isPk\":\"0\",\"isQuery\":\"1\",\"javaField\":\"ruleClass\",\"javaType\":\"String\",\"list\":true,','{\"msg\":\"操作成功\",\"code\":200}',0,NULL,'2024-10-16 09:36:29',64),(140,'代码生成',8,'com.jcwl.generator.controller.GenController.batchGenCode()','GET',1,'admin','研发部门','/tool/gen/batchGenCode','127.0.0.1','内网IP','{\"tables\":\"sys_fill_rule\"}',NULL,0,NULL,'2024-10-16 09:36:32',99),(141,'代码生成',2,'com.jcwl.generator.controller.GenController.synchDb()','GET',1,'admin','研发部门','/tool/gen/synchDb/book','127.0.0.1','内网IP','{}','{\"msg\":\"操作成功\",\"code\":200}',0,NULL,'2024-10-18 03:22:53',178),(142,'代码生成',2,'com.jcwl.generator.controller.GenController.synchDb()','GET',1,'admin','研发部门','/tool/gen/synchDb/book_money','127.0.0.1','内网IP','{}','{\"msg\":\"操作成功\",\"code\":200}',0,NULL,'2024-10-18 03:22:57',171),(143,'代码生成',8,'com.jcwl.generator.controller.GenController.batchGenCode()','GET',1,'admin','研发部门','/tool/gen/batchGenCode','127.0.0.1','内网IP','{\"tables\":\"book,book_money\"}',NULL,0,NULL,'2024-10-18 03:25:01',341),(144,'账本明细',1,'com.jcwl.admin.book.controller.BookMoneyController.add()','POST',1,'admin','研发部门','/book/money','10.10.10.120','内网IP','{\"createBy\":\"admin\",\"createId\":1,\"createTime\":\"2024-10-18T18:07:58.055+08:00\",\"id\":2298,\"params\":{}}','{\"code\":200,\"data\":true,\"msg\":\"操作成功\"}',0,NULL,'2024-10-18 10:07:58',82),(145,'账本',1,'com.jcwl.admin.book.controller.BookController.add()','POST',1,'admin','研发部门','/book/book','10.10.10.121','内网IP','{\"bookAvatar\":\"[{\\\"name\\\":\\\"2024/10/18/水_20241018182539A017.png\\\",\\\"url\\\":\\\"http://127.0.0.1:8080//minio/download/2024/10/18/水_20241018182539A017.png\\\"}]\",\"bookName\":\"家庭账本\",\"createBy\":\"admin\",\"createId\":1,\"createTime\":\"2024-10-18T18:25:45.715+08:00\",\"params\":{}}',NULL,1,'\r\n### Error updating database.  Cause: java.sql.SQLException: Field \'user_id\' doesn\'t have a default value\r\n### The error may exist in file [E:\\itzixiao\\workspace\\money-tracker-project\\java\\money-tracker-service\\money-tracker-admin\\target\\classes\\mapper\\book\\BookMapper.xml]\r\n### The error may involve com.jcwl.admin.book.mapper.BookMapper.insert-Inline\r\n### The error occurred while setting parameters\r\n### SQL: insert into book                    ( book_name,                                           book_avatar,                                                                                                                                      create_id,                                           create_by,                                           create_time )           values ( ?,                                           ?,                                                                                                                                      ?,                                           ?,                                           ? )\r\n### Cause: java.sql.SQLException: Field \'user_id\' doesn\'t have a default value\n; Field \'user_id\' doesn\'t have a default value; nested exception is java.sql.SQLException: Field \'user_id\' doesn\'t have a default value','2024-10-18 10:25:45',26),(146,'账本',1,'com.jcwl.admin.book.controller.BookController.add()','POST',1,'admin','研发部门','/book/book','10.10.10.121','内网IP','{\"bookAvatar\":\"[{\\\"name\\\":\\\"2024/10/18/H_20241018182656A001.png\\\",\\\"url\\\":\\\"http://127.0.0.1:8080//minio/download/2024/10/18/H_20241018182656A001.png\\\"}]\",\"bookName\":\"家庭账本\",\"createBy\":\"admin\",\"createId\":1,\"createTime\":\"2024-10-18T18:26:57.988+08:00\",\"params\":{},\"userId\":1}',NULL,1,'\r\n### Error updating database.  Cause: java.sql.SQLException: Field \'user_id\' doesn\'t have a default value\r\n### The error may exist in file [E:\\itzixiao\\workspace\\money-tracker-project\\java\\money-tracker-service\\money-tracker-admin\\target\\classes\\mapper\\book\\BookMapper.xml]\r\n### The error may involve com.jcwl.admin.book.mapper.BookMapper.insert-Inline\r\n### The error occurred while setting parameters\r\n### SQL: insert into book                    ( book_name,                                           book_avatar,                                                                                                                                      create_id,                                           create_by,                                           create_time )           values ( ?,                                           ?,                                                                                                                                      ?,                                           ?,                                           ? )\r\n### Cause: java.sql.SQLException: Field \'user_id\' doesn\'t have a default value\n; Field \'user_id\' doesn\'t have a default value; nested exception is java.sql.SQLException: Field \'user_id\' doesn\'t have a default value','2024-10-18 10:26:58',77),(147,'代码生成',2,'com.jcwl.generator.controller.GenController.synchDb()','GET',1,'admin','研发部门','/tool/gen/synchDb/book','127.0.0.1','内网IP','{}','{\"msg\":\"操作成功\",\"code\":200}',0,NULL,'2024-10-18 10:27:56',70),(148,'账本',1,'com.jcwl.admin.book.controller.BookController.add()','POST',1,'admin','研发部门','/book/book','10.10.10.121','内网IP','{\"bookAvatar\":\"[{\\\"name\\\":\\\"2024/10/18/水_20241018182949A002.png\\\",\\\"url\\\":\\\"http://127.0.0.1:8080//minio/download/2024/10/18/水_20241018182949A002.png\\\"}]\",\"bookName\":\"家庭账本\",\"createBy\":\"admin\",\"createId\":1,\"createTime\":\"2024-10-18T18:29:56.567+08:00\",\"id\":1,\"params\":{},\"userId\":1}',NULL,1,'nested exception is org.apache.ibatis.builder.BuilderException: Error evaluating expression \'query.ids != null and query.ids.size() > 0\'. Cause: org.apache.ibatis.ognl.NoSuchPropertyException: com.jcwl.admin.category.dto.CategoryBaseQueryDTO.ids','2024-10-18 10:29:56',65),(149,'账本',1,'com.jcwl.admin.book.controller.BookController.add()','POST',1,'admin','研发部门','/book/book','10.10.10.121','内网IP','{\"bookAvatar\":\"[{\\\"name\\\":\\\"2024/10/18/营业执照_20241018183129A004.jpg\\\",\\\"url\\\":\\\"http://127.0.0.1:8080//minio/download/2024/10/18/营业执照_20241018183129A004.jpg\\\"}]\",\"bookName\":\"测试账本\",\"createBy\":\"admin\",\"createId\":1,\"createTime\":\"2024-10-18T18:31:32.318+08:00\",\"id\":2,\"params\":{},\"userId\":1}',NULL,1,'nested exception is org.apache.ibatis.builder.BuilderException: Error evaluating expression \'query.ids != null and query.ids.size() > 0\'. Cause: org.apache.ibatis.ognl.NoSuchPropertyException: com.jcwl.admin.category.dto.CategoryBaseQueryDTO.ids','2024-10-18 10:31:32',7),(150,'账本',1,'com.jcwl.admin.book.controller.BookController.add()','POST',1,'admin','研发部门','/book/book','10.10.10.121','内网IP','{\"bookAvatar\":\"[{\\\"name\\\":\\\"2024/10/18/水_20241018183336A001.png\\\",\\\"url\\\":\\\"http://127.0.0.1:8080//minio/download/2024/10/18/水_20241018183336A001.png\\\"}]\",\"bookName\":\"个人账本\",\"createBy\":\"admin\",\"createId\":1,\"createTime\":\"2024-10-18T18:33:38.41+08:00\",\"id\":3,\"params\":{},\"userId\":1}','{\"code\":200,\"data\":true,\"msg\":\"操作成功\"}',0,NULL,'2024-10-18 10:33:38',82),(151,'账本',1,'com.jcwl.admin.book.controller.BookController.add()','POST',1,'admin','研发部门','/book/book','10.10.10.121','内网IP','{\"bookAvatar\":\"[{\\\"name\\\":\\\"2024/10/18/a_20241018183452A002.png\\\",\\\"url\\\":\\\"http://127.0.0.1:8080//minio/download/2024/10/18/a_20241018183452A002.png\\\"}]\",\"bookName\":\"雨衣账本\",\"createBy\":\"admin\",\"createId\":1,\"createTime\":\"2024-10-18T18:35:01.515+08:00\",\"id\":4,\"params\":{},\"userId\":1}',NULL,1,'\r\n### Error updating database.  Cause: java.sql.SQLIntegrityConstraintViolationException: Duplicate entry \'1\' for key \'category.index_scg_code\'\r\n### The error may exist in file [E:\\itzixiao\\workspace\\money-tracker-project\\java\\money-tracker-service\\money-tracker-admin\\target\\classes\\mapper\\category\\CategoryMapper.xml]\r\n### The error may involve defaultParameterMap\r\n### The error occurred while setting parameters\r\n### SQL: insert into category         (             parent_id,             name,             code,             category_url,             has_child,             user_id,             book_id,             del_flag,             create_id,             create_by,             create_time,             update_id,             update_by,             update_time,             remark         )       values                  (             ?,             ?,             ?,             ?,             ?,             ?,             ?,             ?,             ?,             ?,             ?,             ?,             ?,             ?,             ?         )        ,          (             ?,             ?,             ?,             ?,             ?,             ?,             ?,             ?,             ?,             ?,             ?,             ?,             ?,             ?,             ?         )        ,          (             ?,             ?,             ?,             ?,             ?,             ?,             ?,             ?,             ?,             ?,             ?,             ?,             ?,             ?,             ?         )\r\n### Cause: java.sql.SQLIntegrityConstraintViolationException: Duplicate entry \'1\' for key \'category.index_scg_code\'\n; Duplicate entry \'1\' for key \'category.index_scg_code\'; nested exception is java.sql.SQLIntegrityConstraintViolationException: Duplicate entry \'1\' for key \'category.index_scg_code\'','2024-10-18 10:35:01',32),(152,'账本明细',1,'com.jcwl.admin.book.controller.BookMoneyController.add()','POST',1,'admin','研发部门','/book/money','10.10.10.120','内网IP','{\"bookId\":4,\"bookTime\":\"2024-10-18 06:36:32\",\"createBy\":\"admin\",\"createId\":1,\"createTime\":\"2024-10-18 18:36:46\",\"id\":2299,\"money\":98,\"params\":{},\"type\":1}','{\"code\":200,\"data\":true,\"msg\":\"操作成功\"}',0,NULL,'2024-10-18 10:36:46',15),(153,'代码生成',2,'com.jcwl.generator.controller.GenController.synchDb()','GET',1,'admin','研发部门','/tool/gen/synchDb/category_base','127.0.0.1','内网IP','{}','{\"msg\":\"操作成功\",\"code\":200}',0,NULL,'2024-10-18 10:38:43',56),(154,'代码生成',2,'com.jcwl.generator.controller.GenController.synchDb()','GET',1,'admin','研发部门','/tool/gen/synchDb/category','127.0.0.1','内网IP','{}','{\"msg\":\"操作成功\",\"code\":200}',0,NULL,'2024-10-18 10:38:46',41),(155,'账本明细',1,'com.jcwl.admin.book.controller.BookMoneyController.add()','POST',1,'admin','研发部门','/book/money','127.0.0.1','内网IP','{\"bookId\":4,\"bookTime\":\"2024-10-18 06:45:27\",\"createBy\":\"admin\",\"createId\":1,\"createTime\":\"2024-10-18T18:46:13.702+08:00\",\"id\":2300,\"money\":1,\"params\":{},\"type\":1}','{\"code\":200,\"data\":true,\"msg\":\"操作成功\"}',0,NULL,'2024-10-18 10:46:13',22),(156,'账本明细',1,'com.jcwl.admin.book.controller.BookMoneyController.add()','POST',1,'admin','研发部门','/book/money','127.0.0.1','内网IP','{\"bookId\":4,\"bookTime\":\"2024-10-18 06:46:55\",\"createBy\":\"admin\",\"createId\":1,\"createTime\":\"2024-10-18T18:47:40.56+08:00\",\"id\":2301,\"money\":64,\"params\":{},\"type\":1}','{\"code\":200,\"data\":true,\"msg\":\"操作成功\"}',0,NULL,'2024-10-18 10:47:40',8),(157,'账本明细',1,'com.jcwl.admin.book.controller.BookMoneyController.add()','POST',1,'admin','研发部门','/book/money','127.0.0.1','内网IP','{\"bookId\":4,\"bookTime\":\"2024-10-18 06:46:55\",\"createBy\":\"admin\",\"createId\":1,\"createTime\":\"2024-10-18T18:48:02.978+08:00\",\"id\":2302,\"money\":64,\"params\":{},\"type\":1}','{\"code\":200,\"data\":true,\"msg\":\"操作成功\"}',0,NULL,'2024-10-18 10:48:02',6),(158,'账本',1,'com.jcwl.admin.book.controller.BookController.add()','POST',1,'admin','研发部门','/book/book','10.10.10.121','内网IP','{\"bookAvatar\":\"[{\\\"name\\\":\\\"2024/10/18/a_20241018184852A002.png\\\",\\\"url\\\":\\\"http://127.0.0.1:8080//minio/download/2024/10/18/a_20241018184852A002.png\\\"}]\",\"bookName\":\"成绩偶发\",\"createBy\":\"admin\",\"createId\":1,\"createTime\":\"2024-10-18T18:48:58.659+08:00\",\"id\":5,\"params\":{},\"userId\":1}',NULL,1,'nested exception is org.apache.ibatis.binding.BindingException: Parameter \'parentId\' not found. Available parameters are [query, param1]','2024-10-18 10:48:58',8),(159,'账本',1,'com.jcwl.admin.book.controller.BookController.add()','POST',1,'admin','研发部门','/book/book','10.10.10.121','内网IP','{\"bookAvatar\":\"[{\\\"name\\\":\\\"2024/10/18/水_20241018185648A002.png\\\",\\\"url\\\":\\\"http://127.0.0.1:8080/minio/preview/2024/10/18/水_20241018185648A002.png\\\"}]\",\"bookName\":\"默认账本\",\"createBy\":\"admin\",\"createId\":1,\"createTime\":\"2024-10-18T18:56:54.723+08:00\",\"id\":6,\"params\":{},\"userId\":1}',NULL,1,'nested exception is org.apache.ibatis.binding.BindingException: Parameter \'parentId\' not found. Available parameters are [query, param1]','2024-10-18 10:56:54',66),(160,'账本',1,'com.jcwl.admin.book.controller.BookController.add()','POST',1,'admin','研发部门','/book/book','10.10.10.121','内网IP','{\"bookName\":\"吃饭账本\",\"createBy\":\"admin\",\"createId\":1,\"createTime\":\"2024-10-18T19:01:27.863+08:00\",\"id\":7,\"params\":{},\"userId\":1}',NULL,1,'\r\n### Error updating database.  Cause: java.sql.SQLIntegrityConstraintViolationException: Duplicate entry \'1\' for key \'category.index_scg_code\'\r\n### The error may exist in file [E:\\itzixiao\\workspace\\money-tracker-project\\java\\money-tracker-service\\money-tracker-admin\\target\\classes\\mapper\\category\\CategoryMapper.xml]\r\n### The error may involve defaultParameterMap\r\n### The error occurred while setting parameters\r\n### SQL: insert into category         (         category_base_id,         parent_id,         name,         code,         category_url,         has_child,         user_id,         book_id,         del_flag,         create_id,         create_by,         create_time,         update_id,         update_by,         update_time,         remark         )         values                        (             ?,             ?,             ?,             ?,             ?,             ?,             ?,             ?,             ?,             ?,             ?,             ?,             ?,             ?,             ?,             ?             )          ,              (             ?,             ?,             ?,             ?,             ?,             ?,             ?,             ?,             ?,             ?,             ?,             ?,             ?,             ?,             ?,             ?             )          ,              (             ?,             ?,             ?,             ?,             ?,             ?,             ?,             ?,             ?,             ?,             ?,             ?,             ?,             ?,             ?,             ?             )\r\n### Cause: java.sql.SQLIntegrityConstraintViolationException: Duplicate entry \'1\' for key \'category.index_scg_code\'\n; Duplicate entry \'1\' for key \'category.index_scg_code\'; nested exception is java.sql.SQLIntegrityConstraintViolationException: Duplicate entry \'1\' for key \'category.index_scg_code\'','2024-10-18 11:01:27',101),(161,'账本',1,'com.jcwl.admin.book.controller.BookController.add()','POST',1,'admin','研发部门','/book/book','10.10.10.121','内网IP','{\"bookAvatar\":\"[{\\\"name\\\":\\\"2024/10/18/水_20241018190209A002.png\\\",\\\"url\\\":\\\"http://127.0.0.1:8080/minio/preview/2024/10/18/水_20241018190209A002.png\\\"}]\",\"bookName\":\"吃饭账本\",\"createBy\":\"admin\",\"createId\":1,\"createTime\":\"2024-10-18T19:02:14.268+08:00\",\"id\":8,\"params\":{},\"userId\":1}',NULL,1,'\r\n### Error updating database.  Cause: java.sql.SQLIntegrityConstraintViolationException: Duplicate entry \'1\' for key \'category.index_scg_code\'\r\n### The error may exist in file [E:\\itzixiao\\workspace\\money-tracker-project\\java\\money-tracker-service\\money-tracker-admin\\target\\classes\\mapper\\category\\CategoryMapper.xml]\r\n### The error may involve defaultParameterMap\r\n### The error occurred while setting parameters\r\n### SQL: insert into category         (         category_base_id,         parent_id,         name,         code,         category_url,         has_child,         user_id,         book_id,         del_flag,         create_id,         create_by,         create_time,         update_id,         update_by,         update_time,         remark         )         values                        (             ?,             ?,             ?,             ?,             ?,             ?,             ?,             ?,             ?,             ?,             ?,             ?,             ?,             ?,             ?,             ?             )          ,              (             ?,             ?,             ?,             ?,             ?,             ?,             ?,             ?,             ?,             ?,             ?,             ?,             ?,             ?,             ?,             ?             )          ,              (             ?,             ?,             ?,             ?,             ?,             ?,             ?,             ?,             ?,             ?,             ?,             ?,             ?,             ?,             ?,             ?             )\r\n### Cause: java.sql.SQLIntegrityConstraintViolationException: Duplicate entry \'1\' for key \'category.index_scg_code\'\n; Duplicate entry \'1\' for key \'category.index_scg_code\'; nested exception is java.sql.SQLIntegrityConstraintViolationException: Duplicate entry \'1\' for key \'category.index_scg_code\'','2024-10-18 11:02:14',13),(162,'账本',1,'com.jcwl.admin.book.controller.BookController.add()','POST',1,'admin','研发部门','/book/book','10.10.10.121','内网IP','{\"bookAvatar\":\"[{\\\"name\\\":\\\"2024/10/18/H_20241018190416A003.png\\\",\\\"url\\\":\\\"http://127.0.0.1:8080/minio/preview/2024/10/18/H_20241018190416A003.png\\\"}]\",\"bookName\":\"吃饭账本\",\"createBy\":\"admin\",\"createId\":1,\"createTime\":\"2024-10-18T19:04:17.437+08:00\",\"id\":1,\"params\":{},\"userId\":1}','{\"code\":200,\"data\":true,\"msg\":\"操作成功\"}',0,NULL,'2024-10-18 11:04:17',16),(163,'账本',1,'com.jcwl.admin.book.controller.BookController.add()','POST',1,'admin','研发部门','/book/book','10.10.10.121','内网IP','{\"bookAvatar\":\"[{\\\"name\\\":\\\"2024/10/21/水_20241021092234A002.png\\\",\\\"url\\\":\\\"blob:http://localhost/8bece156-1fea-441a-82ca-5075a78e332a\\\"}]\",\"bookName\":\"测试账本\",\"createBy\":\"admin\",\"createId\":1,\"createTime\":\"2024-10-21T09:22:42.347+08:00\",\"id\":2,\"params\":{},\"userId\":1}','{\"code\":200,\"data\":true,\"msg\":\"操作成功\"}',0,NULL,'2024-10-21 01:22:42',27),(164,'账本',1,'com.jcwl.admin.book.controller.BookController.add()','POST',1,'admin','研发部门','/book/book','127.0.0.1','内网IP','{\"bookName\":\"test\",\"createBy\":\"admin\",\"createId\":1,\"createTime\":\"2024-10-21T09:45:45.859+08:00\",\"id\":1,\"params\":{},\"userId\":1}',NULL,1,'\r\n### Error updating database.  Cause: java.sql.SQLException: Field \'auth\' doesn\'t have a default value\r\n### The error may exist in file [E:\\itzixiao\\workspace\\money-tracker-project\\java\\money-tracker-service\\money-tracker-admin\\target\\classes\\mapper\\book\\BookUserMapper.xml]\r\n### The error may involve com.jcwl.admin.book.mapper.BookUserMapper.insert-Inline\r\n### The error occurred while setting parameters\r\n### SQL: insert into book_user          ( book_id,                                           user_id )           values ( ?,                                           ? )\r\n### Cause: java.sql.SQLException: Field \'auth\' doesn\'t have a default value\n; Field \'auth\' doesn\'t have a default value; nested exception is java.sql.SQLException: Field \'auth\' doesn\'t have a default value','2024-10-21 01:45:45',50),(165,'账本',1,'com.jcwl.admin.book.controller.BookController.add()','POST',1,'admin','研发部门','/book/book','127.0.0.1','内网IP','{\"bookName\":\"test\",\"createBy\":\"admin\",\"createId\":1,\"createTime\":\"2024-10-21T09:49:08.851+08:00\",\"id\":2,\"params\":{},\"userId\":1}','{\"code\":200,\"data\":true,\"msg\":\"操作成功\"}',0,NULL,'2024-10-21 01:49:08',103),(166,'账本',1,'com.jcwl.admin.book.controller.BookController.add()','POST',1,'admin','研发部门','/book/book','127.0.0.1','内网IP','{\"bookName\":\"test\",\"createBy\":\"admin\",\"createId\":1,\"createTime\":\"2024-10-21T09:50:40.328+08:00\",\"id\":1,\"params\":{},\"userId\":1}','{\"code\":200,\"data\":true,\"msg\":\"操作成功\"}',0,NULL,'2024-10-21 01:50:40',16),(167,'账本明细',1,'com.jcwl.admin.book.controller.BookMoneyController.add()','POST',1,'admin','研发部门','/book/money','10.10.10.120','内网IP','{\"bookId\":1,\"bookTime\":\"2024-10-21 09:54:59\",\"categoryId\":2,\"createBy\":\"admin\",\"createId\":1,\"createTime\":\"2024-10-21T09:55:11.422+08:00\",\"id\":1,\"money\":0,\"params\":{},\"type\":1}','{\"code\":200,\"data\":true,\"msg\":\"操作成功\"}',0,NULL,'2024-10-21 01:55:11',11),(168,'账本明细',1,'com.jcwl.admin.book.controller.BookMoneyController.add()','POST',1,'admin','研发部门','/book/money','10.10.10.120','内网IP','{\"bookId\":1,\"bookTime\":\"2024-10-21 09:54:59\",\"categoryId\":2,\"createBy\":\"admin\",\"createId\":1,\"createTime\":\"2024-10-21T09:55:20.301+08:00\",\"id\":2,\"money\":0,\"params\":{},\"type\":1}','{\"code\":200,\"data\":true,\"msg\":\"操作成功\"}',0,NULL,'2024-10-21 01:55:20',6),(169,'账本',3,'com.jcwl.admin.book.controller.BookController.remove()','DELETE',1,'admin','研发部门','/book/book/1','10.10.10.121','内网IP','{}','{\"code\":200,\"data\":true,\"msg\":\"操作成功\"}',0,NULL,'2024-10-21 01:58:09',6),(170,'账本',1,'com.jcwl.admin.book.controller.BookController.add()','POST',1,'admin','研发部门','/book/book','10.10.10.121','内网IP','{\"bookAvatar\":\"[{\\\"name\\\":\\\"2024/10/21/a_20241021100059A001.png\\\",\\\"url\\\":\\\"blob:http://localhost/d24c728d-e59d-4896-9aab-9a499ace9ba5\\\"}]\",\"bookName\":\"家庭账本\",\"createBy\":\"admin\",\"createId\":1,\"createTime\":\"2024-10-21T10:01:00.152+08:00\",\"id\":2,\"params\":{},\"userId\":1}','{\"code\":200,\"data\":true,\"msg\":\"操作成功\"}',0,NULL,'2024-10-21 02:01:00',14),(171,'账本',1,'com.jcwl.admin.book.controller.BookController.add()','POST',1,'admin','研发部门','/book/book','10.10.10.121','内网IP','{\"bookAvatar\":\"[{\\\"name\\\":\\\"2024/10/21/b_20241021100123A002.png\\\",\\\"url\\\":\\\"blob:http://localhost/7d8c31c2-05f4-466f-b4ad-183c5833a895\\\"}]\",\"bookName\":\"个人账本\",\"createBy\":\"admin\",\"createId\":1,\"createTime\":\"2024-10-21T10:01:24.541+08:00\",\"id\":3,\"params\":{},\"userId\":1}','{\"code\":200,\"data\":true,\"msg\":\"操作成功\"}',0,NULL,'2024-10-21 02:01:24',11),(172,'账本',1,'com.jcwl.admin.book.controller.BookController.add()','POST',1,'admin','研发部门','/book/book','10.10.10.121','内网IP','{\"bookAvatar\":\"[{\\\"name\\\":\\\"2024/10/21/水_20241021100159A003.png\\\",\\\"url\\\":\\\"blob:http://localhost/a8c53998-7ac5-46a1-adf5-5d91107857fb\\\"}]\",\"bookName\":\"报销账本\",\"createBy\":\"admin\",\"createId\":1,\"createTime\":\"2024-10-21T10:02:00.573+08:00\",\"id\":4,\"params\":{},\"userId\":1}','{\"code\":200,\"data\":true,\"msg\":\"操作成功\"}',0,NULL,'2024-10-21 02:02:00',10),(173,'账本',3,'com.jcwl.admin.book.controller.BookController.remove()','DELETE',1,'admin','研发部门','/book/book/4','10.10.10.121','内网IP','{}','{\"code\":200,\"data\":true,\"msg\":\"操作成功\"}',0,NULL,'2024-10-21 02:02:32',5),(174,'账本',1,'com.jcwl.admin.book.controller.BookController.add()','POST',1,'admin','研发部门','/book/book','10.10.10.121','内网IP','{\"bookAvatar\":\"[{\\\"name\\\":\\\"2024/10/21/H_20241021100643A004.png\\\",\\\"url\\\":\\\"blob:http://localhost/a26dde62-f482-4467-abc0-fe3f2a398a00\\\"}]\",\"bookName\":\"学习账本\",\"createBy\":\"admin\",\"createId\":1,\"createTime\":\"2024-10-21T10:06:46.071+08:00\",\"id\":5,\"params\":{},\"userId\":1}','{\"code\":200,\"data\":true,\"msg\":\"操作成功\"}',0,NULL,'2024-10-21 02:06:46',14),(175,'账本',1,'com.jcwl.admin.book.controller.BookController.add()','POST',1,'admin','研发部门','/book/book','10.10.10.121','内网IP','{\"bookAvatar\":\"[{\\\"name\\\":\\\"2024/10/21/营业执照_20241021102114A006.jpg\\\",\\\"url\\\":\\\"blob:http://localhost/ee272a0c-3f33-43ce-a4ca-c1842f68f62f\\\"}]\",\"bookName\":\"测试\",\"createBy\":\"admin\",\"createId\":1,\"createTime\":\"2024-10-21T10:21:19.108+08:00\",\"id\":6,\"params\":{},\"userId\":1}','{\"code\":200,\"data\":true,\"msg\":\"操作成功\"}',0,NULL,'2024-10-21 02:21:19',11),(176,'账本',3,'com.jcwl.admin.book.controller.BookController.remove()','DELETE',1,'admin','研发部门','/book/book/6','10.10.10.121','内网IP','{}','{\"code\":200,\"data\":true,\"msg\":\"操作成功\"}',0,NULL,'2024-10-21 02:21:42',4),(177,'账本',1,'com.jcwl.admin.book.controller.BookController.add()','POST',1,'admin','研发部门','/book/book','10.10.10.121','内网IP','{\"attr3\":0,\"attr4\":0,\"bookAvatar\":\"[{\\\"name\\\":\\\"2024/10/21/营业执照_20241021102419A007.jpg\\\",\\\"url\\\":\\\"blob:http://localhost/88df298d-8c65-48a3-984f-60d7516a7e7e\\\"}]\",\"bookName\":\"家庭账本\",\"createBy\":\"admin\",\"createId\":1,\"createTime\":\"2024-10-21T10:24:21.102+08:00\",\"delFlag\":\"0\",\"id\":7,\"params\":{},\"updateBy\":\"\",\"userId\":1}','{\"code\":200,\"data\":true,\"msg\":\"操作成功\"}',0,NULL,'2024-10-21 02:24:21',12),(178,'账本',3,'com.jcwl.admin.book.controller.BookController.remove()','DELETE',1,'admin','研发部门','/book/book/7','10.10.10.121','内网IP','{}','{\"code\":200,\"data\":true,\"msg\":\"操作成功\"}',0,NULL,'2024-10-21 02:24:34',5),(179,'账本',1,'com.jcwl.admin.book.controller.BookController.add()','POST',1,'admin','研发部门','/book/book','10.10.10.121','内网IP','{\"attr3\":0,\"attr4\":0,\"bookAvatar\":\"[{\\\"name\\\":\\\"2024/10/21/H_20241021100643A004.png\\\",\\\"url\\\":\\\"http://127.0.0.1:8080/minio/preview/2024/10/21/H_20241021100643A004.png?token=eyJhbGciOiJIUzUxMiJ9.eyJsb2dpbl91c2VyX2tleSI6IjBjYWQ2MGI5LWI4OWMtNGJlMS1hMzY2LWY3ZWM1ODk4ZjEyZSJ9.ruac7T7FeIQz8fGQbsZUZOXvHVloNGMJcYn6C1QlrmKp2fZ0i9TcfzeeEzCkh4fakwR81SyNAQVi7wFx2IrSow \\\"}]\",\"bookName\":\"学习账本vue\",\"createBy\":\"admin\",\"createId\":1,\"createTime\":\"2024-10-21T10:25:32.779+08:00\",\"delFlag\":\"0\",\"id\":5,\"params\":{},\"updateBy\":\"\",\"userId\":1}',NULL,1,'\r\n### Error updating database.  Cause: com.mysql.cj.jdbc.exceptions.MysqlDataTruncation: Data truncation: Data too long for column \'book_avatar\' at row 1\r\n### The error may exist in file [E:\\itzixiao\\workspace\\money-tracker-project\\java\\money-tracker-service\\money-tracker-admin\\target\\classes\\mapper\\book\\BookMapper.xml]\r\n### The error may involve com.jcwl.admin.book.mapper.BookMapper.insert-Inline\r\n### The error occurred while setting parameters\r\n### SQL: insert into book          ( user_id,             book_name,             book_avatar,                                                                 attr3,             attr4,             del_flag,             create_id,             create_by,             create_time,                          update_by )           values ( ?,             ?,             ?,                                                                 ?,             ?,             ?,             ?,             ?,             ?,                          ? )\r\n### Cause: com.mysql.cj.jdbc.exceptions.MysqlDataTruncation: Data truncation: Data too long for column \'book_avatar\' at row 1\n; Data truncation: Data too long for column \'book_avatar\' at row 1; nested exception is com.mysql.cj.jdbc.exceptions.MysqlDataTruncation: Data truncation: Data too long for column \'book_avatar\' at row 1','2024-10-21 02:25:32',32),(180,'账本',1,'com.jcwl.admin.book.controller.BookController.add()','POST',1,'admin','研发部门','/book/book','10.10.10.121','内网IP','{\"attr3\":0,\"attr4\":0,\"bookAvatar\":\"[{\\\"name\\\":\\\"2024/10/21/H_20241021100643A004.png\\\",\\\"url\\\":\\\"http://127.0.0.1:8080/minio/preview/2024/10/21/H_20241021100643A004.png?token=eyJhbGciOiJIUzUxMiJ9.eyJsb2dpbl91c2VyX2tleSI6IjBjYWQ2MGI5LWI4OWMtNGJlMS1hMzY2LWY3ZWM1ODk4ZjEyZSJ9.ruac7T7FeIQz8fGQbsZUZOXvHVloNGMJcYn6C1QlrmKp2fZ0i9TcfzeeEzCkh4fakwR81SyNAQVi7wFx2IrSow \\\"}]\",\"bookName\":\"学习账本3\",\"createBy\":\"admin\",\"createId\":1,\"createTime\":\"2024-10-21T10:26:00.852+08:00\",\"delFlag\":\"0\",\"id\":5,\"params\":{},\"updateBy\":\"\",\"userId\":1}',NULL,1,'\r\n### Error updating database.  Cause: com.mysql.cj.jdbc.exceptions.MysqlDataTruncation: Data truncation: Data too long for column \'book_avatar\' at row 1\r\n### The error may exist in file [E:\\itzixiao\\workspace\\money-tracker-project\\java\\money-tracker-service\\money-tracker-admin\\target\\classes\\mapper\\book\\BookMapper.xml]\r\n### The error may involve com.jcwl.admin.book.mapper.BookMapper.insert-Inline\r\n### The error occurred while setting parameters\r\n### SQL: insert into book          ( user_id,             book_name,             book_avatar,                                                                 attr3,             attr4,             del_flag,             create_id,             create_by,             create_time,                          update_by )           values ( ?,             ?,             ?,                                                                 ?,             ?,             ?,             ?,             ?,             ?,                          ? )\r\n### Cause: com.mysql.cj.jdbc.exceptions.MysqlDataTruncation: Data truncation: Data too long for column \'book_avatar\' at row 1\n; Data truncation: Data too long for column \'book_avatar\' at row 1; nested exception is com.mysql.cj.jdbc.exceptions.MysqlDataTruncation: Data truncation: Data too long for column \'book_avatar\' at row 1','2024-10-21 02:26:00',3),(181,'账本',2,'com.jcwl.admin.book.controller.BookController.edit()','PUT',1,'admin','研发部门','/book/book','10.10.10.121','内网IP','{\"attr3\":0,\"attr4\":0,\"bookAvatar\":\"[{\\\"name\\\":\\\"2024/10/21/H_20241021100643A004.png\\\",\\\"url\\\":\\\"http://127.0.0.1:8080/minio/preview/2024/10/21/H_20241021100643A004.png?token=eyJhbGciOiJIUzUxMiJ9.eyJsb2dpbl91c2VyX2tleSI6IjBjYWQ2MGI5LWI4OWMtNGJlMS1hMzY2LWY3ZWM1ODk4ZjEyZSJ9.ruac7T7FeIQz8fGQbsZUZOXvHVloNGMJcYn6C1QlrmKp2fZ0i9TcfzeeEzCkh4fakwR81SyNAQVi7wFx2IrSow \\\"}]\",\"bookName\":\"学习账本VUE\",\"createBy\":\"admin\",\"createId\":1,\"createTime\":\"2024-10-21 10:06:46\",\"delFlag\":\"0\",\"id\":5,\"params\":{},\"updateBy\":\"admin\",\"updateId\":1,\"updateTime\":\"2024-10-21T10:26:31.258+08:00\",\"userId\":1}',NULL,1,'\r\n### Error updating database.  Cause: com.mysql.cj.jdbc.exceptions.MysqlDataTruncation: Data truncation: Data too long for column \'book_avatar\' at row 1\r\n### The error may exist in file [E:\\itzixiao\\workspace\\money-tracker-project\\java\\money-tracker-service\\money-tracker-admin\\target\\classes\\mapper\\book\\BookMapper.xml]\r\n### The error may involve com.jcwl.admin.book.mapper.BookMapper.update-Inline\r\n### The error occurred while setting parameters\r\n### SQL: update book          SET user_id = ?,             book_name = ?,             book_avatar = ?,                                                                 attr3 = ?,             attr4 = ?,             del_flag = ?,             create_id = ?,             create_by = ?,             create_time = ?,             update_id = ?,             update_by = ?,             update_time = ?          where id = ?\r\n### Cause: com.mysql.cj.jdbc.exceptions.MysqlDataTruncation: Data truncation: Data too long for column \'book_avatar\' at row 1\n; Data truncation: Data too long for column \'book_avatar\' at row 1; nested exception is com.mysql.cj.jdbc.exceptions.MysqlDataTruncation: Data truncation: Data too long for column \'book_avatar\' at row 1','2024-10-21 02:26:31',4),(182,'账本',2,'com.jcwl.admin.book.controller.BookController.edit()','PUT',1,'admin','研发部门','/book/book','10.10.10.121','内网IP','{\"attr3\":0,\"attr4\":0,\"bookAvatar\":\"[{\\\"name\\\":\\\"2024/10/21/H_20241021100643A004.png\\\",\\\"url\\\":\\\"http://127.0.0.1:8080/minio/preview/2024/10/21/H_20241021100643A004.png?token=eyJhbGciOiJIUzUxMiJ9.eyJsb2dpbl91c2VyX2tleSI6IjBjYWQ2MGI5LWI4OWMtNGJlMS1hMzY2LWY3ZWM1ODk4ZjEyZSJ9.ruac7T7FeIQz8fGQbsZUZOXvHVloNGMJcYn6C1QlrmKp2fZ0i9TcfzeeEzCkh4fakwR81SyNAQVi7wFx2IrSow \\\"}]\",\"bookName\":\"学习账本VUE\",\"createBy\":\"admin\",\"createId\":1,\"createTime\":\"2024-10-21 10:06:46\",\"delFlag\":\"0\",\"id\":5,\"params\":{},\"updateBy\":\"admin\",\"updateId\":1,\"updateTime\":\"2024-10-21T10:26:35.609+08:00\",\"userId\":1}',NULL,1,'\r\n### Error updating database.  Cause: com.mysql.cj.jdbc.exceptions.MysqlDataTruncation: Data truncation: Data too long for column \'book_avatar\' at row 1\r\n### The error may exist in file [E:\\itzixiao\\workspace\\money-tracker-project\\java\\money-tracker-service\\money-tracker-admin\\target\\classes\\mapper\\book\\BookMapper.xml]\r\n### The error may involve com.jcwl.admin.book.mapper.BookMapper.update-Inline\r\n### The error occurred while setting parameters\r\n### SQL: update book          SET user_id = ?,             book_name = ?,             book_avatar = ?,                                                                 attr3 = ?,             attr4 = ?,             del_flag = ?,             create_id = ?,             create_by = ?,             create_time = ?,             update_id = ?,             update_by = ?,             update_time = ?          where id = ?\r\n### Cause: com.mysql.cj.jdbc.exceptions.MysqlDataTruncation: Data truncation: Data too long for column \'book_avatar\' at row 1\n; Data truncation: Data too long for column \'book_avatar\' at row 1; nested exception is com.mysql.cj.jdbc.exceptions.MysqlDataTruncation: Data truncation: Data too long for column \'book_avatar\' at row 1','2024-10-21 02:26:35',2),(183,'账本',1,'com.jcwl.admin.book.controller.BookController.add()','POST',1,'admin','研发部门','/book/book','10.10.10.121','内网IP','{\"bookAvatar\":\"[{\\\"name\\\":\\\"2024/10/21/download_20241021102705A008.png\\\",\\\"url\\\":\\\"blob:http://localhost/e20c9e4f-cbe9-40b7-96d5-3dbdf1d814d0\\\"}]\",\"bookName\":\"测试\",\"createBy\":\"admin\",\"createId\":1,\"createTime\":\"2024-10-21T10:27:06.105+08:00\",\"id\":8,\"params\":{},\"userId\":1}','{\"code\":200,\"data\":true,\"msg\":\"操作成功\"}',0,NULL,'2024-10-21 02:27:06',10),(184,'账本',2,'com.jcwl.admin.book.controller.BookController.edit()','PUT',1,'admin','研发部门','/book/book','10.10.10.121','内网IP','{\"attr3\":0,\"attr4\":0,\"bookAvatar\":\"[{\\\"name\\\":\\\"2024/10/21/download_20241021102705A008.png\\\",\\\"url\\\":\\\"http://127.0.0.1:8080/minio/preview/2024/10/21/download_20241021102705A008.png?token=eyJhbGciOiJIUzUxMiJ9.eyJsb2dpbl91c2VyX2tleSI6IjBjYWQ2MGI5LWI4OWMtNGJlMS1hMzY2LWY3ZWM1ODk4ZjEyZSJ9.ruac7T7FeIQz8fGQbsZUZOXvHVloNGMJcYn6C1QlrmKp2fZ0i9TcfzeeEzCkh4fakwR81SyNAQVi7wFx2IrSow \\\"}]\",\"bookName\":\"测试33\",\"createBy\":\"admin\",\"createId\":1,\"createTime\":\"2024-10-21 10:27:06\",\"delFlag\":\"0\",\"id\":8,\"params\":{},\"updateBy\":\"admin\",\"updateId\":1,\"updateTime\":\"2024-10-21T10:27:10.02+08:00\",\"userId\":1}',NULL,1,'\r\n### Error updating database.  Cause: com.mysql.cj.jdbc.exceptions.MysqlDataTruncation: Data truncation: Data too long for column \'book_avatar\' at row 1\r\n### The error may exist in file [E:\\itzixiao\\workspace\\money-tracker-project\\java\\money-tracker-service\\money-tracker-admin\\target\\classes\\mapper\\book\\BookMapper.xml]\r\n### The error may involve com.jcwl.admin.book.mapper.BookMapper.update-Inline\r\n### The error occurred while setting parameters\r\n### SQL: update book          SET user_id = ?,             book_name = ?,             book_avatar = ?,                                                                 attr3 = ?,             attr4 = ?,             del_flag = ?,             create_id = ?,             create_by = ?,             create_time = ?,             update_id = ?,             update_by = ?,             update_time = ?          where id = ?\r\n### Cause: com.mysql.cj.jdbc.exceptions.MysqlDataTruncation: Data truncation: Data too long for column \'book_avatar\' at row 1\n; Data truncation: Data too long for column \'book_avatar\' at row 1; nested exception is com.mysql.cj.jdbc.exceptions.MysqlDataTruncation: Data truncation: Data too long for column \'book_avatar\' at row 1','2024-10-21 02:27:10',2),(185,'账本明细',1,'com.jcwl.admin.book.controller.BookMoneyController.add()','POST',1,'admin','研发部门','/book/money','10.10.10.120','内网IP','{\"bookId\":3,\"bookTime\":\"2024-10-21 10:30:58\",\"categoryId\":3,\"categoryName\":\"测试次2\",\"createBy\":\"admin\",\"createId\":1,\"createTime\":\"2024-10-21T10:31:33.606+08:00\",\"id\":3,\"money\":800,\"params\":{},\"remark\":\"\",\"type\":1}','{\"code\":200,\"data\":true,\"msg\":\"操作成功\"}',0,NULL,'2024-10-21 02:31:33',6),(186,'账本明细',1,'com.jcwl.admin.book.controller.BookMoneyController.add()','POST',1,'admin','研发部门','/book/money','10.10.10.120','内网IP','{\"bookId\":8,\"bookTime\":\"2024-10-21 10:31:49\",\"categoryId\":2,\"categoryName\":\"测试次1\",\"createBy\":\"admin\",\"createId\":1,\"createTime\":\"2024-10-21T10:32:08.779+08:00\",\"id\":4,\"money\":800,\"params\":{},\"remark\":\"\",\"type\":1}','{\"code\":200,\"data\":true,\"msg\":\"操作成功\"}',0,NULL,'2024-10-21 02:32:08',6),(187,'账本',2,'com.jcwl.admin.book.controller.BookController.edit()','PUT',1,'admin','研发部门','/book/book','10.10.10.121','内网IP','{\"attr3\":0,\"attr4\":0,\"bookAvatar\":\"[{\\\"name\\\":\\\"2024/10/21/a_20241021100059A001.png\\\",\\\"url\\\":\\\"http://127.0.0.1:8080/minio/preview/2024/10/21/a_20241021100059A001.png?token=eyJhbGciOiJIUzUxMiJ9.eyJsb2dpbl91c2VyX2tleSI6IjBjYWQ2MGI5LWI4OWMtNGJlMS1hMzY2LWY3ZWM1ODk4ZjEyZSJ9.ruac7T7FeIQz8fGQbsZUZOXvHVloNGMJcYn6C1QlrmKp2fZ0i9TcfzeeEzCkh4fakwR81SyNAQVi7wFx2IrSow \\\"}]\",\"bookName\":\"家庭账本3\",\"createBy\":\"admin\",\"createId\":1,\"createTime\":\"2024-10-21 10:01:00\",\"delFlag\":\"0\",\"id\":2,\"params\":{},\"updateBy\":\"admin\",\"updateId\":1,\"updateTime\":\"2024-10-21T10:36:22.216+08:00\",\"userId\":1}',NULL,1,'\r\n### Error updating database.  Cause: com.mysql.cj.jdbc.exceptions.MysqlDataTruncation: Data truncation: Data too long for column \'book_avatar\' at row 1\r\n### The error may exist in file [E:\\itzixiao\\workspace\\money-tracker-project\\java\\money-tracker-service\\money-tracker-admin\\target\\classes\\mapper\\book\\BookMapper.xml]\r\n### The error may involve com.jcwl.admin.book.mapper.BookMapper.update-Inline\r\n### The error occurred while setting parameters\r\n### SQL: update book          SET user_id = ?,             book_name = ?,             book_avatar = ?,                                                                 attr3 = ?,             attr4 = ?,             del_flag = ?,             create_id = ?,             create_by = ?,             create_time = ?,             update_id = ?,             update_by = ?,             update_time = ?          where id = ?\r\n### Cause: com.mysql.cj.jdbc.exceptions.MysqlDataTruncation: Data truncation: Data too long for column \'book_avatar\' at row 1\n; Data truncation: Data too long for column \'book_avatar\' at row 1; nested exception is com.mysql.cj.jdbc.exceptions.MysqlDataTruncation: Data truncation: Data too long for column \'book_avatar\' at row 1','2024-10-21 02:36:22',2),(188,'账本',2,'com.jcwl.admin.book.controller.BookController.edit()','PUT',1,'admin','研发部门','/book/book','10.10.10.121','内网IP','{\"attr3\":0,\"attr4\":0,\"bookAvatar\":\"[{\\\"name\\\":\\\"2024/10/21/download_20241021102705A008.png\\\",\\\"url\\\":\\\"http://127.0.0.1:8080/minio/preview/2024/10/21/download_20241021102705A008.png?token=eyJhbGciOiJIUzUxMiJ9.eyJsb2dpbl91c2VyX2tleSI6IjBjYWQ2MGI5LWI4OWMtNGJlMS1hMzY2LWY3ZWM1ODk4ZjEyZSJ9.ruac7T7FeIQz8fGQbsZUZOXvHVloNGMJcYn6C1QlrmKp2fZ0i9TcfzeeEzCkh4fakwR81SyNAQVi7wFx2IrSow \\\"}]\",\"bookName\":\"测试4\",\"createBy\":\"admin\",\"createId\":1,\"createTime\":\"2024-10-21 10:27:06\",\"delFlag\":\"0\",\"id\":8,\"params\":{},\"updateBy\":\"admin\",\"updateId\":1,\"updateTime\":\"2024-10-21T10:36:28.973+08:00\",\"userId\":1}',NULL,1,'\r\n### Error updating database.  Cause: com.mysql.cj.jdbc.exceptions.MysqlDataTruncation: Data truncation: Data too long for column \'book_avatar\' at row 1\r\n### The error may exist in file [E:\\itzixiao\\workspace\\money-tracker-project\\java\\money-tracker-service\\money-tracker-admin\\target\\classes\\mapper\\book\\BookMapper.xml]\r\n### The error may involve com.jcwl.admin.book.mapper.BookMapper.update-Inline\r\n### The error occurred while setting parameters\r\n### SQL: update book          SET user_id = ?,             book_name = ?,             book_avatar = ?,                                                                 attr3 = ?,             attr4 = ?,             del_flag = ?,             create_id = ?,             create_by = ?,             create_time = ?,             update_id = ?,             update_by = ?,             update_time = ?          where id = ?\r\n### Cause: com.mysql.cj.jdbc.exceptions.MysqlDataTruncation: Data truncation: Data too long for column \'book_avatar\' at row 1\n; Data truncation: Data too long for column \'book_avatar\' at row 1; nested exception is com.mysql.cj.jdbc.exceptions.MysqlDataTruncation: Data truncation: Data too long for column \'book_avatar\' at row 1','2024-10-21 02:36:28',3),(189,'账本',3,'com.jcwl.admin.book.controller.BookController.remove()','DELETE',1,'admin','研发部门','/book/book/8','10.10.10.121','内网IP','{}','{\"code\":200,\"data\":true,\"msg\":\"操作成功\"}',0,NULL,'2024-10-21 02:43:01',5),(190,'账本',1,'com.jcwl.admin.book.controller.BookController.add()','POST',1,'admin','研发部门','/book/book','10.10.10.121','内网IP','{\"bookAvatar\":\"[{\\\"name\\\":\\\"2024/10/21/download_20241021104308A009.png\\\",\\\"url\\\":\\\"blob:http://localhost/dbfacb24-49e7-4259-be85-93788847dfe4\\\"}]\",\"bookName\":\"测试账本\",\"createBy\":\"admin\",\"createId\":1,\"createTime\":\"2024-10-21T10:43:09.789+08:00\",\"id\":9,\"params\":{},\"userId\":1}','{\"code\":200,\"data\":true,\"msg\":\"操作成功\"}',0,NULL,'2024-10-21 02:43:09',12),(191,'账本',2,'com.jcwl.admin.book.controller.BookController.edit()','PUT',1,'admin','研发部门','/book/book','10.10.10.121','内网IP','{\"attr3\":0,\"attr4\":0,\"bookAvatar\":\"[{\\\"name\\\":\\\"2024/10/21/download_20241021104308A009.png\\\",\\\"url\\\":\\\"http://127.0.0.1:8080/minio/preview/2024/10/21/download_20241021104308A009.png?token=eyJhbGciOiJIUzUxMiJ9.eyJsb2dpbl91c2VyX2tleSI6IjBjYWQ2MGI5LWI4OWMtNGJlMS1hMzY2LWY3ZWM1ODk4ZjEyZSJ9.ruac7T7FeIQz8fGQbsZUZOXvHVloNGMJcYn6C1QlrmKp2fZ0i9TcfzeeEzCkh4fakwR81SyNAQVi7wFx2IrSow \\\"}]\",\"bookName\":\"测试账本\",\"createBy\":\"admin\",\"createId\":1,\"createTime\":\"2024-10-21 10:43:10\",\"delFlag\":\"0\",\"id\":9,\"params\":{},\"updateBy\":\"admin\",\"updateId\":1,\"updateTime\":\"2024-10-21T10:43:14.468+08:00\",\"userId\":1}',NULL,1,'\r\n### Error updating database.  Cause: com.mysql.cj.jdbc.exceptions.MysqlDataTruncation: Data truncation: Data too long for column \'book_avatar\' at row 1\r\n### The error may exist in file [E:\\itzixiao\\workspace\\money-tracker-project\\java\\money-tracker-service\\money-tracker-admin\\target\\classes\\mapper\\book\\BookMapper.xml]\r\n### The error may involve com.jcwl.admin.book.mapper.BookMapper.update-Inline\r\n### The error occurred while setting parameters\r\n### SQL: update book          SET user_id = ?,             book_name = ?,             book_avatar = ?,                                                                 attr3 = ?,             attr4 = ?,             del_flag = ?,             create_id = ?,             create_by = ?,             create_time = ?,             update_id = ?,             update_by = ?,             update_time = ?          where id = ?\r\n### Cause: com.mysql.cj.jdbc.exceptions.MysqlDataTruncation: Data truncation: Data too long for column \'book_avatar\' at row 1\n; Data truncation: Data too long for column \'book_avatar\' at row 1; nested exception is com.mysql.cj.jdbc.exceptions.MysqlDataTruncation: Data truncation: Data too long for column \'book_avatar\' at row 1','2024-10-21 02:43:14',3),(192,'账本',2,'com.jcwl.admin.book.controller.BookController.edit()','PUT',1,'admin','研发部门','/book/book','10.10.10.121','内网IP','{\"attr3\":0,\"attr4\":0,\"bookAvatar\":\"[{\\\"name\\\":\\\"2024/10/21/download_20241021104308A009.png\\\",\\\"url\\\":\\\"http://127.0.0.1:8080/minio/preview/2024/10/21/download_20241021104308A009.png?token=eyJhbGciOiJIUzUxMiJ9.eyJsb2dpbl91c2VyX2tleSI6IjBjYWQ2MGI5LWI4OWMtNGJlMS1hMzY2LWY3ZWM1ODk4ZjEyZSJ9.ruac7T7FeIQz8fGQbsZUZOXvHVloNGMJcYn6C1QlrmKp2fZ0i9TcfzeeEzCkh4fakwR81SyNAQVi7wFx2IrSow \\\"}]\",\"bookName\":\"测试账本\",\"createBy\":\"admin\",\"createId\":1,\"createTime\":\"2024-10-21 10:43:10\",\"delFlag\":\"0\",\"id\":9,\"params\":{},\"updateBy\":\"admin\",\"updateId\":1,\"updateTime\":\"2024-10-21T10:46:37.335+08:00\",\"userId\":1}',NULL,1,'\r\n### Error updating database.  Cause: com.mysql.cj.jdbc.exceptions.MysqlDataTruncation: Data truncation: Data too long for column \'book_avatar\' at row 1\r\n### The error may exist in file [E:\\itzixiao\\workspace\\money-tracker-project\\java\\money-tracker-service\\money-tracker-admin\\target\\classes\\mapper\\book\\BookMapper.xml]\r\n### The error may involve com.jcwl.admin.book.mapper.BookMapper.update-Inline\r\n### The error occurred while setting parameters\r\n### SQL: update book          SET user_id = ?,             book_name = ?,             book_avatar = ?,                                                                 attr3 = ?,             attr4 = ?,             del_flag = ?,             create_id = ?,             create_by = ?,             create_time = ?,             update_id = ?,             update_by = ?,             update_time = ?          where id = ?\r\n### Cause: com.mysql.cj.jdbc.exceptions.MysqlDataTruncation: Data truncation: Data too long for column \'book_avatar\' at row 1\n; Data truncation: Data too long for column \'book_avatar\' at row 1; nested exception is com.mysql.cj.jdbc.exceptions.MysqlDataTruncation: Data truncation: Data too long for column \'book_avatar\' at row 1','2024-10-21 02:46:37',2),(193,'账本',3,'com.jcwl.admin.book.controller.BookController.remove()','DELETE',1,'admin','研发部门','/book/book/9','10.10.10.121','内网IP','{}','{\"code\":200,\"data\":true,\"msg\":\"操作成功\"}',0,NULL,'2024-10-21 02:53:48',5),(194,'账本',3,'com.jcwl.admin.book.controller.BookController.remove()','DELETE',1,'admin','研发部门','/book/book/5','10.10.10.121','内网IP','{}','{\"code\":200,\"data\":true,\"msg\":\"操作成功\"}',0,NULL,'2024-10-21 02:53:50',5),(195,'账本',3,'com.jcwl.admin.book.controller.BookController.remove()','DELETE',1,'admin','研发部门','/book/book/3','10.10.10.121','内网IP','{}','{\"code\":200,\"data\":true,\"msg\":\"操作成功\"}',0,NULL,'2024-10-21 02:53:52',4),(196,'账本',3,'com.jcwl.admin.book.controller.BookController.remove()','DELETE',1,'admin','研发部门','/book/book/2','10.10.10.121','内网IP','{}','{\"code\":200,\"data\":false,\"msg\":\"操作成功\"}',0,NULL,'2024-10-21 02:53:54',2),(197,'账本',1,'com.jcwl.admin.book.controller.BookController.add()','POST',1,'admin','研发部门','/book/book','10.10.10.121','内网IP','{\"bookAvatar\":\"{\\\"name\\\":\\\"2024/10/21/a_20241021105408A010.png\\\"}\",\"bookName\":\"家庭账本\",\"createBy\":\"admin\",\"createId\":1,\"createTime\":\"2024-10-21T10:54:11.661+08:00\",\"id\":1,\"params\":{},\"userId\":1}','{\"code\":200,\"data\":true,\"msg\":\"操作成功\"}',0,NULL,'2024-10-21 02:54:11',11),(198,'账本',1,'com.jcwl.admin.book.controller.BookController.add()','POST',1,'admin','研发部门','/book/book','10.10.10.121','内网IP','{\"bookAvatar\":\"{\\\"name\\\":\\\"2024/10/21/H_20241021110049A011.png\\\"}\",\"bookName\":\"个人账本\",\"createBy\":\"admin\",\"createId\":1,\"createTime\":\"2024-10-21T11:00:50.665+08:00\",\"id\":2,\"params\":{},\"userId\":1}','{\"code\":200,\"data\":true,\"msg\":\"操作成功\"}',0,NULL,'2024-10-21 03:00:50',11),(199,'账本',1,'com.jcwl.admin.book.controller.BookController.add()','POST',1,'admin','研发部门','/book/book','10.10.10.121','内网IP','{\"bookAvatar\":\"{\\\"name\\\":\\\"2024/10/21/营业执照_20241021110057A012.jpg\\\"}\",\"bookName\":\"测试账本\",\"createBy\":\"admin\",\"createId\":1,\"createTime\":\"2024-10-21T11:00:57.847+08:00\",\"id\":3,\"params\":{},\"userId\":1}','{\"code\":200,\"data\":true,\"msg\":\"操作成功\"}',0,NULL,'2024-10-21 03:00:57',9),(200,'账本',2,'com.jcwl.admin.book.controller.BookController.edit()','PUT',1,'admin','研发部门','/book/book','10.10.10.121','内网IP','{\"attr3\":0,\"attr4\":0,\"bookAvatar\":\"{\\\"name\\\":\\\"2024/10/21/download_20241021110109A014.png\\\"}\",\"bookName\":\"测试账本\",\"createBy\":\"admin\",\"createId\":1,\"createTime\":\"2024-10-21 11:00:58\",\"delFlag\":\"0\",\"id\":3,\"params\":{},\"updateBy\":\"admin\",\"updateId\":1,\"updateTime\":\"2024-10-21T11:01:10.386+08:00\",\"userId\":1}','{\"code\":200,\"data\":true,\"msg\":\"操作成功\"}',0,NULL,'2024-10-21 03:01:10',4),(201,'账本',2,'com.jcwl.admin.book.controller.BookController.edit()','PUT',1,'admin','研发部门','/book/book','10.10.10.121','内网IP','{\"attr3\":0,\"attr4\":0,\"bookAvatar\":\"{\\\"name\\\":\\\"2024/10/22/水_20241022093036A001.png\\\"}\",\"bookName\":\"测试账本\",\"createBy\":\"admin\",\"createId\":1,\"createTime\":\"2024-10-21 11:00:58\",\"delFlag\":\"0\",\"id\":3,\"params\":{},\"updateBy\":\"admin\",\"updateId\":1,\"updateTime\":\"2024-10-22T09:30:37.05+08:00\",\"userId\":1}','{\"code\":200,\"data\":true,\"msg\":\"操作成功\"}',0,NULL,'2024-10-22 01:30:37',11),(202,'账本',1,'com.jcwl.admin.book.controller.BookController.add()','POST',1,'admin','研发部门','/book/book','10.10.10.121','内网IP','{\"bookAvatar\":\"{\\\"name\\\":\\\"2024/10/22/b_20241022103327A002.png\\\"}\",\"bookName\":\"微信账本\",\"createBy\":\"admin\",\"createId\":1,\"createTime\":\"2024-10-22T10:33:37.647+08:00\",\"id\":4,\"params\":{},\"userId\":1}','{\"code\":200,\"data\":true,\"msg\":\"操作成功\"}',0,NULL,'2024-10-22 02:33:37',33),(203,'账本',2,'com.jcwl.admin.book.controller.BookController.edit()','PUT',1,'admin','研发部门','/book/book','10.10.10.121','内网IP','{\"attr3\":0,\"attr4\":0,\"bookAvatar\":\"{\\\"name\\\":\\\"2024/10/22/b_20241022103327A002.png\\\"}\",\"bookName\":\"あ微信账本\",\"createBy\":\"admin\",\"createId\":1,\"createTime\":\"2024-10-22 10:33:38\",\"delFlag\":\"0\",\"id\":4,\"params\":{},\"updateBy\":\"admin\",\"updateId\":1,\"updateTime\":\"2024-10-22T10:35:02.249+08:00\",\"userId\":1}','{\"code\":200,\"data\":true,\"msg\":\"操作成功\"}',0,NULL,'2024-10-22 02:35:02',6),(204,'账本',2,'com.jcwl.admin.book.controller.BookController.edit()','PUT',1,'admin','研发部门','/book/book','10.10.10.121','内网IP','{\"attr3\":0,\"attr4\":0,\"bookAvatar\":\"{\\\"name\\\":\\\"2024/10/22/b_20241022103327A002.png\\\"}\",\"bookName\":\"あ账本\",\"createBy\":\"admin\",\"createId\":1,\"createTime\":\"2024-10-22 10:33:38\",\"delFlag\":\"0\",\"id\":4,\"params\":{},\"updateBy\":\"admin\",\"updateId\":1,\"updateTime\":\"2024-10-22T10:35:18.368+08:00\",\"userId\":1}','{\"code\":200,\"data\":true,\"msg\":\"操作成功\"}',0,NULL,'2024-10-22 02:35:18',6),(205,'账本',2,'com.jcwl.admin.book.controller.BookController.edit()','PUT',1,'admin','研发部门','/book/book','10.10.10.121','内网IP','{\"attr3\":0,\"attr4\":0,\"bookAvatar\":\"2024/10/22/b_20241022111000A004.png\",\"bookName\":\"あ账本\",\"createBy\":\"admin\",\"createId\":1,\"createTime\":\"2024-10-22 10:33:38\",\"delFlag\":\"0\",\"id\":4,\"params\":{},\"updateBy\":\"admin\",\"updateId\":1,\"updateTime\":\"2024-10-22T11:10:01.544+08:00\",\"userId\":1}','{\"code\":200,\"data\":true,\"msg\":\"操作成功\"}',0,NULL,'2024-10-22 03:10:01',5),(206,'账本',2,'com.jcwl.admin.book.controller.BookController.edit()','PUT',1,'admin','研发部门','/book/book','10.10.10.121','内网IP','{\"attr3\":0,\"attr4\":0,\"bookAvatar\":\"2024/10/22/水_20241022111008A005.png\",\"bookName\":\"测试账本\",\"createBy\":\"admin\",\"createId\":1,\"createTime\":\"2024-10-21 11:00:58\",\"delFlag\":\"0\",\"id\":3,\"params\":{},\"updateBy\":\"admin\",\"updateId\":1,\"updateTime\":\"2024-10-22T11:10:08.948+08:00\",\"userId\":1}','{\"code\":200,\"data\":true,\"msg\":\"操作成功\"}',0,NULL,'2024-10-22 03:10:08',5),(207,'账本',2,'com.jcwl.admin.book.controller.BookController.edit()','PUT',1,'admin','研发部门','/book/book','10.10.10.121','内网IP','{\"attr3\":0,\"attr4\":0,\"bookAvatar\":\"2024/10/22/天气_20241022111018A006.jpg\",\"bookName\":\"个人账本\",\"createBy\":\"admin\",\"createId\":1,\"createTime\":\"2024-10-21 11:00:51\",\"delFlag\":\"0\",\"id\":2,\"params\":{},\"updateBy\":\"admin\",\"updateId\":1,\"updateTime\":\"2024-10-22T11:10:21.651+08:00\",\"userId\":1}','{\"code\":200,\"data\":true,\"msg\":\"操作成功\"}',0,NULL,'2024-10-22 03:10:21',5),(208,'账本',3,'com.jcwl.admin.book.controller.BookController.remove()','DELETE',1,'admin','研发部门','/book/book/4','10.10.10.121','内网IP','{}','{\"code\":200,\"data\":true,\"msg\":\"操作成功\"}',0,NULL,'2024-10-22 03:10:34',5),(209,'账本',1,'com.jcwl.admin.book.controller.BookController.add()','POST',1,'admin','研发部门','/book/book','10.10.10.121','内网IP','{\"bookAvatar\":\"2024/10/22/a_20241022111057A007.png\",\"bookName\":\"あな账本\",\"createBy\":\"admin\",\"createId\":1,\"createTime\":\"2024-10-22T11:10:59.547+08:00\",\"id\":5,\"params\":{},\"userId\":1}','{\"code\":200,\"data\":true,\"msg\":\"操作成功\"}',0,NULL,'2024-10-22 03:10:59',10),(210,'账本',2,'com.jcwl.admin.book.controller.BookController.edit()','PUT',1,'admin','研发部门','/book/book','10.10.10.121','内网IP','{\"attr3\":0,\"attr4\":0,\"bookAvatar\":\"2024/10/22/b_20241022111207A002.png\",\"bookName\":\"あな账本\",\"createBy\":\"admin\",\"createId\":1,\"createTime\":\"2024-10-22 11:11:00\",\"delFlag\":\"0\",\"id\":5,\"params\":{},\"updateBy\":\"admin\",\"updateId\":1,\"updateTime\":\"2024-10-22T11:12:09.624+08:00\",\"userId\":1}','{\"code\":200,\"data\":true,\"msg\":\"操作成功\"}',0,NULL,'2024-10-22 03:12:09',18),(211,'账本明细',1,'com.jcwl.admin.book.controller.BookMoneyController.add()','POST',1,'admin','研发部门','/book/money','127.0.0.1','内网IP','{\"bookId\":5,\"bookTime\":\"2024-10-22 11:13:21\",\"categoryId\":2,\"categoryName\":\"测试次1\",\"createBy\":\"admin\",\"createId\":1,\"createTime\":\"2024-10-22T11:13:28.636+08:00\",\"id\":1,\"money\":800,\"params\":{},\"remark\":\"\",\"type\":1}','{\"code\":200,\"data\":true,\"msg\":\"操作成功\"}',0,NULL,'2024-10-22 03:13:28',115),(212,'账本明细',1,'com.jcwl.admin.book.controller.BookMoneyController.add()','POST',1,'admin','研发部门','/book/money','127.0.0.1','内网IP','{\"bookId\":5,\"bookTime\":\"2024-10-22 11:13:31\",\"categoryId\":2,\"categoryName\":\"测试次1\",\"createBy\":\"admin\",\"createId\":1,\"createTime\":\"2024-10-22T11:13:32.603+08:00\",\"id\":2,\"money\":600,\"params\":{},\"remark\":\"\",\"type\":1}','{\"code\":200,\"data\":true,\"msg\":\"操作成功\"}',0,NULL,'2024-10-22 03:13:32',7),(213,'账本',2,'com.jcwl.admin.book.controller.BookController.edit()','PUT',1,'admin','研发部门','/book/book','10.10.10.121','内网IP','{\"attr3\":0,\"attr4\":0,\"bookAvatar\":\"2024/10/22/b_20241022111207A002.png\",\"bookName\":\"あな 账本\",\"createBy\":\"admin\",\"createId\":1,\"createTime\":\"2024-10-22 11:11:00\",\"delFlag\":\"0\",\"id\":5,\"params\":{},\"updateBy\":\"admin\",\"updateId\":1,\"updateTime\":\"2024-10-22T11:26:11.928+08:00\",\"userId\":1}','{\"code\":200,\"data\":true,\"msg\":\"操作成功\"}',0,NULL,'2024-10-22 03:26:12',13),(214,'账本明细',3,'com.jcwl.admin.book.controller.BookMoneyController.remove()','DELETE',1,'admin','研发部门','/book/money/17','10.10.10.120','内网IP','{}','{\"code\":200,\"data\":true,\"msg\":\"操作成功\"}',0,NULL,'2024-10-22 03:28:59',5),(215,'账本明细',1,'com.jcwl.admin.book.controller.BookMoneyController.add()','POST',1,'admin','研发部门','/book/money','10.10.10.105','内网IP','{\"bookId\":5,\"bookTime\":\"2024-10-22 11:35:01\",\"categoryId\":3,\"categoryName\":\"测试次2\",\"createBy\":\"admin\",\"createId\":1,\"createTime\":\"2024-10-22T11:35:50.36+08:00\",\"id\":19,\"money\":7800,\"params\":{},\"remark\":\"早餐\",\"type\":1}','{\"code\":200,\"data\":true,\"msg\":\"操作成功\"}',0,NULL,'2024-10-22 03:35:50',12),(216,'账本明细',1,'com.jcwl.admin.book.controller.BookMoneyController.add()','POST',1,'admin','研发部门','/book/money','10.10.10.105','内网IP','{\"bookId\":5,\"bookTime\":\"2024-10-22 11:37:21\",\"categoryId\":2,\"categoryName\":\"测试次1\",\"createBy\":\"admin\",\"createId\":1,\"createTime\":\"2024-10-22T11:37:51.036+08:00\",\"id\":20,\"money\":100000,\"params\":{},\"remark\":\"存钱\",\"type\":0}','{\"code\":200,\"data\":true,\"msg\":\"操作成功\"}',0,NULL,'2024-10-22 03:37:51',7),(217,'账本明细',3,'com.jcwl.admin.book.controller.BookMoneyController.remove()','DELETE',1,'admin','研发部门','/book/money/20','10.10.10.105','内网IP','{}','{\"code\":200,\"data\":true,\"msg\":\"操作成功\"}',0,NULL,'2024-10-22 03:39:01',5),(218,'账本明细',1,'com.jcwl.admin.book.controller.BookMoneyController.add()','POST',1,'admin','研发部门','/book/money','10.10.10.105','内网IP','{\"bookId\":3,\"bookTime\":\"2024-10-22 11:39:30\",\"categoryId\":2,\"categoryName\":\"测试次1\",\"createBy\":\"admin\",\"createId\":1,\"createTime\":\"2024-10-22T11:40:01.843+08:00\",\"id\":21,\"money\":100000,\"params\":{},\"remark\":\"存钱\",\"type\":0}','{\"code\":200,\"data\":true,\"msg\":\"操作成功\"}',0,NULL,'2024-10-22 03:40:01',6),(219,'账本明细',3,'com.jcwl.admin.book.controller.BookMoneyController.remove()','DELETE',1,'admin','研发部门','/book/money/21','10.10.10.105','内网IP','{}','{\"code\":200,\"data\":true,\"msg\":\"操作成功\"}',0,NULL,'2024-10-22 03:40:08',5),(220,'代码生成',2,'com.jcwl.generator.controller.GenController.editSave()','PUT',1,'admin','研发部门','/tool/gen','127.0.0.1','内网IP','{\"businessName\":\"money\",\"className\":\"BookMoney\",\"columns\":[{\"capJavaField\":\"Id\",\"columnComment\":\"唯一标识\",\"columnId\":11,\"columnName\":\"id\",\"columnType\":\"bigint\",\"createBy\":\"admin\",\"createTime\":\"2024-10-14 07:44:20\",\"dictType\":\"\",\"edit\":false,\"htmlType\":\"input\",\"increment\":true,\"insert\":true,\"isIncrement\":\"1\",\"isInsert\":\"1\",\"isPk\":\"1\",\"javaField\":\"id\",\"javaType\":\"Long\",\"list\":false,\"params\":{},\"pk\":true,\"query\":false,\"queryType\":\"EQ\",\"required\":false,\"sort\":1,\"superColumn\":false,\"tableId\":2,\"updateBy\":\"\",\"updateTime\":\"2024-10-18 03:22:57\",\"usableColumn\":false},{\"capJavaField\":\"BookId\",\"columnComment\":\"账本唯一标识\",\"columnId\":12,\"columnName\":\"book_id\",\"columnType\":\"bigint\",\"createBy\":\"admin\",\"createTime\":\"2024-10-14 07:44:20\",\"dictType\":\"\",\"edit\":true,\"htmlType\":\"input\",\"increment\":false,\"insert\":true,\"isEdit\":\"1\",\"isIncrement\":\"0\",\"isInsert\":\"1\",\"isList\":\"1\",\"isPk\":\"0\",\"isQuery\":\"1\",\"javaField\":\"bookId\",\"javaType\":\"Long\",\"list\":true,\"params\":{},\"pk\":false,\"query\":true,\"queryType\":\"EQ\",\"required\":false,\"sort\":2,\"superColumn\":false,\"tableId\":2,\"updateBy\":\"\",\"updateTime\":\"2024-10-18 03:22:57\",\"usableColumn\":false},{\"capJavaField\":\"CategoryId\",\"columnComment\":\"分类唯一标识\",\"columnId\":13,\"columnName\":\"category_id\",\"columnType\":\"bigint\",\"createBy\":\"admin\",\"createTime\":\"2024-10-14 07:44:20\",\"dictType\":\"\",\"edit\":true,\"htmlType\":\"input\",\"increment\":false,\"insert\":true,\"isEdit\":\"1\",\"isIncrement\":\"0\",\"isInsert\":\"1\",\"isList\":\"1\",\"isPk\":\"0\",\"isQuery\":\"1\",\"javaField\":\"categoryId\",\"javaType\":\"Long\",\"list\":true,\"params\":{},\"pk\":false,\"query\":true,\"queryType\":\"EQ\",\"required\":false,\"sort\":3,\"superColumn\":false,\"tableId\":2,\"updateBy\":\"\",\"updateTime\":\"2024-10-18 03:22:57\",\"usableColumn\":false},{\"capJavaField\":\"CategoryName\",\"columnComment\":\"分类名称\",\"columnId\":14,\"columnName\":\"category_name\",\"columnType\":\"varchar(255)\",\"createBy\":\"admin\",\"createTime\":\"2024-10-14 07:44:20\",\"dictType\":\"\",\"edit\":true,\"htmlType\":\"input\",\"increment\":false,\"insert\":true,\"isEdit\":\"1\",\"isIncrement\":\"0\",\"isInsert\":\"1\",\"isList\":\"','{\"msg\":\"操作成功\",\"code\":200}',0,NULL,'2024-10-22 03:55:28',75),(221,'账本明细',1,'com.jcwl.admin.book.controller.BookMoneyController.add()','POST',1,'admin','研发部门','/book/money','10.10.10.120','内网IP','{\"bookId\":3,\"bookTime\":\"2024-10-22 02:30:34\",\"categoryId\":2,\"categoryName\":\"测试次1\",\"createBy\":\"admin\",\"createId\":1,\"createTime\":\"2024-10-22T14:31:22.194+08:00\",\"id\":31,\"money\":150,\"params\":{},\"remark\":\"备注\",\"type\":1}','{\"code\":200,\"data\":true,\"msg\":\"操作成功\"}',0,NULL,'2024-10-22 06:31:22',66),(222,'账本明细',5,'com.jcwl.admin.book.controller.BookMoneyController.importWechatPayExcel()','POST',1,'admin','研发部门','/book/money/import/wechat/pay/excel','10.10.10.120','内网IP','{\"bookId\":\"5\"}',NULL,1,'Cannot invoke \"com.jcwl.admin.book.dto.WechatPayImportDTO.getAmount()\" because \"t\" is null','2024-10-22 08:50:50',1348),(223,'账本明细',5,'com.jcwl.admin.book.controller.BookMoneyController.importWechatPayExcel()','POST',1,'admin','研发部门','/book/money/import/wechat/pay/excel','10.10.10.120','内网IP','{\"bookId\":\"5\"}',NULL,1,'Cannot invoke \"com.jcwl.admin.book.dto.WechatPayImportDTO.getAmount()\" because \"t\" is null','2024-10-22 08:53:38',1001),(224,'账本明细',5,'com.jcwl.admin.book.controller.BookMoneyController.importWechatPayExcel()','POST',1,'admin','研发部门','/book/money/import/wechat/pay/excel','10.10.10.120','内网IP','{\"bookId\":\"5\"}',NULL,1,'Cannot invoke \"com.jcwl.admin.book.dto.WechatPayImportDTO.getAmount()\" because \"t\" is null','2024-10-22 08:54:11',1377),(225,'账本明细',5,'com.jcwl.admin.book.controller.BookMoneyController.importAliPayExcel()','POST',1,'admin','研发部门','/book/money/import/ali/pay/excel','10.10.10.120','内网IP','{\"bookId\":\"5\"}',NULL,1,'Cannot invoke \"com.jcwl.admin.book.dto.AliPayImportDTO.getAmount()\" because \"t\" is null','2024-10-22 08:57:35',969),(226,'账本明细',1,'com.jcwl.admin.book.controller.BookMoneyController.add()','POST',1,'admin','研发部门','/book/money','10.10.10.120','内网IP','{\"bookId\":5,\"categoryId\":3,\"categoryName\":\"测试次2\",\"createBy\":\"admin\",\"createId\":1,\"createTime\":\"2024-10-22T17:24:20.796+08:00\",\"id\":32,\"money\":8500,\"params\":{},\"type\":1}','{\"code\":200,\"data\":true,\"msg\":\"操作成功\"}',0,NULL,'2024-10-22 09:24:20',16),(227,'账本明细',2,'com.jcwl.admin.book.controller.BookMoneyController.edit()','PUT',1,'admin','研发部门','/book/money','10.10.10.120','内网IP','{\"bookId\":5,\"categoryId\":2,\"categoryName\":\"测试次1\",\"id\":31,\"money\":6800,\"params\":{},\"type\":1,\"updateBy\":\"admin\",\"updateId\":1,\"updateTime\":\"2024-10-22T17:26:50.25+08:00\"}','{\"code\":200,\"data\":true,\"msg\":\"操作成功\"}',0,NULL,'2024-10-22 09:26:50',7),(228,'账本',1,'com.jcwl.admin.book.controller.BookController.add()','POST',1,'admin','研发部门','/book/book','127.0.0.1','内网IP','{\"bookAvatar\":\"2024/10/22/QQ截图20240724195405_20241022181655A001.png\",\"bookName\":\"test\",\"createBy\":\"admin\",\"createId\":1,\"createTime\":\"2024-10-22T18:16:56.623+08:00\",\"id\":1,\"params\":{},\"userId\":1}','{\"code\":200,\"data\":true,\"msg\":\"操作成功\"}',0,NULL,'2024-10-22 10:16:56',56),(229,'账本',1,'com.jcwl.admin.book.controller.BookController.add()','POST',1,'admin','研发部门','/book/book','127.0.0.1','内网IP','{\"bookAvatar\":\"2024/10/22/QQ截图20240724195405_20241022181808A002.png\",\"bookName\":\"test\",\"createBy\":\"admin\",\"createId\":1,\"createTime\":\"2024-10-22T18:18:09.568+08:00\",\"id\":1,\"params\":{},\"userId\":1}','{\"code\":200,\"data\":true,\"msg\":\"操作成功\"}',0,NULL,'2024-10-22 10:18:09',35),(230,'代码生成',2,'com.jcwl.generator.controller.GenController.synchDb()','GET',1,'admin','研发部门','/tool/gen/synchDb/category_base','127.0.0.1','内网IP','{}','{\"msg\":\"操作成功\",\"code\":200}',0,NULL,'2024-10-23 01:27:20',48),(231,'代码生成',2,'com.jcwl.generator.controller.GenController.synchDb()','GET',1,'admin','研发部门','/tool/gen/synchDb/category','127.0.0.1','内网IP','{}','{\"msg\":\"操作成功\",\"code\":200}',0,NULL,'2024-10-23 01:27:22',37),(232,'代码生成',8,'com.jcwl.generator.controller.GenController.batchGenCode()','GET',1,'admin','研发部门','/tool/gen/batchGenCode','127.0.0.1','内网IP','{\"tables\":\"category,category_base\"}',NULL,0,NULL,'2024-10-23 01:27:28',123),(233,'代码生成',2,'com.jcwl.generator.controller.GenController.editSave()','PUT',1,'admin','研发部门','/tool/gen','127.0.0.1','内网IP','{\"businessName\":\"category\",\"className\":\"Category\",\"columns\":[{\"capJavaField\":\"Id\",\"columnComment\":\"分类唯一标识\",\"columnId\":80,\"columnName\":\"id\",\"columnType\":\"bigint\",\"createBy\":\"admin\",\"createTime\":\"2024-10-16 08:07:25\",\"dictType\":\"\",\"edit\":false,\"htmlType\":\"input\",\"increment\":true,\"insert\":true,\"isIncrement\":\"1\",\"isInsert\":\"1\",\"isPk\":\"1\",\"javaField\":\"id\",\"javaType\":\"Long\",\"list\":false,\"params\":{},\"pk\":true,\"query\":false,\"queryType\":\"EQ\",\"required\":false,\"sort\":1,\"superColumn\":false,\"tableId\":7,\"updateBy\":\"\",\"updateTime\":\"2024-10-23 01:27:22\",\"usableColumn\":false},{\"capJavaField\":\"CategoryBaseId\",\"columnComment\":\"基础分类唯一标识\",\"columnId\":121,\"columnName\":\"category_base_id\",\"columnType\":\"bigint\",\"createBy\":\"\",\"createTime\":\"2024-10-18 10:38:46\",\"dictType\":\"\",\"edit\":true,\"htmlType\":\"input\",\"increment\":false,\"insert\":true,\"isEdit\":\"1\",\"isIncrement\":\"0\",\"isInsert\":\"1\",\"isList\":\"1\",\"isPk\":\"0\",\"isQuery\":\"1\",\"javaField\":\"categoryBaseId\",\"javaType\":\"Long\",\"list\":true,\"params\":{},\"pk\":false,\"query\":true,\"queryType\":\"EQ\",\"required\":false,\"sort\":2,\"superColumn\":false,\"tableId\":7,\"updateBy\":\"\",\"updateTime\":\"2024-10-23 01:27:22\",\"usableColumn\":false},{\"capJavaField\":\"ParentId\",\"columnComment\":\"父级节点唯一标识\",\"columnId\":81,\"columnName\":\"parent_id\",\"columnType\":\"bigint\",\"createBy\":\"admin\",\"createTime\":\"2024-10-16 08:07:25\",\"dictType\":\"\",\"edit\":true,\"htmlType\":\"input\",\"increment\":false,\"insert\":true,\"isEdit\":\"1\",\"isIncrement\":\"0\",\"isInsert\":\"1\",\"isList\":\"1\",\"isPk\":\"0\",\"isQuery\":\"1\",\"javaField\":\"parentId\",\"javaType\":\"Long\",\"list\":true,\"params\":{},\"pk\":false,\"query\":true,\"queryType\":\"EQ\",\"required\":false,\"sort\":3,\"superColumn\":true,\"tableId\":7,\"updateBy\":\"\",\"updateTime\":\"2024-10-23 01:27:22\",\"usableColumn\":true},{\"capJavaField\":\"Name\",\"columnComment\":\"类型名称\",\"columnId\":82,\"columnName\":\"name\",\"columnType\":\"varchar(100)\",\"createBy\":\"admin\",\"createTime\":\"2024-10-16 08:07:25\",\"dictType\":\"\",\"edit\":true,\"htmlType\":\"input\",\"increment\":false,\"insert\":true,\"isEdit\":\"1\",\"isIncrement\":\"0\",\"isInsert\":\"1\",\"isLis','{\"msg\":\"操作成功\",\"code\":200}',0,NULL,'2024-10-23 01:35:53',41),(234,'代码生成',2,'com.jcwl.generator.controller.GenController.editSave()','PUT',1,'admin','研发部门','/tool/gen','127.0.0.1','内网IP','{\"businessName\":\"base\",\"className\":\"CategoryBase\",\"columns\":[{\"capJavaField\":\"CategoryBaseId\",\"columnComment\":\"基础分类唯一标识\",\"columnId\":120,\"columnName\":\"category_base_id\",\"columnType\":\"bigint\",\"createBy\":\"\",\"createTime\":\"2024-10-18 10:38:43\",\"dictType\":\"\",\"edit\":false,\"htmlType\":\"input\",\"increment\":true,\"insert\":true,\"isIncrement\":\"1\",\"isInsert\":\"1\",\"isPk\":\"1\",\"javaField\":\"categoryBaseId\",\"javaType\":\"Long\",\"list\":false,\"params\":{},\"pk\":true,\"query\":false,\"queryType\":\"EQ\",\"required\":false,\"sort\":1,\"superColumn\":false,\"tableId\":8,\"updateBy\":\"\",\"updateTime\":\"2024-10-23 01:27:20\",\"usableColumn\":false},{\"capJavaField\":\"ParentId\",\"columnComment\":\"父级节点唯一标识\",\"columnId\":97,\"columnName\":\"parent_id\",\"columnType\":\"bigint\",\"createBy\":\"admin\",\"createTime\":\"2024-10-16 08:07:25\",\"dictType\":\"\",\"edit\":true,\"htmlType\":\"input\",\"increment\":false,\"insert\":true,\"isEdit\":\"1\",\"isIncrement\":\"0\",\"isInsert\":\"1\",\"isList\":\"1\",\"isPk\":\"0\",\"isQuery\":\"1\",\"javaField\":\"parentId\",\"javaType\":\"Long\",\"list\":true,\"params\":{},\"pk\":false,\"query\":true,\"queryType\":\"EQ\",\"required\":false,\"sort\":2,\"superColumn\":true,\"tableId\":8,\"updateBy\":\"\",\"updateTime\":\"2024-10-23 01:27:20\",\"usableColumn\":true},{\"capJavaField\":\"Name\",\"columnComment\":\"类型名称\",\"columnId\":98,\"columnName\":\"name\",\"columnType\":\"varchar(100)\",\"createBy\":\"admin\",\"createTime\":\"2024-10-16 08:07:25\",\"dictType\":\"\",\"edit\":true,\"htmlType\":\"input\",\"increment\":false,\"insert\":true,\"isEdit\":\"1\",\"isIncrement\":\"0\",\"isInsert\":\"1\",\"isList\":\"1\",\"isPk\":\"0\",\"isQuery\":\"1\",\"javaField\":\"name\",\"javaType\":\"String\",\"list\":true,\"params\":{},\"pk\":false,\"query\":true,\"queryType\":\"LIKE\",\"required\":false,\"sort\":3,\"superColumn\":false,\"tableId\":8,\"updateBy\":\"\",\"updateTime\":\"2024-10-23 01:27:20\",\"usableColumn\":false},{\"capJavaField\":\"Code\",\"columnComment\":\"类型编码\",\"columnId\":99,\"columnName\":\"code\",\"columnType\":\"varchar(100)\",\"createBy\":\"admin\",\"createTime\":\"2024-10-16 08:07:25\",\"dictType\":\"\",\"edit\":true,\"htmlType\":\"input\",\"increment\":false,\"insert\":true,\"isEdit\":\"1\",\"isIncrement\":\"0\",\"isInse','{\"msg\":\"操作成功\",\"code\":200}',0,NULL,'2024-10-23 01:36:18',26),(235,'账本明细',5,'com.jcwl.admin.book.controller.BookMoneyController.importAliPayExcel()','POST',1,'admin','研发部门','/book/money/import/ali/pay/excel','10.10.10.120','内网IP','{\"bookId\":\"5\"}',NULL,1,'Cannot invoke \"com.jcwl.admin.book.dto.AliPayImportDTO.getAmount()\" because \"t\" is null','2024-10-23 01:47:13',1145),(236,'账本',1,'com.jcwl.admin.book.controller.BookController.add()','POST',1,'admin','研发部门','/book/book','127.0.0.1','内网IP','{\"bookAvatar\":\"2024/10/23/noImg_20241023095310A001.png\",\"bookName\":\"test\",\"createBy\":\"admin\",\"createId\":1,\"createTime\":\"2024-10-23T09:53:11.111+08:00\",\"id\":1,\"params\":{},\"userId\":1}','{\"code\":200,\"data\":true,\"msg\":\"操作成功\"}',0,NULL,'2024-10-23 01:53:11',105),(237,'账本明细',1,'com.jcwl.admin.book.controller.BookMoneyController.add()','POST',1,'admin','研发部门','/book/money','127.0.0.1','内网IP','{\"bookId\":1,\"bookTime\":\"2024-10-23 10:18:37\",\"categoryId\":91,\"categoryName\":\"单位缴费\",\"categoryUrl\":\"category/3.png\",\"createBy\":\"admin\",\"createId\":1,\"createTime\":\"2024-10-23T10:19:44.568+08:00\",\"id\":33,\"money\":0,\"params\":{},\"remark\":\"\",\"type\":0}','{\"code\":200,\"data\":true,\"msg\":\"操作成功\"}',0,NULL,'2024-10-23 02:19:44',13),(238,'账本明细',1,'com.jcwl.admin.book.controller.BookMoneyController.add()','POST',1,'admin','研发部门','/book/money','10.10.10.120','内网IP','{\"bookId\":1,\"bookTime\":\"2024-10-23 08:30:00\",\"categoryName\":\"早餐\",\"categoryUrl\":\"category/3.png\",\"createBy\":\"admin\",\"createId\":1,\"createTime\":\"2024-10-23T10:26:30.954+08:00\",\"id\":34,\"money\":1400,\"params\":{},\"remark\":\"\",\"type\":1}','{\"code\":200,\"data\":true,\"msg\":\"操作成功\"}',0,NULL,'2024-10-23 02:26:30',7),(239,'账本明细',1,'com.jcwl.admin.book.controller.BookMoneyController.add()','POST',1,'admin','研发部门','/book/money','127.0.0.1','内网IP','{\"bookId\":1,\"bookTime\":\"2024-10-23 10:27:08\",\"categoryId\":91,\"categoryName\":\"单位缴费\",\"categoryUrl\":\"category/3.png\",\"createBy\":\"admin\",\"createId\":1,\"createTime\":\"2024-10-23T10:27:19.007+08:00\",\"id\":35,\"money\":6300,\"params\":{},\"remark\":\"\",\"type\":1}','{\"code\":200,\"data\":true,\"msg\":\"操作成功\"}',0,NULL,'2024-10-23 02:27:19',8),(240,'账本明细',1,'com.jcwl.admin.book.controller.BookMoneyController.add()','POST',1,'admin','研发部门','/book/money','10.10.10.120','内网IP','{\"bookId\":1,\"bookTime\":\"2024-10-23 10:30:00\",\"categoryName\":\"单位缴费\",\"categoryUrl\":\"category/3.png\",\"createBy\":\"admin\",\"createId\":1,\"createTime\":\"2024-10-23T10:28:37.743+08:00\",\"id\":36,\"money\":100000,\"params\":{},\"remark\":\"\",\"type\":1}','{\"code\":200,\"data\":true,\"msg\":\"操作成功\"}',0,NULL,'2024-10-23 02:28:37',7),(241,'账本',1,'com.jcwl.admin.book.controller.BookController.add()','POST',1,'admin','研发部门','/book/book','10.10.10.121','内网IP','{\"bookAvatar\":\"2024/10/23/xkhW36impHxa5acf8caab338df7295e192e592152068_20241023104014A001.png\",\"bookName\":\"小程序账本\",\"createBy\":\"admin\",\"createId\":1,\"createTime\":\"2024-10-23T10:40:15.823+08:00\",\"id\":2,\"params\":{},\"userId\":1}','{\"code\":200,\"data\":true,\"msg\":\"操作成功\"}',0,NULL,'2024-10-23 02:40:15',63),(242,'账本',3,'com.jcwl.admin.book.controller.BookController.remove()','DELETE',1,'admin','研发部门','/book/book/2','10.10.10.121','内网IP','{}','{\"code\":200,\"data\":true,\"msg\":\"操作成功\"}',0,NULL,'2024-10-23 02:40:20',7),(243,'账本',1,'com.jcwl.admin.book.controller.BookController.add()','POST',1,'admin','研发部门','/book/book','10.10.10.121','内网IP','{\"bookAvatar\":\"2024/10/23/天气_20241023104032A002.jpg\",\"bookName\":\"h5账本\",\"createBy\":\"admin\",\"createId\":1,\"createTime\":\"2024-10-23T10:40:33.112+08:00\",\"id\":3,\"params\":{},\"userId\":1}','{\"code\":200,\"data\":true,\"msg\":\"操作成功\"}',0,NULL,'2024-10-23 02:40:33',27),(244,'账本',3,'com.jcwl.admin.book.controller.BookController.remove()','DELETE',1,'admin','研发部门','/book/book/3','10.10.10.121','内网IP','{}','{\"code\":200,\"data\":true,\"msg\":\"操作成功\"}',0,NULL,'2024-10-23 02:40:37',5),(245,'账本',1,'com.jcwl.admin.book.controller.BookController.add()','POST',1,'admin','研发部门','/book/book','127.0.0.1','内网IP','{\"bookAvatar\":\"2024/10/23/QQ截图20240724195405_20241023145736A002.png\",\"bookName\":\"test2\",\"createBy\":\"admin\",\"createId\":1,\"createTime\":\"2024-10-23T14:57:37.267+08:00\",\"id\":4,\"params\":{},\"userId\":1}','{\"code\":200,\"data\":true,\"msg\":\"操作成功\"}',0,NULL,'2024-10-23 06:57:37',90),(246,'账本',1,'com.jcwl.admin.book.controller.BookController.add()','POST',1,'admin','研发部门','/book/book','127.0.0.1','内网IP','{\"bookAvatar\":\"2024/10/23/QQ截图20240724195405_20241023150856A001.png\",\"bookName\":\"test3\",\"createBy\":\"admin\",\"createId\":1,\"createTime\":\"2024-10-23T15:08:57.619+08:00\",\"id\":5,\"params\":{},\"userId\":1}','{\"code\":200,\"data\":true,\"msg\":\"操作成功\"}',0,NULL,'2024-10-23 07:08:57',181),(247,'账本',2,'com.jcwl.admin.book.controller.BookController.edit()','PUT',1,'admin','研发部门','/book/book','10.10.10.121','内网IP','{\"bookAvatar\":\"2024/10/23/QQ截图20240724195405_20241023145736A002.png\",\"bookName\":\"test4\",\"createBy\":\"admin\",\"createId\":1,\"createTime\":\"2024-10-22 08:53:38\",\"defaultBook\":1,\"delFlag\":\"0\",\"id\":4,\"params\":{},\"updateBy\":\"admin\",\"updateId\":1,\"updateTime\":\"2024-10-23T15:53:36.403+08:00\",\"userAudit\":0,\"userId\":1}','{\"code\":200,\"data\":true,\"msg\":\"操作成功\"}',0,NULL,'2024-10-23 07:53:36',17),(248,'账本',2,'com.jcwl.admin.book.controller.BookController.edit()','PUT',1,'admin','研发部门','/book/book','10.10.10.121','内网IP','{\"bookAvatar\":\"2024/10/23/QQ截图20240724195405_20241023145736A002.png\",\"bookName\":\"个人账本\",\"createBy\":\"admin\",\"createId\":1,\"createTime\":\"2024-10-22 08:53:38\",\"defaultBook\":1,\"delFlag\":\"0\",\"id\":4,\"params\":{},\"updateBy\":\"admin\",\"updateId\":1,\"updateTime\":\"2024-10-23T15:53:52.321+08:00\",\"userAudit\":0,\"userId\":1}','{\"code\":200,\"data\":true,\"msg\":\"操作成功\"}',0,NULL,'2024-10-23 07:53:52',6),(249,'账本',2,'com.jcwl.admin.book.controller.BookController.edit()','PUT',1,'admin','研发部门','/book/book','10.10.10.121','内网IP','{\"bookAvatar\":\"2024/10/23/b_20241023155419A002.png\",\"bookName\":\"个人账本\",\"createBy\":\"admin\",\"createId\":1,\"createTime\":\"2024-10-22 08:53:38\",\"delFlag\":\"0\",\"id\":4,\"params\":{},\"updateBy\":\"admin\",\"updateId\":1,\"updateTime\":\"2024-10-23T15:54:20.667+08:00\",\"userAudit\":0,\"userId\":1}','{\"code\":200,\"data\":true,\"msg\":\"操作成功\"}',0,NULL,'2024-10-23 07:54:20',6),(250,'账本',2,'com.jcwl.admin.book.controller.BookController.edit()','PUT',1,'admin','研发部门','/book/book','10.10.10.121','内网IP','{\"bookAvatar\":\"2024/10/23/b_20241023155419A002.png\",\"bookName\":\"个人账本\",\"createBy\":\"admin\",\"createId\":1,\"createTime\":\"2024-10-22 08:53:38\",\"defaultBook\":1,\"delFlag\":\"0\",\"id\":4,\"params\":{},\"updateBy\":\"admin\",\"updateId\":1,\"updateTime\":\"2024-10-23T15:58:49.235+08:00\",\"userAudit\":0,\"userId\":1}','{\"code\":200,\"data\":true,\"msg\":\"操作成功\"}',0,NULL,'2024-10-23 07:58:49',5),(251,'账本',2,'com.jcwl.admin.book.controller.BookController.edit()','PUT',1,'admin','研发部门','/book/book','10.10.10.121','内网IP','{\"bookAvatar\":\"2024/10/23/b_20241023155419A002.png\",\"bookName\":\"个人账本\",\"createBy\":\"admin\",\"createId\":1,\"createTime\":\"2024-10-22 08:53:38\",\"defaultBook\":1,\"delFlag\":\"0\",\"id\":4,\"params\":{},\"updateBy\":\"admin\",\"updateId\":1,\"updateTime\":\"2024-10-23T15:59:02.963+08:00\",\"userAudit\":0,\"userId\":1}','{\"code\":200,\"data\":true,\"msg\":\"操作成功\"}',0,NULL,'2024-10-23 07:59:02',5),(252,'账本明细',5,'com.jcwl.admin.book.controller.BookMoneyController.importAliPayJson()','POST',1,'admin','研发部门','/book/money/import/ali/pay/json','127.0.0.1','内网IP','{\"bookId\":\"1\"}','{\"code\":200,\"data\":true,\"msg\":\"操作成功\"}',0,NULL,'2024-10-23 08:20:52',113),(253,'账本明细',5,'com.jcwl.admin.book.controller.BookMoneyController.importAliPayJson()','POST',1,'admin','研发部门','/book/money/import/ali/pay/json','10.10.10.120','内网IP','{\"bookId\":\"1\"}','{\"code\":200,\"data\":true,\"msg\":\"操作成功\"}',0,NULL,'2024-10-23 08:32:12',68),(254,'账本',2,'com.jcwl.admin.book.controller.BookController.edit()','PUT',1,'admin','研发部门','/book/book','10.10.10.121','内网IP','{\"bookAvatar\":\"2024/10/23/QQ截图20240724195405_20241023150856A001.png\",\"bookName\":\"第10条\",\"createBy\":\"admin\",\"createId\":1,\"createTime\":\"2024-10-22 09:24:20\",\"delFlag\":\"0\",\"id\":7,\"params\":{},\"remark\":\"tRZgMGXnKH\",\"updateBy\":\"admin\",\"updateId\":1,\"updateTime\":\"2024-10-23T16:37:53.149+08:00\",\"userId\":1}','{\"code\":200,\"data\":true,\"msg\":\"操作成功\"}',0,NULL,'2024-10-23 08:37:53',9),(255,'账本',1,'com.jcwl.admin.book.controller.BookController.add()','POST',1,'admin','研发部门','/book/book','10.10.10.121','内网IP','{\"bookAvatar\":\"2024/10/23/天气_20241023163859A001.jpg\",\"bookName\":\"1\",\"createBy\":\"admin\",\"createId\":1,\"createTime\":\"2024-10-23T16:39:01.444+08:00\",\"id\":16,\"params\":{},\"userId\":1}','{\"code\":200,\"data\":true,\"msg\":\"操作成功\"}',0,NULL,'2024-10-23 08:39:01',46),(256,'账本',1,'com.jcwl.admin.book.controller.BookController.add()','POST',1,'admin','研发部门','/book/book','10.10.10.121','内网IP','{\"bookAvatar\":\"\",\"bookName\":\"账本2\",\"createBy\":\"admin\",\"createId\":1,\"createTime\":\"2024-10-23T16:39:18.989+08:00\",\"id\":17,\"params\":{},\"userId\":1}','{\"code\":200,\"data\":true,\"msg\":\"操作成功\"}',0,NULL,'2024-10-23 08:39:19',27),(257,'账本',1,'com.jcwl.admin.book.controller.BookController.add()','POST',1,'admin','研发部门','/book/book','10.10.10.121','内网IP','{\"bookAvatar\":\"\",\"bookName\":\"账本3\",\"createBy\":\"admin\",\"createId\":1,\"createTime\":\"2024-10-23T16:39:30.775+08:00\",\"id\":18,\"params\":{},\"userId\":1}','{\"code\":200,\"data\":true,\"msg\":\"操作成功\"}',0,NULL,'2024-10-23 08:39:30',25),(258,'账本',1,'com.jcwl.admin.book.controller.BookController.add()','POST',1,'admin','研发部门','/book/book','10.10.10.121','内网IP','{\"bookAvatar\":\"\",\"bookName\":\"账本5\",\"createBy\":\"admin\",\"createId\":1,\"createTime\":\"2024-10-23T16:39:36.806+08:00\",\"id\":19,\"params\":{},\"userId\":1}','{\"code\":200,\"data\":true,\"msg\":\"操作成功\"}',0,NULL,'2024-10-23 08:39:36',30),(259,'账本',1,'com.jcwl.admin.book.controller.BookController.add()','POST',1,'admin','研发部门','/book/book','10.10.10.121','内网IP','{\"bookAvatar\":\"\",\"bookName\":\"账本6\",\"createBy\":\"admin\",\"createId\":1,\"createTime\":\"2024-10-23T16:39:42.43+08:00\",\"id\":20,\"params\":{},\"userId\":1}','{\"code\":200,\"data\":true,\"msg\":\"操作成功\"}',0,NULL,'2024-10-23 08:39:42',24),(260,'账本',1,'com.jcwl.admin.book.controller.BookController.add()','POST',1,'admin','研发部门','/book/book','10.10.10.121','内网IP','{\"bookAvatar\":\"\",\"bookName\":\"账本7\",\"createBy\":\"admin\",\"createId\":1,\"createTime\":\"2024-10-23T16:39:51.559+08:00\",\"id\":21,\"params\":{},\"userId\":1}','{\"code\":200,\"data\":true,\"msg\":\"操作成功\"}',0,NULL,'2024-10-23 08:39:51',23),(261,'账本',1,'com.jcwl.admin.book.controller.BookController.add()','POST',1,'admin','研发部门','/book/book','10.10.10.121','内网IP','{\"bookAvatar\":\"\",\"bookName\":\"测试\",\"createBy\":\"admin\",\"createId\":1,\"createTime\":\"2024-10-23T16:41:33.519+08:00\",\"id\":22,\"params\":{},\"userId\":1}','{\"code\":200,\"data\":true,\"msg\":\"操作成功\"}',0,NULL,'2024-10-23 08:41:33',25),(262,'账本明细',1,'com.jcwl.admin.book.controller.BookMoneyController.add()','POST',1,'admin','研发部门','/book/money','127.0.0.1','内网IP','{\"bookTime\":\"2024-10-23 04:46:26\",\"categoryName\":\"\",\"categoryUrl\":\"\",\"createBy\":\"admin\",\"createId\":1,\"createTime\":\"2024-10-23T16:46:37.084+08:00\",\"id\":40,\"money\":88800,\"params\":{},\"remark\":\"\",\"type\":1}','{\"code\":200,\"data\":true,\"msg\":\"操作成功\"}',0,NULL,'2024-10-23 08:46:37',8),(263,'账本明细',1,'com.jcwl.admin.book.controller.BookMoneyController.add()','POST',1,'admin','研发部门','/book/money','127.0.0.1','内网IP','{\"bookId\":19,\"bookTime\":\"2024-10-23 04:47:41\",\"categoryId\":96,\"categoryName\":\"意外来钱\",\"categoryUrl\":\"category/8.png\",\"createBy\":\"admin\",\"createId\":1,\"createTime\":\"2024-10-23T16:48:12.556+08:00\",\"id\":41,\"money\":88800,\"params\":{},\"remark\":\"\",\"type\":0}','{\"code\":200,\"data\":true,\"msg\":\"操作成功\"}',0,NULL,'2024-10-23 08:48:12',7),(264,'账本',1,'com.jcwl.admin.book.controller.BookController.add()','POST',1,'admin','研发部门','/book/book','10.10.10.121','内网IP','{\"bookAvatar\":\"2024/10/23/营业执照_20241023165210A001.jpg\",\"bookName\":\"测试账本\",\"createBy\":\"admin\",\"createId\":1,\"createTime\":\"2024-10-23T16:52:17.415+08:00\",\"defaultBook\":1,\"id\":23,\"params\":{},\"userAudit\":0,\"userId\":1}','{\"code\":200,\"data\":true,\"msg\":\"操作成功\"}',0,NULL,'2024-10-23 08:52:17',109),(265,'账本',1,'com.jcwl.admin.book.controller.BookController.add()','POST',1,'admin','研发部门','/book/book','10.10.10.121','内网IP','{\"bookAvatar\":\"\",\"bookName\":\"不是默认\",\"createBy\":\"admin\",\"createId\":1,\"createTime\":\"2024-10-23T16:53:09.087+08:00\",\"id\":24,\"params\":{},\"userId\":1}','{\"code\":200,\"data\":true,\"msg\":\"操作成功\"}',0,NULL,'2024-10-23 08:53:09',28),(266,'账本',1,'com.jcwl.admin.book.controller.BookController.add()','POST',1,'admin','研发部门','/book/book','10.10.10.121','内网IP','{\"bookAvatar\":\"\",\"bookName\":\"默认\",\"createBy\":\"admin\",\"createId\":1,\"createTime\":\"2024-10-23T16:53:39.463+08:00\",\"defaultBook\":1,\"id\":25,\"params\":{},\"userAudit\":0,\"userId\":1}','{\"code\":200,\"data\":true,\"msg\":\"操作成功\"}',0,NULL,'2024-10-23 08:53:39',29),(267,'账本',1,'com.jcwl.admin.book.controller.BookController.add()','POST',1,'admin','研发部门','/book/book','10.10.10.121','内网IP','{\"bookAvatar\":\"2024/10/23/营业执照_20241023165404A003.jpg\",\"bookName\":\"默认的1\",\"createBy\":\"admin\",\"createId\":1,\"createTime\":\"2024-10-23T16:54:04.975+08:00\",\"id\":26,\"params\":{},\"userId\":1}','{\"code\":200,\"data\":true,\"msg\":\"操作成功\"}',0,NULL,'2024-10-23 08:54:05',26),(268,'账本',2,'com.jcwl.admin.book.controller.BookController.edit()','PUT',1,'admin','研发部门','/book/book','10.10.10.121','内网IP','{\"bookAvatar\":\"2024/10/23/营业执照_20241023165404A003.jpg\",\"bookName\":\"默认的1\",\"createBy\":\"admin\",\"createId\":1,\"createTime\":\"2024-10-23 16:54:05\",\"defaultBook\":1,\"delFlag\":\"0\",\"id\":26,\"params\":{},\"updateBy\":\"admin\",\"updateId\":1,\"updateTime\":\"2024-10-23T16:54:14.625+08:00\",\"userId\":1}','{\"code\":200,\"data\":true,\"msg\":\"操作成功\"}',0,NULL,'2024-10-23 08:54:14',5),(269,'账本',2,'com.jcwl.admin.book.controller.BookController.edit()','PUT',1,'admin','研发部门','/book/book','10.10.10.121','内网IP','{\"bookAvatar\":\"2024/10/23/QQ截图20240724195405_20241023150856A001.png\",\"bookName\":\"Fung Ling Ling\",\"createBy\":\"admin\",\"createId\":1,\"createTime\":\"2024-10-23 01:36:18\",\"defaultBook\":0,\"delFlag\":\"0\",\"id\":15,\"params\":{},\"remark\":\"5a8ihH5O0t\",\"updateBy\":\"admin\",\"updateId\":1,\"updateTime\":\"2024-10-23T17:00:11.313+08:00\",\"userId\":1}','{\"code\":200,\"data\":true,\"msg\":\"操作成功\"}',0,NULL,'2024-10-23 09:00:11',5),(270,'账本',2,'com.jcwl.admin.book.controller.BookController.edit()','PUT',1,'admin','研发部门','/book/book','10.10.10.121','内网IP','{\"bookAvatar\":\"\",\"bookName\":\"其他\",\"createBy\":\"admin\",\"createId\":1,\"createTime\":\"2024-10-23 16:53:39\",\"delFlag\":\"0\",\"id\":25,\"params\":{},\"updateBy\":\"admin\",\"updateId\":1,\"updateTime\":\"2024-10-23T17:00:27.211+08:00\",\"userAudit\":0,\"userId\":1}','{\"code\":200,\"data\":true,\"msg\":\"操作成功\"}',0,NULL,'2024-10-23 09:00:27',5),(271,'账本',3,'com.jcwl.admin.book.controller.BookController.remove()','DELETE',1,'admin','研发部门','/book/book/5','127.0.0.1','内网IP','{}','{\"code\":200,\"data\":true,\"msg\":\"操作成功\"}',0,NULL,'2024-10-23 09:19:08',16),(272,'账本',3,'com.jcwl.admin.book.controller.BookController.remove()','DELETE',1,'admin','研发部门','/book/book/10','127.0.0.1','内网IP','{}','{\"code\":200,\"data\":true,\"msg\":\"操作成功\"}',0,NULL,'2024-10-23 09:19:26',5),(273,'账本明细',5,'com.jcwl.admin.book.controller.BookMoneyController.importWechatPayJson()','POST',1,'admin','研发部门','/book/money/import/wechat/pay/json','10.10.10.120','内网IP','{\"bookId\":\"1\"}','{\"code\":200,\"data\":true,\"msg\":\"操作成功\"}',0,NULL,'2024-10-23 09:21:08',9),(274,'账本',3,'com.jcwl.admin.book.controller.BookController.remove()','DELETE',1,'admin','研发部门','/book/book/7','127.0.0.1','内网IP','{}','{\"code\":200,\"data\":true,\"msg\":\"操作成功\"}',0,NULL,'2024-10-23 09:27:25',16),(275,'账本',3,'com.jcwl.admin.book.controller.BookController.remove()','DELETE',1,'admin','研发部门','/book/book/8','127.0.0.1','内网IP','{}','{\"code\":200,\"data\":true,\"msg\":\"操作成功\"}',0,NULL,'2024-10-23 09:27:32',6),(276,'账本',3,'com.jcwl.admin.book.controller.BookController.remove()','DELETE',1,'admin','研发部门','/book/book/13','127.0.0.1','内网IP','{}','{\"code\":200,\"data\":true,\"msg\":\"操作成功\"}',0,NULL,'2024-10-23 09:31:25',29),(277,'账本明细',5,'com.jcwl.admin.book.controller.BookMoneyController.importAliPayJson()','POST',1,'admin','研发部门','/book/money/import/ali/pay/json','10.10.10.120','内网IP','{\"bookId\":\"1\"}','{\"code\":200,\"data\":true,\"msg\":\"操作成功\"}',0,NULL,'2024-10-23 09:32:51',11),(278,'账本',2,'com.jcwl.admin.book.controller.BookController.edit()','PUT',1,'admin','研发部门','/book/book','10.10.10.121','内网IP','{\"bookAvatar\":\"2024/10/23/营业执照_20241023165210A001.jpg\",\"bookName\":\"测试账本\",\"createTime\":\"2024-10-23 16:52:17\",\"defaultBook\":1,\"delFlag\":\"0\",\"id\":23,\"params\":{},\"updateBy\":\"admin\",\"updateId\":1,\"updateTime\":\"2024-10-23T17:40:03.47+08:00\",\"userAudit\":0,\"userId\":1}','{\"code\":200,\"data\":true,\"msg\":\"操作成功\"}',0,NULL,'2024-10-23 09:40:03',10),(279,'账本明细',5,'com.jcwl.admin.book.controller.BookMoneyController.importWechatPayJson()','POST',1,'admin','研发部门','/book/money/import/wechat/pay/json','10.10.10.120','内网IP','{\"bookId\":\"1\"}','{\"code\":200,\"data\":true,\"msg\":\"操作成功\"}',0,NULL,'2024-10-23 09:41:53',86),(280,'账本明细',5,'com.jcwl.admin.book.controller.BookMoneyController.importAliPayJson()','POST',1,'admin','研发部门','/book/money/import/ali/pay/json','10.10.10.120','内网IP','{\"bookId\":\"1\"}','{\"code\":200,\"data\":true,\"msg\":\"操作成功\"}',0,NULL,'2024-10-23 09:43:39',10),(281,'账本明细',5,'com.jcwl.admin.book.controller.BookMoneyController.importAliPayJson()','POST',1,'admin','研发部门','/book/money/import/ali/pay/json','10.10.10.120','内网IP','{\"bookId\":\"1\"}','{\"code\":200,\"data\":true,\"msg\":\"操作成功\"}',0,NULL,'2024-10-23 10:11:56',66),(282,'菜单管理',1,'com.jcwl.admin.system.controller.system.SysMenuController.add()','POST',1,'admin','研发部门','/system/menu','127.0.0.1','内网IP','{\"children\":[],\"createBy\":\"admin\",\"icon\":\"excel\",\"isCache\":\"0\",\"isFrame\":\"1\",\"menuName\":\"账本管理\",\"menuType\":\"M\",\"orderNum\":1,\"params\":{},\"parentId\":0,\"path\":\"book\",\"status\":\"0\",\"visible\":\"0\"}','{\"msg\":\"操作成功\",\"code\":200}',0,NULL,'2024-10-24 01:48:51',9),(283,'菜单管理',2,'com.jcwl.admin.system.controller.system.SysMenuController.edit()','PUT',1,'admin','研发部门','/system/menu','127.0.0.1','内网IP','{\"children\":[],\"createTime\":\"2024-10-24 01:48:51\",\"icon\":\"excel\",\"isCache\":\"0\",\"isFrame\":\"1\",\"menuId\":2000,\"menuName\":\"账本管理\",\"menuType\":\"M\",\"orderNum\":0,\"params\":{},\"parentId\":0,\"path\":\"book\",\"perms\":\"\",\"status\":\"0\",\"updateBy\":\"admin\",\"visible\":\"0\"}','{\"msg\":\"操作成功\",\"code\":200}',0,NULL,'2024-10-24 01:49:08',6),(284,'代码生成',3,'com.jcwl.generator.controller.GenController.remove()','DELETE',1,'admin','研发部门','/tool/gen/9','127.0.0.1','内网IP','{}','{\"msg\":\"操作成功\",\"code\":200}',0,NULL,'2024-10-24 01:49:33',19),(285,'代码生成',2,'com.jcwl.generator.controller.GenController.synchDb()','GET',1,'admin','研发部门','/tool/gen/synchDb/book_money','127.0.0.1','内网IP','{}','{\"msg\":\"操作成功\",\"code\":200}',0,NULL,'2024-10-24 01:49:41',43),(286,'代码生成',2,'com.jcwl.generator.controller.GenController.synchDb()','GET',1,'admin','研发部门','/tool/gen/synchDb/book_user','127.0.0.1','内网IP','{}','{\"msg\":\"操作成功\",\"code\":200}',0,NULL,'2024-10-24 01:49:44',37),(287,'代码生成',2,'com.jcwl.generator.controller.GenController.synchDb()','GET',1,'admin','研发部门','/tool/gen/synchDb/book','127.0.0.1','内网IP','{}','{\"msg\":\"操作成功\",\"code\":200}',0,NULL,'2024-10-24 01:49:47',28),(288,'代码生成',2,'com.jcwl.generator.controller.GenController.synchDb()','GET',1,'admin','研发部门','/tool/gen/synchDb/category_base','127.0.0.1','内网IP','{}','{\"msg\":\"操作成功\",\"code\":200}',0,NULL,'2024-10-24 01:49:50',26),(289,'代码生成',2,'com.jcwl.generator.controller.GenController.synchDb()','GET',1,'admin','研发部门','/tool/gen/synchDb/category','127.0.0.1','内网IP','{}','{\"msg\":\"操作成功\",\"code\":200}',0,NULL,'2024-10-24 01:49:52',28),(290,'代码生成',2,'com.jcwl.generator.controller.GenController.editSave()','PUT',1,'admin','研发部门','/tool/gen','127.0.0.1','内网IP','{\"businessName\":\"category\",\"className\":\"Category\",\"columns\":[{\"capJavaField\":\"Id\",\"columnComment\":\"分类唯一标识\",\"columnId\":80,\"columnName\":\"id\",\"columnType\":\"bigint\",\"createBy\":\"admin\",\"createTime\":\"2024-10-16 08:07:25\",\"dictType\":\"\",\"edit\":false,\"htmlType\":\"input\",\"increment\":true,\"insert\":true,\"isIncrement\":\"1\",\"isInsert\":\"1\",\"isPk\":\"1\",\"javaField\":\"id\",\"javaType\":\"Long\",\"list\":false,\"params\":{},\"pk\":true,\"query\":false,\"queryType\":\"EQ\",\"required\":false,\"sort\":1,\"superColumn\":false,\"tableId\":7,\"updateBy\":\"\",\"updateTime\":\"2024-10-24 01:49:52\",\"usableColumn\":false},{\"capJavaField\":\"CategoryBaseId\",\"columnComment\":\"基础分类唯一标识\",\"columnId\":121,\"columnName\":\"category_base_id\",\"columnType\":\"bigint\",\"createBy\":\"\",\"createTime\":\"2024-10-18 10:38:46\",\"dictType\":\"\",\"edit\":true,\"htmlType\":\"input\",\"increment\":false,\"insert\":true,\"isEdit\":\"1\",\"isIncrement\":\"0\",\"isInsert\":\"1\",\"isList\":\"1\",\"isPk\":\"0\",\"isQuery\":\"1\",\"javaField\":\"categoryBaseId\",\"javaType\":\"Long\",\"list\":true,\"params\":{},\"pk\":false,\"query\":true,\"queryType\":\"EQ\",\"required\":false,\"sort\":2,\"superColumn\":false,\"tableId\":7,\"updateBy\":\"\",\"updateTime\":\"2024-10-24 01:49:52\",\"usableColumn\":false},{\"capJavaField\":\"ParentId\",\"columnComment\":\"父级节点唯一标识\",\"columnId\":81,\"columnName\":\"parent_id\",\"columnType\":\"bigint\",\"createBy\":\"admin\",\"createTime\":\"2024-10-16 08:07:25\",\"dictType\":\"\",\"edit\":true,\"htmlType\":\"input\",\"increment\":false,\"insert\":true,\"isEdit\":\"1\",\"isIncrement\":\"0\",\"isInsert\":\"1\",\"isList\":\"1\",\"isPk\":\"0\",\"isQuery\":\"1\",\"javaField\":\"parentId\",\"javaType\":\"Long\",\"list\":true,\"params\":{},\"pk\":false,\"query\":true,\"queryType\":\"EQ\",\"required\":false,\"sort\":3,\"superColumn\":true,\"tableId\":7,\"updateBy\":\"\",\"updateTime\":\"2024-10-24 01:49:52\",\"usableColumn\":true},{\"capJavaField\":\"Name\",\"columnComment\":\"类型名称\",\"columnId\":82,\"columnName\":\"name\",\"columnType\":\"varchar(100)\",\"createBy\":\"admin\",\"createTime\":\"2024-10-16 08:07:25\",\"dictType\":\"\",\"edit\":true,\"htmlType\":\"input\",\"increment\":false,\"insert\":true,\"isEdit\":\"1\",\"isIncrement\":\"0\",\"isInsert\":\"1\",\"isLis','{\"msg\":\"操作成功\",\"code\":200}',0,NULL,'2024-10-24 01:50:16',30),(291,'代码生成',2,'com.jcwl.generator.controller.GenController.editSave()','PUT',1,'admin','研发部门','/tool/gen','127.0.0.1','内网IP','{\"businessName\":\"base\",\"className\":\"CategoryBase\",\"columns\":[{\"capJavaField\":\"CategoryBaseId\",\"columnComment\":\"基础分类唯一标识\",\"columnId\":120,\"columnName\":\"category_base_id\",\"columnType\":\"bigint\",\"createBy\":\"\",\"createTime\":\"2024-10-18 10:38:43\",\"dictType\":\"\",\"edit\":false,\"htmlType\":\"input\",\"increment\":true,\"insert\":true,\"isIncrement\":\"1\",\"isInsert\":\"1\",\"isPk\":\"1\",\"javaField\":\"categoryBaseId\",\"javaType\":\"Long\",\"list\":false,\"params\":{},\"pk\":true,\"query\":false,\"queryType\":\"EQ\",\"required\":false,\"sort\":1,\"superColumn\":false,\"tableId\":8,\"updateBy\":\"\",\"updateTime\":\"2024-10-24 01:49:50\",\"usableColumn\":false},{\"capJavaField\":\"ParentId\",\"columnComment\":\"父级节点唯一标识\",\"columnId\":97,\"columnName\":\"parent_id\",\"columnType\":\"bigint\",\"createBy\":\"admin\",\"createTime\":\"2024-10-16 08:07:25\",\"dictType\":\"\",\"edit\":true,\"htmlType\":\"input\",\"increment\":false,\"insert\":true,\"isEdit\":\"1\",\"isIncrement\":\"0\",\"isInsert\":\"1\",\"isList\":\"1\",\"isPk\":\"0\",\"isQuery\":\"1\",\"javaField\":\"parentId\",\"javaType\":\"Long\",\"list\":true,\"params\":{},\"pk\":false,\"query\":true,\"queryType\":\"EQ\",\"required\":false,\"sort\":2,\"superColumn\":true,\"tableId\":8,\"updateBy\":\"\",\"updateTime\":\"2024-10-24 01:49:50\",\"usableColumn\":true},{\"capJavaField\":\"Name\",\"columnComment\":\"类型名称\",\"columnId\":98,\"columnName\":\"name\",\"columnType\":\"varchar(100)\",\"createBy\":\"admin\",\"createTime\":\"2024-10-16 08:07:25\",\"dictType\":\"\",\"edit\":true,\"htmlType\":\"input\",\"increment\":false,\"insert\":true,\"isEdit\":\"1\",\"isIncrement\":\"0\",\"isInsert\":\"1\",\"isList\":\"1\",\"isPk\":\"0\",\"isQuery\":\"1\",\"javaField\":\"name\",\"javaType\":\"String\",\"list\":true,\"params\":{},\"pk\":false,\"query\":true,\"queryType\":\"LIKE\",\"required\":false,\"sort\":3,\"superColumn\":false,\"tableId\":8,\"updateBy\":\"\",\"updateTime\":\"2024-10-24 01:49:50\",\"usableColumn\":false},{\"capJavaField\":\"Code\",\"columnComment\":\"类型编码\",\"columnId\":99,\"columnName\":\"code\",\"columnType\":\"varchar(100)\",\"createBy\":\"admin\",\"createTime\":\"2024-10-16 08:07:25\",\"dictType\":\"\",\"edit\":true,\"htmlType\":\"input\",\"increment\":false,\"insert\":true,\"isEdit\":\"1\",\"isIncrement\":\"0\",\"isInse','{\"msg\":\"操作成功\",\"code\":200}',0,NULL,'2024-10-24 01:50:41',26),(292,'代码生成',2,'com.jcwl.generator.controller.GenController.editSave()','PUT',1,'admin','研发部门','/tool/gen','127.0.0.1','内网IP','{\"businessName\":\"book\",\"className\":\"Book\",\"columns\":[{\"capJavaField\":\"Id\",\"columnComment\":\"唯一标识\",\"columnId\":36,\"columnName\":\"id\",\"columnType\":\"bigint\",\"createBy\":\"admin\",\"createTime\":\"2024-10-15 02:20:57\",\"dictType\":\"\",\"edit\":false,\"htmlType\":\"input\",\"increment\":true,\"insert\":true,\"isIncrement\":\"1\",\"isInsert\":\"1\",\"isPk\":\"1\",\"javaField\":\"id\",\"javaType\":\"Long\",\"list\":false,\"params\":{},\"pk\":true,\"query\":false,\"queryType\":\"EQ\",\"required\":false,\"sort\":1,\"superColumn\":false,\"tableId\":3,\"updateBy\":\"\",\"updateTime\":\"2024-10-24 01:49:47\",\"usableColumn\":false},{\"capJavaField\":\"UserId\",\"columnComment\":\"用户唯一标识\",\"columnId\":119,\"columnName\":\"user_id\",\"columnType\":\"bigint\",\"createBy\":\"\",\"createTime\":\"2024-10-18 03:22:53\",\"dictType\":\"\",\"edit\":true,\"htmlType\":\"input\",\"increment\":false,\"insert\":true,\"isEdit\":\"1\",\"isIncrement\":\"0\",\"isInsert\":\"1\",\"isList\":\"1\",\"isPk\":\"0\",\"isQuery\":\"1\",\"isRequired\":\"1\",\"javaField\":\"userId\",\"javaType\":\"Long\",\"list\":true,\"params\":{},\"pk\":false,\"query\":true,\"queryType\":\"EQ\",\"required\":true,\"sort\":2,\"superColumn\":false,\"tableId\":3,\"updateBy\":\"\",\"updateTime\":\"2024-10-24 01:49:47\",\"usableColumn\":false},{\"capJavaField\":\"BookName\",\"columnComment\":\"账本名称\",\"columnId\":37,\"columnName\":\"book_name\",\"columnType\":\"varchar(255)\",\"createBy\":\"admin\",\"createTime\":\"2024-10-15 02:20:57\",\"dictType\":\"\",\"edit\":true,\"htmlType\":\"input\",\"increment\":false,\"insert\":true,\"isEdit\":\"1\",\"isIncrement\":\"0\",\"isInsert\":\"1\",\"isList\":\"1\",\"isPk\":\"0\",\"isQuery\":\"1\",\"isRequired\":\"1\",\"javaField\":\"bookName\",\"javaType\":\"String\",\"list\":true,\"params\":{},\"pk\":false,\"query\":true,\"queryType\":\"LIKE\",\"required\":true,\"sort\":3,\"superColumn\":false,\"tableId\":3,\"updateBy\":\"\",\"updateTime\":\"2024-10-24 01:49:47\",\"usableColumn\":false},{\"capJavaField\":\"BookAvatar\",\"columnComment\":\"账本图片\",\"columnId\":38,\"columnName\":\"book_avatar\",\"columnType\":\"varchar(255)\",\"createBy\":\"admin\",\"createTime\":\"2024-10-15 02:20:57\",\"dictType\":\"\",\"edit\":true,\"htmlType\":\"input\",\"increment\":false,\"insert\":true,\"isEdit\":\"1\",\"isIncrement\":\"0\",\"isIn','{\"msg\":\"操作成功\",\"code\":200}',0,NULL,'2024-10-24 01:50:55',26),(293,'代码生成',2,'com.jcwl.generator.controller.GenController.editSave()','PUT',1,'admin','研发部门','/tool/gen','127.0.0.1','内网IP','{\"businessName\":\"user\",\"className\":\"BookUser\",\"columns\":[{\"capJavaField\":\"Id\",\"columnComment\":\"唯一标识\",\"columnId\":53,\"columnName\":\"id\",\"columnType\":\"bigint\",\"createBy\":\"admin\",\"createTime\":\"2024-10-15 02:20:57\",\"dictType\":\"\",\"edit\":false,\"htmlType\":\"input\",\"increment\":true,\"insert\":true,\"isIncrement\":\"1\",\"isInsert\":\"1\",\"isPk\":\"1\",\"javaField\":\"id\",\"javaType\":\"Long\",\"list\":false,\"params\":{},\"pk\":true,\"query\":false,\"queryType\":\"EQ\",\"required\":false,\"sort\":1,\"superColumn\":false,\"tableId\":4,\"updateBy\":\"\",\"updateTime\":\"2024-10-24 01:49:44\",\"usableColumn\":false},{\"capJavaField\":\"BookId\",\"columnComment\":\"账本唯一标识\",\"columnId\":54,\"columnName\":\"book_id\",\"columnType\":\"bigint\",\"createBy\":\"admin\",\"createTime\":\"2024-10-15 02:20:57\",\"dictType\":\"\",\"edit\":true,\"htmlType\":\"input\",\"increment\":false,\"insert\":true,\"isEdit\":\"1\",\"isIncrement\":\"0\",\"isInsert\":\"1\",\"isList\":\"1\",\"isPk\":\"0\",\"isQuery\":\"1\",\"isRequired\":\"1\",\"javaField\":\"bookId\",\"javaType\":\"Long\",\"list\":true,\"params\":{},\"pk\":false,\"query\":true,\"queryType\":\"EQ\",\"required\":true,\"sort\":2,\"superColumn\":false,\"tableId\":4,\"updateBy\":\"\",\"updateTime\":\"2024-10-24 01:49:44\",\"usableColumn\":false},{\"capJavaField\":\"UserId\",\"columnComment\":\"用户唯一标识\",\"columnId\":55,\"columnName\":\"user_id\",\"columnType\":\"bigint\",\"createBy\":\"admin\",\"createTime\":\"2024-10-15 02:20:57\",\"dictType\":\"\",\"edit\":true,\"htmlType\":\"input\",\"increment\":false,\"insert\":true,\"isEdit\":\"1\",\"isIncrement\":\"0\",\"isInsert\":\"1\",\"isList\":\"1\",\"isPk\":\"0\",\"isQuery\":\"1\",\"isRequired\":\"1\",\"javaField\":\"userId\",\"javaType\":\"Long\",\"list\":true,\"params\":{},\"pk\":false,\"query\":true,\"queryType\":\"EQ\",\"required\":true,\"sort\":3,\"superColumn\":false,\"tableId\":4,\"updateBy\":\"\",\"updateTime\":\"2024-10-24 01:49:44\",\"usableColumn\":false},{\"capJavaField\":\"UserName\",\"columnComment\":\"用户账号\",\"columnId\":56,\"columnName\":\"user_name\",\"columnType\":\"varchar(255)\",\"createBy\":\"admin\",\"createTime\":\"2024-10-15 02:20:57\",\"dictType\":\"\",\"edit\":true,\"htmlType\":\"input\",\"increment\":false,\"insert\":true,\"isEdit\":\"1\",\"isIncrement\":\"0\",\"isInsert\":\"1\",','{\"msg\":\"操作成功\",\"code\":200}',0,NULL,'2024-10-24 01:51:03',30),(294,'代码生成',2,'com.jcwl.generator.controller.GenController.editSave()','PUT',1,'admin','研发部门','/tool/gen','127.0.0.1','内网IP','{\"businessName\":\"money\",\"className\":\"BookMoney\",\"columns\":[{\"capJavaField\":\"Id\",\"columnComment\":\"唯一标识\",\"columnId\":11,\"columnName\":\"id\",\"columnType\":\"bigint\",\"createBy\":\"admin\",\"createTime\":\"2024-10-14 07:44:20\",\"dictType\":\"\",\"edit\":false,\"htmlType\":\"input\",\"increment\":true,\"insert\":true,\"isIncrement\":\"1\",\"isInsert\":\"1\",\"isPk\":\"1\",\"javaField\":\"id\",\"javaType\":\"Long\",\"list\":false,\"params\":{},\"pk\":true,\"query\":false,\"queryType\":\"EQ\",\"required\":false,\"sort\":1,\"superColumn\":false,\"tableId\":2,\"updateBy\":\"\",\"updateTime\":\"2024-10-24 01:49:41\",\"usableColumn\":false},{\"capJavaField\":\"BookId\",\"columnComment\":\"账本唯一标识\",\"columnId\":12,\"columnName\":\"book_id\",\"columnType\":\"bigint\",\"createBy\":\"admin\",\"createTime\":\"2024-10-14 07:44:20\",\"dictType\":\"\",\"edit\":true,\"htmlType\":\"input\",\"increment\":false,\"insert\":true,\"isEdit\":\"1\",\"isIncrement\":\"0\",\"isInsert\":\"1\",\"isList\":\"1\",\"isPk\":\"0\",\"isQuery\":\"1\",\"javaField\":\"bookId\",\"javaType\":\"Long\",\"list\":true,\"params\":{},\"pk\":false,\"query\":true,\"queryType\":\"EQ\",\"required\":false,\"sort\":2,\"superColumn\":false,\"tableId\":2,\"updateBy\":\"\",\"updateTime\":\"2024-10-24 01:49:41\",\"usableColumn\":false},{\"capJavaField\":\"CategoryId\",\"columnComment\":\"分类唯一标识\",\"columnId\":13,\"columnName\":\"category_id\",\"columnType\":\"bigint\",\"createBy\":\"admin\",\"createTime\":\"2024-10-14 07:44:20\",\"dictType\":\"\",\"edit\":true,\"htmlType\":\"input\",\"increment\":false,\"insert\":true,\"isEdit\":\"1\",\"isIncrement\":\"0\",\"isInsert\":\"1\",\"isList\":\"1\",\"isPk\":\"0\",\"isQuery\":\"1\",\"javaField\":\"categoryId\",\"javaType\":\"Long\",\"list\":true,\"params\":{},\"pk\":false,\"query\":true,\"queryType\":\"EQ\",\"required\":false,\"sort\":3,\"superColumn\":false,\"tableId\":2,\"updateBy\":\"\",\"updateTime\":\"2024-10-24 01:49:41\",\"usableColumn\":false},{\"capJavaField\":\"CategoryName\",\"columnComment\":\"分类名称\",\"columnId\":14,\"columnName\":\"category_name\",\"columnType\":\"varchar(255)\",\"createBy\":\"admin\",\"createTime\":\"2024-10-14 07:44:20\",\"dictType\":\"\",\"edit\":true,\"htmlType\":\"input\",\"increment\":false,\"insert\":true,\"isEdit\":\"1\",\"isIncrement\":\"0\",\"isInsert\":\"1\",\"isList\":\"','{\"msg\":\"操作成功\",\"code\":200}',0,NULL,'2024-10-24 01:51:26',33),(295,'代码生成',8,'com.jcwl.generator.controller.GenController.batchGenCode()','GET',1,'admin','研发部门','/tool/gen/batchGenCode','127.0.0.1','内网IP','{\"tables\":\"book_money,book_user,book,category_base,category\"}',NULL,0,NULL,'2024-10-24 01:51:34',203),(296,'账本明细',1,'com.jcwl.admin.book.controller.BookMoneyController.add()','POST',1,'admin','研发部门','/book/money','10.10.10.120','内网IP','{\"bookId\":25,\"bookTime\":\"2024-10-24 09:57:59\",\"categoryId\":76,\"categoryName\":\"手续利息\",\"categoryUrl\":\"category/6.png\",\"createBy\":\"admin\",\"createId\":1,\"createTime\":\"2024-10-24T09:58:07.476+08:00\",\"id\":58,\"money\":8500,\"params\":{},\"remark\":\"\",\"type\":1,\"userId\":1,\"userName\":\"admin\"}','{\"code\":200,\"data\":true,\"msg\":\"操作成功\"}',0,NULL,'2024-10-24 01:58:07',12),(297,'角色管理',2,'com.jcwl.admin.system.controller.system.SysRoleController.edit()','PUT',1,'admin','研发部门','/system/role','127.0.0.1','内网IP','{\"admin\":false,\"createTime\":\"2024-05-10 09:01:22\",\"dataScope\":\"2\",\"delFlag\":\"0\",\"deptCheckStrictly\":true,\"flag\":false,\"menuCheckStrictly\":true,\"menuIds\":[2000,2001,2002,2003,2004,2005,2006,2007,2008,2009,2010,2011,2012,2013,2014,2015,2016,2017,2018,2019,2020,2021,2022,2023,2024,2025,2026,2027,2028,2029,2030,1,100,1000,1001,1002,1003,1004,1005,1006,101,1007,1008,1009,1010,1011,102,1012,1013,1014,1015,103,1016,1017,1018,1019,104,1020,1021,1022,1023,1024,105,1025,1026,1027,1028,1029,106,1030,1031,1032,1033,1034,107,1035,1036,1037,1038,108,500,1039,1040,1041,501,1042,1043,1044,1045,2,109,1046,1047,1048,110,1049,1050,1051,1052,1053,1054,111,112,113,114,3,115,116,1055,1056,1057,1058,1059,1060,117,4],\"params\":{},\"remark\":\"普通角色\",\"roleId\":2,\"roleKey\":\"common\",\"roleName\":\"普通角色\",\"roleSort\":2,\"status\":\"0\",\"updateBy\":\"admin\"}','{\"msg\":\"操作成功\",\"code\":200}',0,NULL,'2024-10-24 01:58:08',17),(298,'账本明细',5,'com.jcwl.admin.book.controller.BookMoneyController.importWechatPayJson()','POST',1,'admin','研发部门','/book/money/import/wechat/pay/json','10.10.10.120','内网IP','{\"bookId\":\"1\"}','{\"code\":200,\"data\":true,\"msg\":\"操作成功\"}',0,NULL,'2024-10-24 01:58:58',8),(299,'用户头像',2,'com.jcwl.admin.system.controller.system.SysProfileController.avatar()','POST',1,'admin','北京总公司','/system/user/profile/avatar','127.0.0.1','内网IP','','{\"msg\":\"操作成功\",\"imgUrl\":\"/profile/avatar/2024/10/24/1729739630917_20241024111350A002.png\",\"code\":200}',0,NULL,'2024-10-24 03:13:50',11),(300,'用户头像',2,'com.jcwl.admin.system.controller.system.SysProfileController.avatar()','POST',1,'admin','北京总公司','/system/user/profile/avatar','127.0.0.1','内网IP','','{\"msg\":\"操作成功\",\"imgUrl\":\"/profile/avatar/2024/10/24/1729739728481_20241024111528A003.png\",\"code\":200}',0,NULL,'2024-10-24 03:15:28',7),(301,'用户头像',2,'com.jcwl.admin.system.controller.system.SysProfileController.avatar()','POST',1,'admin','北京总公司','/system/user/profile/avatar','127.0.0.1','内网IP','','{\"msg\":\"操作成功\",\"imgUrl\":\"2024/10/24/1729739840276_20241024111720A001.png\",\"code\":200}',0,NULL,'2024-10-24 03:17:20',73),(302,'用户头像',2,'com.jcwl.admin.system.controller.system.SysProfileController.avatar()','POST',1,'admin','北京总公司','/system/user/profile/avatar','10.10.10.121','内网IP','','{\"msg\":\"操作成功\",\"imgUrl\":\"2024/10/24/1729740074864_20241024112115A002.png\",\"code\":200}',0,NULL,'2024-10-24 03:21:15',20),(303,'账本明细',1,'com.jcwl.admin.book.controller.BookMoneyController.add()','POST',1,'admin','研发部门','/book/money','10.10.10.101','内网IP','{\"bookId\":23,\"bookTime\":\"2024-10-24 01:49:50\",\"categoryId\":96,\"categoryName\":\"意外来钱\",\"categoryUrl\":\"category/8.png\",\"createBy\":\"admin\",\"createId\":1,\"createTime\":\"2024-10-24T13:50:18.781+08:00\",\"id\":63,\"money\":10000000,\"params\":{},\"remark\":\"\",\"type\":0,\"userId\":1,\"userName\":\"admin\"}','{\"code\":200,\"data\":true,\"msg\":\"操作成功\"}',0,NULL,'2024-10-24 05:50:18',18),(304,'账本明细',1,'com.jcwl.admin.book.controller.BookMoneyController.add()','POST',1,'admin','北京总公司','/book/money','10.10.10.120','内网IP','{\"bookId\":23,\"bookTime\":\"2024-10-24 02:50:06\",\"categoryId\":95,\"categoryName\":\"中奖收入\",\"categoryUrl\":\"category/8.png\",\"createBy\":\"admin\",\"createId\":1,\"createTime\":\"2024-10-24T14:50:29.643+08:00\",\"id\":64,\"money\":10000000000000,\"params\":{},\"remark\":\"\",\"type\":0,\"userId\":1,\"userName\":\"admin\"}','{\"code\":200,\"data\":true,\"msg\":\"操作成功\"}',0,NULL,'2024-10-24 06:50:29',66),(305,'账本明细',3,'com.jcwl.admin.book.controller.BookMoneyController.remove()','DELETE',1,'admin','北京总公司','/book/money/64','10.10.10.120','内网IP','{}','{\"code\":200,\"data\":true,\"msg\":\"操作成功\"}',0,NULL,'2024-10-24 06:54:47',9),(306,'账本明细',3,'com.jcwl.admin.book.controller.BookMoneyController.remove()','DELETE',1,'admin','北京总公司','/book/money/63','10.10.10.120','内网IP','{}','{\"code\":200,\"data\":true,\"msg\":\"操作成功\"}',0,NULL,'2024-10-24 06:55:24',5),(307,'账本明细',1,'com.jcwl.admin.book.controller.BookMoneyController.add()','POST',1,'admin','北京总公司','/book/money','10.10.10.120','内网IP','{\"bookId\":25,\"bookTime\":\"2024-10-24 02:55:45\",\"categoryId\":77,\"categoryName\":\"投资亏损\",\"categoryUrl\":\"category/6.png\",\"createBy\":\"admin\",\"createId\":1,\"createTime\":\"2024-10-24T14:56:00.126+08:00\",\"id\":65,\"money\":10000000000,\"params\":{},\"remark\":\"\",\"type\":1,\"userId\":1,\"userName\":\"admin\"}','{\"code\":200,\"data\":true,\"msg\":\"操作成功\"}',0,NULL,'2024-10-24 06:56:00',6),(308,'账本明细',3,'com.jcwl.admin.book.controller.BookMoneyController.remove()','DELETE',1,'admin','北京总公司','/book/money/65','10.10.10.120','内网IP','{}','{\"code\":200,\"data\":true,\"msg\":\"操作成功\"}',0,NULL,'2024-10-24 06:56:18',6),(309,'账本明细',1,'com.jcwl.admin.book.controller.BookMoneyController.add()','POST',1,'admin','北京总公司','/book/money','127.0.0.1','内网IP','{\"bookId\":1,\"bookTime\":\"2024-10-24 03:02:28\",\"categoryId\":17,\"categoryName\":\"早餐\",\"categoryUrl\":\"category/8.png\",\"createBy\":\"admin\",\"createId\":1,\"createTime\":\"2024-10-24T15:05:07.476+08:00\",\"id\":66,\"money\":800,\"params\":{},\"remark\":\"\",\"type\":1,\"userId\":1,\"userName\":\"admin\"}','{\"code\":200,\"data\":true,\"msg\":\"操作成功\"}',0,NULL,'2024-10-24 07:05:07',8),(310,'代码生成',6,'com.jcwl.generator.controller.GenController.importTableSave()','POST',1,'admin','北京总公司','/tool/gen/importTable','127.0.0.1','内网IP','{\"tables\":\"account_base,book_account\"}','{\"msg\":\"操作成功\",\"code\":200}',0,NULL,'2024-10-24 07:30:13',73),(311,'代码生成',8,'com.jcwl.generator.controller.GenController.batchGenCode()','GET',1,'admin','北京总公司','/tool/gen/batchGenCode','127.0.0.1','内网IP','{\"tables\":\"book_account,account_base\"}',NULL,0,NULL,'2024-10-24 07:32:54',198),(312,'角色管理',2,'com.jcwl.admin.system.controller.system.SysRoleController.edit()','PUT',1,'admin','北京总公司','/system/role','127.0.0.1','内网IP','{\"admin\":false,\"createTime\":\"2024-05-10 09:01:22\",\"dataScope\":\"2\",\"delFlag\":\"0\",\"deptCheckStrictly\":true,\"flag\":false,\"menuCheckStrictly\":true,\"menuIds\":[2000,2001,2002,2003,2004,2005,2006,2007,2008,2009,2010,2011,2012,2013,2014,2015,2016,2017,2018,2019,2020,2021,2022,2023,2024,2025,2026,2027,2028,2029,2030,2031,2032,2033,2034,2035,2036,2037,2038,2039,2040,2041,2042,1,100,1000,1001,1002,1003,1004,1005,1006,101,1007,1008,1009,1010,1011,102,1012,1013,1014,1015,103,1016,1017,1018,1019,104,1020,1021,1022,1023,1024,105,1025,1026,1027,1028,1029,106,1030,1031,1032,1033,1034,107,1035,1036,1037,1038,108,500,1039,1040,1041,501,1042,1043,1044,1045,2,109,1046,1047,1048,110,1049,1050,1051,1052,1053,1054,111,112,113,114,3,115,116,1055,1056,1057,1058,1059,1060,117,4],\"params\":{},\"remark\":\"普通角色\",\"roleId\":2,\"roleKey\":\"common\",\"roleName\":\"普通角色\",\"roleSort\":2,\"status\":\"0\",\"updateBy\":\"admin\"}','{\"msg\":\"操作成功\",\"code\":200}',0,NULL,'2024-10-24 07:34:16',18),(313,'代码生成',8,'com.jcwl.generator.controller.GenController.batchGenCode()','GET',1,'admin','北京总公司','/tool/gen/batchGenCode','127.0.0.1','内网IP','{\"tables\":\"book_account,account_base\"}',NULL,0,NULL,'2024-10-24 07:36:35',187),(314,'账本明细',1,'com.jcwl.admin.book.controller.BookMoneyController.add()','POST',1,'admin','北京总公司','/book/money','10.10.10.120','内网IP','{\"bookId\":4,\"categoryId\":70,\"categoryName\":\"好医保\",\"categoryUrl\":\"category/9.png\",\"createBy\":\"admin\",\"createId\":1,\"createTime\":\"2024-10-24T15:46:49.38+08:00\",\"detailImg\":\"\",\"id\":67,\"money\":40000,\"params\":{},\"remark\":\"\",\"type\":1,\"userId\":4,\"userName\":\"若依\"}','{\"code\":200,\"data\":true,\"msg\":\"操作成功\"}',0,NULL,'2024-10-24 07:46:49',10),(315,'代码生成',2,'com.jcwl.generator.controller.GenController.synchDb()','GET',1,'admin','北京总公司','/tool/gen/synchDb/book_account','127.0.0.1','内网IP','{}','{\"msg\":\"操作成功\",\"code\":200}',0,NULL,'2024-10-24 07:54:37',108),(316,'账本明细',1,'com.jcwl.admin.book.controller.BookMoneyController.add()','POST',1,'admin','北京总公司','/book/money','10.10.10.120','内网IP','{\"bookId\":25,\"bookTime\":\"2024-10-24 03:54:24\",\"categoryId\":70,\"categoryName\":\"好医保\",\"categoryUrl\":\"category/6.png\",\"createBy\":\"admin\",\"createId\":1,\"createTime\":\"2024-10-24T15:55:55.443+08:00\",\"detailImg\":\"2024/10/24/1_20241024155543A001.png\",\"id\":68,\"money\":40000,\"params\":{},\"remark\":\"\",\"type\":1,\"userId\":32,\"userName\":\"若依\"}','{\"code\":200,\"data\":true,\"msg\":\"操作成功\"}',0,NULL,'2024-10-24 07:55:55',74),(317,'账本',1,'com.jcwl.admin.book.controller.BookController.add()','POST',1,'admin','研发部门','/book/book','127.0.0.1','内网IP','{\"bookAvatar\":\"\",\"bookName\":\"acc\",\"createBy\":\"admin\",\"createId\":1,\"createTime\":\"2024-10-24T15:56:02.228+08:00\",\"id\":27,\"params\":{},\"userId\":1}','{\"code\":200,\"data\":true,\"msg\":\"操作成功\"}',0,NULL,'2024-10-24 07:56:02',79),(318,'代码生成',2,'com.jcwl.generator.controller.GenController.synchDb()','GET',1,'admin','北京总公司','/tool/gen/synchDb/book_money','127.0.0.1','内网IP','{}','{\"msg\":\"操作成功\",\"code\":200}',0,NULL,'2024-10-24 08:19:35',176),(319,'代码生成',2,'com.jcwl.generator.controller.GenController.synchDb()','GET',1,'admin','北京总公司','/tool/gen/synchDb/book_money','127.0.0.1','内网IP','{}','{\"msg\":\"操作成功\",\"code\":200}',0,NULL,'2024-10-24 08:21:26',60),(320,'代码生成',2,'com.jcwl.generator.controller.GenController.synchDb()','GET',1,'admin','北京总公司','/tool/gen/synchDb/book_money','127.0.0.1','内网IP','{}','{\"msg\":\"操作成功\",\"code\":200}',0,NULL,'2024-10-24 08:21:46',64),(321,'账本明细',1,'com.jcwl.admin.book.controller.BookMoneyController.add()','POST',1,'admin','北京总公司','/book/money','127.0.0.1','内网IP','{\"bookId\":25,\"bookTime\":\"2024-10-24 05:08:51\",\"categoryId\":76,\"categoryName\":\"手续利息\",\"categoryUrl\":\"category/6.png\",\"createBy\":\"admin\",\"createId\":1,\"createTime\":\"2024-10-24T17:09:08.661+08:00\",\"detailImg\":\"\",\"id\":69,\"money\":8800,\"params\":{},\"remark\":\"\",\"type\":1,\"userId\":32,\"userName\":\"若依\"}',NULL,1,'账户不存在！','2024-10-24 09:09:08',78),(322,'账本明细',1,'com.jcwl.admin.book.controller.BookMoneyController.add()','POST',1,'admin','北京总公司','/book/money','127.0.0.1','内网IP','{\"bookId\":25,\"bookTime\":\"2024-10-24 05:09:49\",\"categoryId\":76,\"categoryName\":\"手续利息\",\"categoryUrl\":\"category/6.png\",\"createBy\":\"admin\",\"createId\":1,\"createTime\":\"2024-10-24T17:09:55.62+08:00\",\"detailImg\":\"\",\"id\":70,\"money\":8800,\"params\":{},\"remark\":\"\",\"type\":1,\"userId\":32,\"userName\":\"若依\"}',NULL,1,'账户不存在！','2024-10-24 09:09:55',9),(323,'账本明细',1,'com.jcwl.admin.book.controller.BookMoneyController.add()','POST',1,'admin','北京总公司','/book/money','127.0.0.1','内网IP','{\"bookId\":25,\"bookTime\":\"2024-10-24 05:10:34\",\"categoryId\":76,\"categoryName\":\"手续利息\",\"categoryUrl\":\"category/6.png\",\"createBy\":\"admin\",\"createId\":1,\"createTime\":\"2024-10-24T17:10:37.001+08:00\",\"detailImg\":\"\",\"id\":71,\"money\":8800,\"params\":{},\"remark\":\"\",\"type\":1,\"userId\":32,\"userName\":\"若依\"}',NULL,1,'账户不存在！','2024-10-24 09:10:37',9),(324,'账本明细',1,'com.jcwl.admin.book.controller.BookMoneyController.add()','POST',1,'admin','北京总公司','/book/money','10.10.10.120','内网IP','{\"accountName\":\"微信钱包\",\"accountUrl\":\"category/7.png\",\"bookId\":25,\"bookTime\":\"2024-10-24 05:42:23\",\"categoryId\":76,\"categoryName\":\"手续利息\",\"categoryUrl\":\"category/6.png\",\"createBy\":\"admin\",\"createId\":1,\"createTime\":\"2024-10-24T17:42:38.421+08:00\",\"detailImg\":\"\",\"id\":72,\"money\":8800,\"params\":{},\"remark\":\"88\",\"type\":1,\"userId\":32,\"userName\":\"若依\"}',NULL,1,'账户不存在！','2024-10-24 09:42:38',8),(325,'账本明细',1,'com.jcwl.admin.book.controller.BookMoneyController.add()','POST',1,'admin','北京总公司','/book/money','10.10.10.120','内网IP','{\"accountId\":7,\"accountName\":\"微信钱包\",\"accountUrl\":\"category/7.png\",\"bookId\":25,\"bookTime\":\"2024-10-24 05:44:32\",\"categoryId\":76,\"categoryName\":\"手续利息\",\"categoryUrl\":\"category/6.png\",\"createBy\":\"admin\",\"createId\":1,\"createTime\":\"2024-10-24T17:44:45.341+08:00\",\"detailImg\":\"\",\"id\":73,\"money\":8800,\"params\":{},\"remark\":\"88\",\"type\":1,\"userId\":32,\"userName\":\"若依\"}','{\"code\":200,\"data\":true,\"msg\":\"操作成功\"}',0,NULL,'2024-10-24 09:44:45',80),(326,'账本',2,'com.jcwl.admin.book.controller.BookController.edit()','PUT',1,'admin','北京总公司','/book/book','10.10.10.121','内网IP','{\"bookAvatar\":\"2024/10/24/b_20241024174715A002.png\",\"bookName\":\"其他\",\"createTime\":\"2024-10-23 16:53:39\",\"defaultBook\":1,\"delFlag\":\"0\",\"id\":25,\"params\":{},\"updateBy\":\"admin\",\"updateId\":1,\"updateTime\":\"2024-10-24T17:47:16.245+08:00\",\"userAudit\":0,\"userId\":1}','{\"code\":200,\"data\":true,\"msg\":\"操作成功\"}',0,NULL,'2024-10-24 09:47:16',8),(327,'账本',2,'com.jcwl.admin.book.controller.BookController.edit()','PUT',1,'admin','北京总公司','/book/book','10.10.10.121','内网IP','{\"bookAvatar\":\"2024/10/24/水_20241024174726A003.png\",\"bookName\":\"其他\",\"createTime\":\"2024-10-23 16:53:39\",\"defaultBook\":1,\"delFlag\":\"0\",\"id\":25,\"params\":{},\"updateBy\":\"admin\",\"updateId\":1,\"updateTime\":\"2024-10-24T17:47:26.837+08:00\",\"userAudit\":0,\"userId\":1}','{\"code\":200,\"data\":true,\"msg\":\"操作成功\"}',0,NULL,'2024-10-24 09:47:26',6),(328,'分类',1,'com.jcwl.admin.category.controller.CategoryController.add()','POST',1,'admin','北京总公司','/category/category','10.10.10.120','内网IP','{\"bookId\":25,\"children\":[],\"createBy\":\"admin\",\"createId\":1,\"createTime\":\"2024-10-24T17:48:11.307+08:00\",\"id\":1650,\"name\":\"分类1\",\"params\":{},\"parentId\":12}','{\"code\":200,\"data\":true,\"msg\":\"操作成功\"}',0,NULL,'2024-10-24 09:48:11',8),(329,'分类',1,'com.jcwl.admin.category.controller.CategoryController.add()','POST',1,'admin','北京总公司','/category/category','10.10.10.120','内网IP','{\"bookId\":25,\"children\":[],\"createBy\":\"admin\",\"createId\":1,\"createTime\":\"2024-10-24T17:50:13.189+08:00\",\"id\":1651,\"name\":\"分类1\",\"params\":{},\"parentId\":12}','{\"code\":200,\"data\":true,\"msg\":\"操作成功\"}',0,NULL,'2024-10-24 09:50:13',5),(330,'分类',1,'com.jcwl.admin.category.controller.CategoryController.add()','POST',1,'admin','北京总公司','/category/category','10.10.10.120','内网IP','{\"bookId\":25,\"categoryUrl\":\"2024/10/24/1_20241024175447A007.png\",\"children\":[],\"createBy\":\"admin\",\"createId\":1,\"createTime\":\"2024-10-24T17:54:54.56+08:00\",\"id\":1652,\"name\":\"分类1\",\"params\":{},\"parentId\":12,\"type\":1}','{\"code\":200,\"data\":true,\"msg\":\"操作成功\"}',0,NULL,'2024-10-24 09:54:54',5),(331,'账本明细',1,'com.jcwl.admin.book.controller.BookMoneyController.add()','POST',1,'admin','北京总公司','/book/money','127.0.0.1','内网IP','{\"accountId\":7,\"accountName\":\"微信钱包\",\"accountUrl\":\"category/7.png\",\"bookId\":25,\"bookTime\":\"2024-10-24 05:55:57\",\"categoryName\":\"分类1\",\"categoryUrl\":\"2024/10/24/1_20241024175447A007.png\",\"createBy\":\"admin\",\"createId\":1,\"createTime\":\"2024-10-24T17:56:16.989+08:00\",\"detailImg\":\"\",\"id\":74,\"money\":0,\"params\":{},\"remark\":\"\",\"type\":1,\"userId\":32,\"userName\":\"若依\"}','{\"code\":200,\"data\":true,\"msg\":\"操作成功\"}',0,NULL,'2024-10-24 09:56:17',13),(332,'代码生成',2,'com.jcwl.generator.controller.GenController.synchDb()','GET',1,'admin','北京总公司','/tool/gen/synchDb/book_money','127.0.0.1','内网IP','{}','{\"msg\":\"操作成功\",\"code\":200}',0,NULL,'2024-10-24 10:19:20',103),(333,'账本明细',1,'com.jcwl.admin.book.controller.BookMoneyController.add()','POST',1,'admin','研发部门','/book/money','127.0.0.1','内网IP','{\"accountId\":6,\"accountName\":\"支付宝余额\",\"accountUrl\":\"category/8.png\",\"bookId\":25,\"bookTime\":\"2024-10-24 06:25:05\",\"categoryId\":84,\"categoryName\":\"其他支出\",\"categoryUrl\":\"2024/10/24/1_20241024175447A007.png\",\"createBy\":\"admin\",\"createId\":1,\"createTime\":\"2024-10-24T18:25:25.153+08:00\",\"detailImg\":\"\",\"id\":75,\"money\":5500,\"nickName\":\"若依\",\"params\":{},\"remark\":\"55\",\"type\":1,\"userId\":32,\"userName\":\"若依\"}','{\"code\":200,\"data\":true,\"msg\":\"操作成功\"}',0,NULL,'2024-10-24 10:25:25',125),(334,'账本明细',1,'com.jcwl.admin.book.controller.BookMoneyController.add()','POST',1,'admin','北京总公司','/book/money','10.10.10.120','内网IP','{\"accountId\":7,\"accountName\":\"微信钱包\",\"accountUrl\":\"category/7.png\",\"bookId\":25,\"bookTime\":\"2024-10-25 09:12:10\",\"categoryId\":84,\"categoryName\":\"其他支出\",\"categoryUrl\":\"2024/10/24/1_20241024175447A007.png\",\"createBy\":\"admin\",\"createId\":1,\"createTime\":\"2024-10-25T09:12:34.759+08:00\",\"detailImg\":\"\",\"id\":76,\"money\":8500,\"nickName\":\"若依\",\"params\":{},\"remark\":\"\",\"type\":1,\"userId\":32,\"userName\":\"admin\"}','{\"code\":200,\"data\":true,\"msg\":\"操作成功\"}',0,NULL,'2024-10-25 01:12:34',20),(335,'代码生成',2,'com.jcwl.generator.controller.GenController.synchDb()','GET',1,'admin','北京总公司','/tool/gen/synchDb/account_base','127.0.0.1','内网IP','{}','{\"msg\":\"操作成功\",\"code\":200}',0,NULL,'2024-10-25 01:17:50',80),(336,'代码生成',2,'com.jcwl.generator.controller.GenController.synchDb()','GET',1,'admin','北京总公司','/tool/gen/synchDb/book_account','127.0.0.1','内网IP','{}','{\"msg\":\"操作成功\",\"code\":200}',0,NULL,'2024-10-25 01:17:52',39),(337,'代码生成',2,'com.jcwl.generator.controller.GenController.synchDb()','GET',1,'admin','北京总公司','/tool/gen/synchDb/category','127.0.0.1','内网IP','{}',NULL,1,'同步数据失败，原表结构不存在','2024-10-25 01:17:54',8),(338,'代码生成',2,'com.jcwl.generator.controller.GenController.synchDb()','GET',1,'admin','北京总公司','/tool/gen/synchDb/category_base','127.0.0.1','内网IP','{}','{\"msg\":\"操作成功\",\"code\":200}',0,NULL,'2024-10-25 01:17:56',35),(339,'代码生成',2,'com.jcwl.generator.controller.GenController.synchDb()','GET',1,'admin','北京总公司','/tool/gen/synchDb/sys_user_open','127.0.0.1','内网IP','{}','{\"msg\":\"操作成功\",\"code\":200}',0,NULL,'2024-10-25 01:17:59',12),(340,'代码生成',2,'com.jcwl.generator.controller.GenController.synchDb()','GET',1,'admin','北京总公司','/tool/gen/synchDb/book_user','127.0.0.1','内网IP','{}','{\"msg\":\"操作成功\",\"code\":200}',0,NULL,'2024-10-25 01:18:02',44),(341,'代码生成',2,'com.jcwl.generator.controller.GenController.editSave()','PUT',1,'admin','北京总公司','/tool/gen','127.0.0.1','内网IP','{\"businessName\":\"category\",\"className\":\"Category\",\"columns\":[{\"capJavaField\":\"Id\",\"columnComment\":\"分类唯一标识\",\"columnId\":80,\"columnName\":\"id\",\"columnType\":\"bigint\",\"createBy\":\"admin\",\"createTime\":\"2024-10-16 08:07:25\",\"dictType\":\"\",\"edit\":false,\"htmlType\":\"input\",\"increment\":true,\"insert\":true,\"isIncrement\":\"1\",\"isInsert\":\"1\",\"isPk\":\"1\",\"javaField\":\"id\",\"javaType\":\"Long\",\"list\":false,\"params\":{},\"pk\":true,\"query\":false,\"queryType\":\"EQ\",\"required\":false,\"sort\":1,\"superColumn\":false,\"tableId\":7,\"updateBy\":\"\",\"updateTime\":\"2024-10-24 01:50:16\",\"usableColumn\":false},{\"capJavaField\":\"CategoryBaseId\",\"columnComment\":\"基础分类唯一标识\",\"columnId\":121,\"columnName\":\"category_base_id\",\"columnType\":\"bigint\",\"createBy\":\"\",\"createTime\":\"2024-10-18 10:38:46\",\"dictType\":\"\",\"edit\":true,\"htmlType\":\"input\",\"increment\":false,\"insert\":true,\"isEdit\":\"1\",\"isIncrement\":\"0\",\"isInsert\":\"1\",\"isList\":\"1\",\"isPk\":\"0\",\"isQuery\":\"1\",\"javaField\":\"categoryBaseId\",\"javaType\":\"Long\",\"list\":true,\"params\":{},\"pk\":false,\"query\":true,\"queryType\":\"EQ\",\"required\":false,\"sort\":2,\"superColumn\":false,\"tableId\":7,\"updateBy\":\"\",\"updateTime\":\"2024-10-24 01:50:16\",\"usableColumn\":false},{\"capJavaField\":\"ParentId\",\"columnComment\":\"父级节点唯一标识\",\"columnId\":81,\"columnName\":\"parent_id\",\"columnType\":\"bigint\",\"createBy\":\"admin\",\"createTime\":\"2024-10-16 08:07:25\",\"dictType\":\"\",\"edit\":true,\"htmlType\":\"input\",\"increment\":false,\"insert\":true,\"isEdit\":\"1\",\"isIncrement\":\"0\",\"isInsert\":\"1\",\"isList\":\"1\",\"isPk\":\"0\",\"isQuery\":\"1\",\"javaField\":\"parentId\",\"javaType\":\"Long\",\"list\":true,\"params\":{},\"pk\":false,\"query\":true,\"queryType\":\"EQ\",\"required\":false,\"sort\":3,\"superColumn\":true,\"tableId\":7,\"updateBy\":\"\",\"updateTime\":\"2024-10-24 01:50:16\",\"usableColumn\":true},{\"capJavaField\":\"Name\",\"columnComment\":\"类型名称\",\"columnId\":82,\"columnName\":\"name\",\"columnType\":\"varchar(100)\",\"createBy\":\"admin\",\"createTime\":\"2024-10-16 08:07:25\",\"dictType\":\"\",\"edit\":true,\"htmlType\":\"input\",\"increment\":false,\"insert\":true,\"isEdit\":\"1\",\"isIncrement\":\"0\",\"isInsert\":\"1\",\"isLis','{\"msg\":\"操作成功\",\"code\":200}',0,NULL,'2024-10-25 01:18:19',35),(342,'代码生成',2,'com.jcwl.generator.controller.GenController.synchDb()','GET',1,'admin','北京总公司','/tool/gen/synchDb/book_category','127.0.0.1','内网IP','{}','{\"msg\":\"操作成功\",\"code\":200}',0,NULL,'2024-10-25 01:18:24',34),(343,'代码生成',2,'com.jcwl.generator.controller.GenController.synchDb()','GET',1,'admin','北京总公司','/tool/gen/synchDb/book_money','127.0.0.1','内网IP','{}','{\"msg\":\"操作成功\",\"code\":200}',0,NULL,'2024-10-25 01:18:28',52),(344,'代码生成',2,'com.jcwl.generator.controller.GenController.synchDb()','GET',1,'admin','北京总公司','/tool/gen/synchDb/book_user','127.0.0.1','内网IP','{}','{\"msg\":\"操作成功\",\"code\":200}',0,NULL,'2024-10-25 01:18:30',42),(345,'代码生成',2,'com.jcwl.generator.controller.GenController.synchDb()','GET',1,'admin','北京总公司','/tool/gen/synchDb/book','127.0.0.1','内网IP','{}','{\"msg\":\"操作成功\",\"code\":200}',0,NULL,'2024-10-25 01:18:32',34),(346,'代码生成',8,'com.jcwl.generator.controller.GenController.batchGenCode()','GET',1,'admin','北京总公司','/tool/gen/batchGenCode','127.0.0.1','内网IP','{\"tables\":\"book_money,book_user,book,category_base,book_category,book_account,account_base\"}',NULL,0,NULL,'2024-10-25 01:18:48',318),(347,'代码生成',8,'com.jcwl.generator.controller.GenController.batchGenCode()','GET',1,'admin','北京总公司','/tool/gen/batchGenCode','127.0.0.1','内网IP','{\"tables\":\"book_money,book_user,book,book_category,category_base,book_account,account_base\"}',NULL,0,NULL,'2024-10-25 01:19:59',385),(348,'代码生成',2,'com.jcwl.generator.controller.GenController.editSave()','PUT',1,'admin','北京总公司','/tool/gen','127.0.0.1','内网IP','{\"businessName\":\"base\",\"className\":\"AccountBase\",\"columns\":[{\"capJavaField\":\"AccountBaseId\",\"columnComment\":\"基础账户唯一标识\",\"columnId\":124,\"columnName\":\"account_base_id\",\"columnType\":\"bigint\",\"createBy\":\"admin\",\"createTime\":\"2024-10-24 07:30:13\",\"dictType\":\"\",\"edit\":false,\"htmlType\":\"input\",\"increment\":true,\"insert\":true,\"isIncrement\":\"1\",\"isInsert\":\"1\",\"isPk\":\"1\",\"javaField\":\"accountBaseId\",\"javaType\":\"Long\",\"list\":false,\"params\":{},\"pk\":true,\"query\":false,\"queryType\":\"EQ\",\"required\":false,\"sort\":1,\"superColumn\":false,\"tableId\":10,\"updateBy\":\"\",\"updateTime\":\"2024-10-25 01:17:50\",\"usableColumn\":false},{\"capJavaField\":\"ParentId\",\"columnComment\":\"父级节点唯一标识\",\"columnId\":125,\"columnName\":\"parent_id\",\"columnType\":\"bigint\",\"createBy\":\"admin\",\"createTime\":\"2024-10-24 07:30:13\",\"dictType\":\"\",\"edit\":true,\"htmlType\":\"input\",\"increment\":false,\"insert\":true,\"isEdit\":\"1\",\"isIncrement\":\"0\",\"isInsert\":\"1\",\"isList\":\"1\",\"isPk\":\"0\",\"isQuery\":\"1\",\"javaField\":\"parentId\",\"javaType\":\"Long\",\"list\":true,\"params\":{},\"pk\":false,\"query\":true,\"queryType\":\"EQ\",\"required\":false,\"sort\":2,\"superColumn\":true,\"tableId\":10,\"updateBy\":\"\",\"updateTime\":\"2024-10-25 01:17:50\",\"usableColumn\":true},{\"capJavaField\":\"Name\",\"columnComment\":\"账户名称\",\"columnId\":126,\"columnName\":\"name\",\"columnType\":\"varchar(100)\",\"createBy\":\"admin\",\"createTime\":\"2024-10-24 07:30:13\",\"dictType\":\"\",\"edit\":true,\"htmlType\":\"input\",\"increment\":false,\"insert\":true,\"isEdit\":\"1\",\"isIncrement\":\"0\",\"isInsert\":\"1\",\"isList\":\"1\",\"isPk\":\"0\",\"isQuery\":\"1\",\"javaField\":\"name\",\"javaType\":\"String\",\"list\":true,\"params\":{},\"pk\":false,\"query\":true,\"queryType\":\"LIKE\",\"required\":false,\"sort\":3,\"superColumn\":false,\"tableId\":10,\"updateBy\":\"\",\"updateTime\":\"2024-10-25 01:17:50\",\"usableColumn\":false},{\"capJavaField\":\"Code\",\"columnComment\":\"账户编码\",\"columnId\":127,\"columnName\":\"code\",\"columnType\":\"varchar(100)\",\"createBy\":\"admin\",\"createTime\":\"2024-10-24 07:30:13\",\"dictType\":\"\",\"edit\":true,\"htmlType\":\"input\",\"increment\":false,\"insert\":true,\"isEdit\":\"1\",\"isIncrement\":\"0\",','{\"msg\":\"操作成功\",\"code\":200}',0,NULL,'2024-10-25 01:22:30',25),(349,'代码生成',2,'com.jcwl.generator.controller.GenController.editSave()','PUT',1,'admin','北京总公司','/tool/gen','127.0.0.1','内网IP','{\"businessName\":\"account\",\"className\":\"Account\",\"columns\":[{\"capJavaField\":\"Id\",\"columnComment\":\"账户唯一标识\",\"columnId\":138,\"columnName\":\"id\",\"columnType\":\"bigint\",\"createBy\":\"admin\",\"createTime\":\"2024-10-24 07:30:13\",\"dictType\":\"\",\"edit\":false,\"htmlType\":\"input\",\"increment\":true,\"insert\":true,\"isIncrement\":\"1\",\"isInsert\":\"1\",\"isPk\":\"1\",\"javaField\":\"id\",\"javaType\":\"Long\",\"list\":false,\"params\":{},\"pk\":true,\"query\":false,\"queryType\":\"EQ\",\"required\":false,\"sort\":1,\"superColumn\":false,\"tableId\":11,\"updateBy\":\"\",\"updateTime\":\"2024-10-25 01:17:52\",\"usableColumn\":false},{\"capJavaField\":\"AccountBaseId\",\"columnComment\":\"基础账户唯一标识\",\"columnId\":139,\"columnName\":\"account_base_id\",\"columnType\":\"bigint\",\"createBy\":\"admin\",\"createTime\":\"2024-10-24 07:30:13\",\"dictType\":\"\",\"edit\":true,\"htmlType\":\"input\",\"increment\":false,\"insert\":true,\"isEdit\":\"1\",\"isIncrement\":\"0\",\"isInsert\":\"1\",\"isList\":\"1\",\"isPk\":\"0\",\"isQuery\":\"1\",\"javaField\":\"accountBaseId\",\"javaType\":\"Long\",\"list\":true,\"params\":{},\"pk\":false,\"query\":true,\"queryType\":\"EQ\",\"required\":false,\"sort\":2,\"superColumn\":false,\"tableId\":11,\"updateBy\":\"\",\"updateTime\":\"2024-10-25 01:17:52\",\"usableColumn\":false},{\"capJavaField\":\"ParentId\",\"columnComment\":\"父级节点唯一标识\",\"columnId\":140,\"columnName\":\"parent_id\",\"columnType\":\"bigint\",\"createBy\":\"admin\",\"createTime\":\"2024-10-24 07:30:13\",\"dictType\":\"\",\"edit\":true,\"htmlType\":\"input\",\"increment\":false,\"insert\":true,\"isEdit\":\"1\",\"isIncrement\":\"0\",\"isInsert\":\"1\",\"isList\":\"1\",\"isPk\":\"0\",\"isQuery\":\"1\",\"javaField\":\"parentId\",\"javaType\":\"Long\",\"list\":true,\"params\":{},\"pk\":false,\"query\":true,\"queryType\":\"EQ\",\"required\":false,\"sort\":3,\"superColumn\":true,\"tableId\":11,\"updateBy\":\"\",\"updateTime\":\"2024-10-25 01:17:52\",\"usableColumn\":true},{\"capJavaField\":\"Name\",\"columnComment\":\"账户名称\",\"columnId\":141,\"columnName\":\"name\",\"columnType\":\"varchar(100)\",\"createBy\":\"admin\",\"createTime\":\"2024-10-24 07:30:13\",\"dictType\":\"\",\"edit\":true,\"htmlType\":\"input\",\"increment\":false,\"insert\":true,\"isEdit\":\"1\",\"isIncrement\":\"0\",\"isInsert\":\"1\",','{\"msg\":\"操作成功\",\"code\":200}',0,NULL,'2024-10-25 01:23:06',31),(350,'代码生成',2,'com.jcwl.generator.controller.GenController.editSave()','PUT',1,'admin','北京总公司','/tool/gen','127.0.0.1','内网IP','{\"businessName\":\"category\",\"className\":\"Category\",\"columns\":[{\"capJavaField\":\"Id\",\"columnComment\":\"分类唯一标识\",\"columnId\":80,\"columnName\":\"id\",\"columnType\":\"bigint\",\"createBy\":\"admin\",\"createTime\":\"2024-10-16 08:07:25\",\"dictType\":\"\",\"edit\":false,\"htmlType\":\"input\",\"increment\":true,\"insert\":true,\"isIncrement\":\"1\",\"isInsert\":\"1\",\"isPk\":\"1\",\"javaField\":\"id\",\"javaType\":\"Long\",\"list\":false,\"params\":{},\"pk\":true,\"query\":false,\"queryType\":\"EQ\",\"required\":false,\"sort\":1,\"superColumn\":false,\"tableId\":7,\"updateBy\":\"\",\"updateTime\":\"2024-10-25 01:18:24\",\"usableColumn\":false},{\"capJavaField\":\"CategoryBaseId\",\"columnComment\":\"基础分类唯一标识\",\"columnId\":121,\"columnName\":\"category_base_id\",\"columnType\":\"bigint\",\"createBy\":\"\",\"createTime\":\"2024-10-18 10:38:46\",\"dictType\":\"\",\"edit\":true,\"htmlType\":\"input\",\"increment\":false,\"insert\":true,\"isEdit\":\"1\",\"isIncrement\":\"0\",\"isInsert\":\"1\",\"isList\":\"1\",\"isPk\":\"0\",\"isQuery\":\"1\",\"javaField\":\"categoryBaseId\",\"javaType\":\"Long\",\"list\":true,\"params\":{},\"pk\":false,\"query\":true,\"queryType\":\"EQ\",\"required\":false,\"sort\":2,\"superColumn\":false,\"tableId\":7,\"updateBy\":\"\",\"updateTime\":\"2024-10-25 01:18:24\",\"usableColumn\":false},{\"capJavaField\":\"ParentId\",\"columnComment\":\"父级节点唯一标识\",\"columnId\":81,\"columnName\":\"parent_id\",\"columnType\":\"bigint\",\"createBy\":\"admin\",\"createTime\":\"2024-10-16 08:07:25\",\"dictType\":\"\",\"edit\":true,\"htmlType\":\"input\",\"increment\":false,\"insert\":true,\"isEdit\":\"1\",\"isIncrement\":\"0\",\"isInsert\":\"1\",\"isList\":\"1\",\"isPk\":\"0\",\"isQuery\":\"1\",\"javaField\":\"parentId\",\"javaType\":\"Long\",\"list\":true,\"params\":{},\"pk\":false,\"query\":true,\"queryType\":\"EQ\",\"required\":false,\"sort\":3,\"superColumn\":true,\"tableId\":7,\"updateBy\":\"\",\"updateTime\":\"2024-10-25 01:18:24\",\"usableColumn\":true},{\"capJavaField\":\"Name\",\"columnComment\":\"类型名称\",\"columnId\":82,\"columnName\":\"name\",\"columnType\":\"varchar(100)\",\"createBy\":\"admin\",\"createTime\":\"2024-10-16 08:07:25\",\"dictType\":\"\",\"edit\":true,\"htmlType\":\"input\",\"increment\":false,\"insert\":true,\"isEdit\":\"1\",\"isIncrement\":\"0\",\"isInsert\":\"1\",\"isLis','{\"msg\":\"操作成功\",\"code\":200}',0,NULL,'2024-10-25 01:23:14',29),(351,'代码生成',2,'com.jcwl.generator.controller.GenController.editSave()','PUT',1,'admin','北京总公司','/tool/gen','127.0.0.1','内网IP','{\"businessName\":\"base\",\"className\":\"CategoryBase\",\"columns\":[{\"capJavaField\":\"CategoryBaseId\",\"columnComment\":\"基础分类唯一标识\",\"columnId\":120,\"columnName\":\"category_base_id\",\"columnType\":\"bigint\",\"createBy\":\"\",\"createTime\":\"2024-10-18 10:38:43\",\"dictType\":\"\",\"edit\":false,\"htmlType\":\"input\",\"increment\":true,\"insert\":true,\"isIncrement\":\"1\",\"isInsert\":\"1\",\"isPk\":\"1\",\"javaField\":\"categoryBaseId\",\"javaType\":\"Long\",\"list\":false,\"params\":{},\"pk\":true,\"query\":false,\"queryType\":\"EQ\",\"required\":false,\"sort\":1,\"superColumn\":false,\"tableId\":8,\"updateBy\":\"\",\"updateTime\":\"2024-10-25 01:17:56\",\"usableColumn\":false},{\"capJavaField\":\"ParentId\",\"columnComment\":\"父级节点唯一标识\",\"columnId\":97,\"columnName\":\"parent_id\",\"columnType\":\"bigint\",\"createBy\":\"admin\",\"createTime\":\"2024-10-16 08:07:25\",\"dictType\":\"\",\"edit\":true,\"htmlType\":\"input\",\"increment\":false,\"insert\":true,\"isEdit\":\"1\",\"isIncrement\":\"0\",\"isInsert\":\"1\",\"isList\":\"1\",\"isPk\":\"0\",\"isQuery\":\"1\",\"javaField\":\"parentId\",\"javaType\":\"Long\",\"list\":true,\"params\":{},\"pk\":false,\"query\":true,\"queryType\":\"EQ\",\"required\":false,\"sort\":2,\"superColumn\":true,\"tableId\":8,\"updateBy\":\"\",\"updateTime\":\"2024-10-25 01:17:56\",\"usableColumn\":true},{\"capJavaField\":\"Name\",\"columnComment\":\"类型名称\",\"columnId\":98,\"columnName\":\"name\",\"columnType\":\"varchar(100)\",\"createBy\":\"admin\",\"createTime\":\"2024-10-16 08:07:25\",\"dictType\":\"\",\"edit\":true,\"htmlType\":\"input\",\"increment\":false,\"insert\":true,\"isEdit\":\"1\",\"isIncrement\":\"0\",\"isInsert\":\"1\",\"isList\":\"1\",\"isPk\":\"0\",\"isQuery\":\"1\",\"javaField\":\"name\",\"javaType\":\"String\",\"list\":true,\"params\":{},\"pk\":false,\"query\":true,\"queryType\":\"LIKE\",\"required\":false,\"sort\":3,\"superColumn\":false,\"tableId\":8,\"updateBy\":\"\",\"updateTime\":\"2024-10-25 01:17:56\",\"usableColumn\":false},{\"capJavaField\":\"Code\",\"columnComment\":\"类型编码\",\"columnId\":99,\"columnName\":\"code\",\"columnType\":\"varchar(100)\",\"createBy\":\"admin\",\"createTime\":\"2024-10-16 08:07:25\",\"dictType\":\"\",\"edit\":true,\"htmlType\":\"input\",\"increment\":false,\"insert\":true,\"isEdit\":\"1\",\"isIncrement\":\"0\",\"isInse','{\"msg\":\"操作成功\",\"code\":200}',0,NULL,'2024-10-25 01:23:21',26),(352,'代码生成',2,'com.jcwl.generator.controller.GenController.editSave()','PUT',1,'admin','北京总公司','/tool/gen','127.0.0.1','内网IP','{\"businessName\":\"book\",\"className\":\"Book\",\"columns\":[{\"capJavaField\":\"Id\",\"columnComment\":\"唯一标识\",\"columnId\":36,\"columnName\":\"id\",\"columnType\":\"bigint\",\"createBy\":\"admin\",\"createTime\":\"2024-10-15 02:20:57\",\"dictType\":\"\",\"edit\":false,\"htmlType\":\"input\",\"increment\":true,\"insert\":true,\"isIncrement\":\"1\",\"isInsert\":\"1\",\"isPk\":\"1\",\"javaField\":\"id\",\"javaType\":\"Long\",\"list\":false,\"params\":{},\"pk\":true,\"query\":false,\"queryType\":\"EQ\",\"required\":false,\"sort\":1,\"superColumn\":false,\"tableId\":3,\"updateBy\":\"\",\"updateTime\":\"2024-10-25 01:18:32\",\"usableColumn\":false},{\"capJavaField\":\"UserId\",\"columnComment\":\"用户唯一标识\",\"columnId\":119,\"columnName\":\"user_id\",\"columnType\":\"bigint\",\"createBy\":\"\",\"createTime\":\"2024-10-18 03:22:53\",\"dictType\":\"\",\"edit\":true,\"htmlType\":\"input\",\"increment\":false,\"insert\":true,\"isEdit\":\"1\",\"isIncrement\":\"0\",\"isInsert\":\"1\",\"isList\":\"1\",\"isPk\":\"0\",\"isQuery\":\"1\",\"isRequired\":\"1\",\"javaField\":\"userId\",\"javaType\":\"Long\",\"list\":true,\"params\":{},\"pk\":false,\"query\":true,\"queryType\":\"EQ\",\"required\":true,\"sort\":2,\"superColumn\":false,\"tableId\":3,\"updateBy\":\"\",\"updateTime\":\"2024-10-25 01:18:32\",\"usableColumn\":false},{\"capJavaField\":\"BookName\",\"columnComment\":\"账本名称\",\"columnId\":37,\"columnName\":\"book_name\",\"columnType\":\"varchar(255)\",\"createBy\":\"admin\",\"createTime\":\"2024-10-15 02:20:57\",\"dictType\":\"\",\"edit\":true,\"htmlType\":\"input\",\"increment\":false,\"insert\":true,\"isEdit\":\"1\",\"isIncrement\":\"0\",\"isInsert\":\"1\",\"isList\":\"1\",\"isPk\":\"0\",\"isQuery\":\"1\",\"isRequired\":\"1\",\"javaField\":\"bookName\",\"javaType\":\"String\",\"list\":true,\"params\":{},\"pk\":false,\"query\":true,\"queryType\":\"LIKE\",\"required\":true,\"sort\":3,\"superColumn\":false,\"tableId\":3,\"updateBy\":\"\",\"updateTime\":\"2024-10-25 01:18:32\",\"usableColumn\":false},{\"capJavaField\":\"BookAvatar\",\"columnComment\":\"账本图片\",\"columnId\":38,\"columnName\":\"book_avatar\",\"columnType\":\"varchar(255)\",\"createBy\":\"admin\",\"createTime\":\"2024-10-15 02:20:57\",\"dictType\":\"\",\"edit\":true,\"htmlType\":\"input\",\"increment\":false,\"insert\":true,\"isEdit\":\"1\",\"isIncrement\":\"0\",\"isIn','{\"msg\":\"操作成功\",\"code\":200}',0,NULL,'2024-10-25 01:23:29',28),(353,'代码生成',2,'com.jcwl.generator.controller.GenController.editSave()','PUT',1,'admin','北京总公司','/tool/gen','127.0.0.1','内网IP','{\"businessName\":\"user\",\"className\":\"BookUser\",\"columns\":[{\"capJavaField\":\"Id\",\"columnComment\":\"唯一标识\",\"columnId\":53,\"columnName\":\"id\",\"columnType\":\"bigint\",\"createBy\":\"admin\",\"createTime\":\"2024-10-15 02:20:57\",\"dictType\":\"\",\"edit\":false,\"htmlType\":\"input\",\"increment\":true,\"insert\":true,\"isIncrement\":\"1\",\"isInsert\":\"1\",\"isPk\":\"1\",\"javaField\":\"id\",\"javaType\":\"Long\",\"list\":false,\"params\":{},\"pk\":true,\"query\":false,\"queryType\":\"EQ\",\"required\":false,\"sort\":1,\"superColumn\":false,\"tableId\":4,\"updateBy\":\"\",\"updateTime\":\"2024-10-25 01:18:30\",\"usableColumn\":false},{\"capJavaField\":\"BookId\",\"columnComment\":\"账本唯一标识\",\"columnId\":54,\"columnName\":\"book_id\",\"columnType\":\"bigint\",\"createBy\":\"admin\",\"createTime\":\"2024-10-15 02:20:57\",\"dictType\":\"\",\"edit\":true,\"htmlType\":\"input\",\"increment\":false,\"insert\":true,\"isEdit\":\"1\",\"isIncrement\":\"0\",\"isInsert\":\"1\",\"isList\":\"1\",\"isPk\":\"0\",\"isQuery\":\"1\",\"isRequired\":\"1\",\"javaField\":\"bookId\",\"javaType\":\"Long\",\"list\":true,\"params\":{},\"pk\":false,\"query\":true,\"queryType\":\"EQ\",\"required\":true,\"sort\":2,\"superColumn\":false,\"tableId\":4,\"updateBy\":\"\",\"updateTime\":\"2024-10-25 01:18:30\",\"usableColumn\":false},{\"capJavaField\":\"UserId\",\"columnComment\":\"用户唯一标识\",\"columnId\":55,\"columnName\":\"user_id\",\"columnType\":\"bigint\",\"createBy\":\"admin\",\"createTime\":\"2024-10-15 02:20:57\",\"dictType\":\"\",\"edit\":true,\"htmlType\":\"input\",\"increment\":false,\"insert\":true,\"isEdit\":\"1\",\"isIncrement\":\"0\",\"isInsert\":\"1\",\"isList\":\"1\",\"isPk\":\"0\",\"isQuery\":\"1\",\"isRequired\":\"1\",\"javaField\":\"userId\",\"javaType\":\"Long\",\"list\":true,\"params\":{},\"pk\":false,\"query\":true,\"queryType\":\"EQ\",\"required\":true,\"sort\":3,\"superColumn\":false,\"tableId\":4,\"updateBy\":\"\",\"updateTime\":\"2024-10-25 01:18:30\",\"usableColumn\":false},{\"capJavaField\":\"UserName\",\"columnComment\":\"用户账号\",\"columnId\":56,\"columnName\":\"user_name\",\"columnType\":\"varchar(255)\",\"createBy\":\"admin\",\"createTime\":\"2024-10-15 02:20:57\",\"dictType\":\"\",\"edit\":true,\"htmlType\":\"input\",\"increment\":false,\"insert\":true,\"isEdit\":\"1\",\"isIncrement\":\"0\",\"isInsert\":\"1\",','{\"msg\":\"操作成功\",\"code\":200}',0,NULL,'2024-10-25 01:23:35',33),(354,'代码生成',2,'com.jcwl.generator.controller.GenController.editSave()','PUT',1,'admin','北京总公司','/tool/gen','127.0.0.1','内网IP','{\"businessName\":\"money\",\"className\":\"BookMoney\",\"columns\":[{\"capJavaField\":\"Id\",\"columnComment\":\"唯一标识\",\"columnId\":11,\"columnName\":\"id\",\"columnType\":\"bigint\",\"createBy\":\"admin\",\"createTime\":\"2024-10-14 07:44:20\",\"dictType\":\"\",\"edit\":false,\"htmlType\":\"input\",\"increment\":true,\"insert\":true,\"isIncrement\":\"1\",\"isInsert\":\"1\",\"isPk\":\"1\",\"javaField\":\"id\",\"javaType\":\"Long\",\"list\":false,\"params\":{},\"pk\":true,\"query\":false,\"queryType\":\"EQ\",\"required\":false,\"sort\":1,\"superColumn\":false,\"tableId\":2,\"updateBy\":\"\",\"updateTime\":\"2024-10-25 01:18:28\",\"usableColumn\":false},{\"capJavaField\":\"BookId\",\"columnComment\":\"账本唯一标识\",\"columnId\":12,\"columnName\":\"book_id\",\"columnType\":\"bigint\",\"createBy\":\"admin\",\"createTime\":\"2024-10-14 07:44:20\",\"dictType\":\"\",\"edit\":true,\"htmlType\":\"input\",\"increment\":false,\"insert\":true,\"isEdit\":\"1\",\"isIncrement\":\"0\",\"isInsert\":\"1\",\"isList\":\"1\",\"isPk\":\"0\",\"isQuery\":\"1\",\"isRequired\":\"1\",\"javaField\":\"bookId\",\"javaType\":\"Long\",\"list\":true,\"params\":{},\"pk\":false,\"query\":true,\"queryType\":\"EQ\",\"required\":true,\"sort\":2,\"superColumn\":false,\"tableId\":2,\"updateBy\":\"\",\"updateTime\":\"2024-10-25 01:18:28\",\"usableColumn\":false},{\"capJavaField\":\"CategoryId\",\"columnComment\":\"分类唯一标识\",\"columnId\":13,\"columnName\":\"category_id\",\"columnType\":\"bigint\",\"createBy\":\"admin\",\"createTime\":\"2024-10-14 07:44:20\",\"dictType\":\"\",\"edit\":true,\"htmlType\":\"input\",\"increment\":false,\"insert\":true,\"isEdit\":\"1\",\"isIncrement\":\"0\",\"isInsert\":\"1\",\"isList\":\"1\",\"isPk\":\"0\",\"isQuery\":\"1\",\"javaField\":\"categoryId\",\"javaType\":\"Long\",\"list\":true,\"params\":{},\"pk\":false,\"query\":true,\"queryType\":\"EQ\",\"required\":false,\"sort\":3,\"superColumn\":false,\"tableId\":2,\"updateBy\":\"\",\"updateTime\":\"2024-10-25 01:18:28\",\"usableColumn\":false},{\"capJavaField\":\"CategoryName\",\"columnComment\":\"分类名称\",\"columnId\":14,\"columnName\":\"category_name\",\"columnType\":\"varchar(255)\",\"createBy\":\"admin\",\"createTime\":\"2024-10-14 07:44:20\",\"dictType\":\"\",\"edit\":true,\"htmlType\":\"input\",\"increment\":false,\"insert\":true,\"isEdit\":\"1\",\"isIncrement\":\"0\",\"isInsert','{\"msg\":\"操作成功\",\"code\":200}',0,NULL,'2024-10-25 01:23:43',42),(355,'账本明细',1,'com.jcwl.admin.book.controller.BookMoneyController.add()','POST',1,'admin','北京总公司','/book/money','10.10.10.120','内网IP','{\"accountId\":7,\"accountName\":\"微信钱包\",\"accountUrl\":\"category/7.png\",\"bookId\":25,\"bookTime\":\"2024-10-25 09:24:03\",\"categoryId\":80,\"categoryName\":\"赔偿罚款\",\"categoryUrl\":\"2024/10/24/1_20241024175447A007.png\",\"createBy\":\"admin\",\"createId\":1,\"createTime\":\"2024-10-25T09:24:25.323+08:00\",\"detailImg\":\"\",\"id\":77,\"money\":8800,\"nickName\":\"admin\",\"params\":{},\"remark\":\"\",\"type\":1,\"userId\":32,\"userName\":\"admin\"}','{\"code\":200,\"data\":true,\"msg\":\"操作成功\"}',0,NULL,'2024-10-25 01:24:25',8),(356,'分类',1,'com.jcwl.admin.category.controller.CategoryController.add()','POST',1,'admin','北京总公司','/category/category','10.10.10.120','内网IP','{\"bookId\":25,\"categoryUrl\":\"2024/10/25/1_20241025093459A001.png\",\"children\":[],\"createBy\":\"admin\",\"createId\":1,\"createTime\":\"2024-10-25T09:35:03.049+08:00\",\"id\":1653,\"name\":\"分类2\",\"params\":{},\"parentId\":12,\"type\":1}','{\"code\":200,\"data\":true,\"msg\":\"操作成功\"}',0,NULL,'2024-10-25 01:35:03',8),(357,'分类',1,'com.jcwl.admin.category.controller.CategoryController.add()','POST',1,'admin','北京总公司','/category/category','10.10.10.120','内网IP','{\"bookId\":25,\"categoryBaseId\":98,\"categoryUrl\":\"2024/10/25/账本_20241025094345A001.png\",\"children\":[],\"createBy\":\"admin\",\"createId\":1,\"createTime\":\"2024-10-25T09:43:49.677+08:00\",\"id\":1654,\"name\":\"水果\",\"params\":{},\"parentId\":12,\"type\":1}','{\"code\":200,\"data\":true,\"msg\":\"操作成功\"}',0,NULL,'2024-10-25 01:43:49',85),(358,'账本用户',2,'com.jcwl.admin.book.controller.BookUserController.edit()','PUT',1,'admin','北京总公司','/book/user','10.10.10.121','内网IP','{\"auditStatus\":\"1\",\"auth\":0,\"avatar\":\"2024/10/24/1729739840276_20241024111720A001.png\",\"bookId\":25,\"createBy\":\"admin\",\"createId\":1,\"createTime\":\"2024-10-23 16:53:39\",\"defaultBook\":1,\"delFlag\":\"0\",\"id\":32,\"nickName\":\"若依\",\"params\":{},\"status\":\"0\",\"updateBy\":\"admin\",\"updateId\":1,\"updateTime\":\"2024-10-25T09:45:32.511+08:00\",\"userId\":1,\"userName\":\"孙晓云\"}','{\"code\":200,\"data\":true,\"msg\":\"操作成功\"}',0,NULL,'2024-10-25 01:45:33',19),(359,'账本用户',2,'com.jcwl.admin.book.controller.BookUserController.edit()','PUT',1,'admin','北京总公司','/book/user','10.10.10.121','内网IP','{\"auditStatus\":\"1\",\"auth\":0,\"avatar\":\"2024/10/24/1729739840276_20241024111720A001.png\",\"bookId\":25,\"createBy\":\"admin\",\"createId\":1,\"createTime\":\"2024-10-23 16:53:39\",\"defaultBook\":1,\"delFlag\":\"0\",\"id\":32,\"nickName\":\"若依\",\"params\":{},\"status\":\"0\",\"updateBy\":\"admin\",\"updateId\":1,\"updateTime\":\"2024-10-25T09:45:51.562+08:00\",\"userId\":1,\"userName\":\"蹲下起来就头晕\"}','{\"code\":200,\"data\":true,\"msg\":\"操作成功\"}',0,NULL,'2024-10-25 01:45:52',9),(360,'账本用户',2,'com.jcwl.admin.book.controller.BookUserController.edit()','PUT',1,'admin','北京总公司','/book/user','10.10.10.121','内网IP','{\"auditStatus\":\"1\",\"auth\":0,\"avatar\":\"2024/10/24/1729739840276_20241024111720A001.png\",\"bookId\":25,\"createBy\":\"admin\",\"createId\":1,\"createTime\":\"2024-10-23 16:53:39\",\"defaultBook\":1,\"delFlag\":\"0\",\"id\":32,\"nickName\":\"若依\",\"params\":{},\"status\":\"0\",\"updateBy\":\"admin\",\"updateId\":1,\"updateTime\":\"2024-10-25T09:46:24.023+08:00\",\"userId\":1,\"userName\":\"蹲下起来就头晕？\"}','{\"code\":200,\"data\":true,\"msg\":\"操作成功\"}',0,NULL,'2024-10-25 01:46:25',12),(361,'账本用户',2,'com.jcwl.admin.book.controller.BookUserController.edit()','PUT',1,'admin','北京总公司','/book/user','10.10.10.121','内网IP','{\"auditStatus\":\"1\",\"auth\":0,\"avatar\":\"2024/10/24/1729739840276_20241024111720A001.png\",\"bookId\":25,\"createBy\":\"admin\",\"createId\":1,\"createTime\":\"2024-10-23 16:53:39\",\"defaultBook\":1,\"delFlag\":\"0\",\"id\":32,\"nickName\":\"若依\",\"params\":{},\"status\":\"0\",\"updateBy\":\"admin\",\"updateId\":1,\"updateTime\":\"2024-10-25T09:46:46.808+08:00\",\"userId\":1,\"userName\":\"蹲下起来就头晕？\"}','{\"code\":200,\"data\":true,\"msg\":\"操作成功\"}',0,NULL,'2024-10-25 01:46:48',11),(362,'账本用户',2,'com.jcwl.admin.book.controller.BookUserController.edit()','PUT',1,'admin','北京总公司','/book/user','10.10.10.121','内网IP','{\"auditStatus\":\"1\",\"auth\":0,\"avatar\":\"2024/10/24/1729739840276_20241024111720A001.png\",\"bookId\":25,\"createBy\":\"admin\",\"createId\":1,\"createTime\":\"2024-10-23 16:53:39\",\"defaultBook\":1,\"delFlag\":\"0\",\"id\":32,\"nickName\":\"若依\",\"params\":{},\"status\":\"0\",\"updateBy\":\"admin\",\"updateId\":1,\"updateTime\":\"2024-10-25T09:46:59.822+08:00\",\"userId\":1,\"userName\":\"蹲下起来就头晕\"}','{\"code\":200,\"data\":true,\"msg\":\"操作成功\"}',0,NULL,'2024-10-25 01:47:01',11),(363,'账本明细',1,'com.jcwl.admin.book.controller.BookMoneyController.add()','POST',1,'admin','北京总公司','/book/money','10.10.10.120','内网IP','{\"accountId\":7,\"accountName\":\"微信钱包\",\"accountUrl\":\"category/7.png\",\"bookId\":25,\"bookTime\":\"2024-10-25 09:49:27\",\"categoryId\":98,\"categoryName\":\"水果\",\"categoryUrl\":\"category/6.png\",\"createBy\":\"admin\",\"createId\":1,\"createTime\":\"2024-10-25T09:50:16.022+08:00\",\"detailImg\":\"\",\"id\":78,\"money\":2000,\"nickName\":\"若依\",\"params\":{},\"remark\":\"\",\"type\":1,\"userId\":32,\"userName\":\"蹲下起来就头晕\"}','{\"code\":200,\"data\":true,\"msg\":\"操作成功\"}',0,NULL,'2024-10-25 01:50:16',22),(364,'账本用户',2,'com.jcwl.admin.book.controller.BookUserController.edit()','PUT',1,'admin','北京总公司','/book/user','10.10.10.121','内网IP','{\"auditStatus\":\"1\",\"auth\":0,\"avatar\":\"2024/10/24/1729739840276_20241024111720A001.png\",\"bookId\":18,\"createBy\":\"admin\",\"createId\":1,\"createTime\":\"2024-10-23 16:39:31\",\"defaultBook\":0,\"delFlag\":\"0\",\"id\":25,\"nickName\":\"若依123\",\"params\":{},\"status\":\"0\",\"updateBy\":\"admin\",\"updateId\":1,\"updateTime\":\"2024-10-25 09:52:38\",\"userId\":1,\"userName\":\"admin\"}','{\"code\":200,\"data\":true,\"msg\":\"操作成功\"}',0,NULL,'2024-10-25 01:52:39',12),(365,'账本用户',2,'com.jcwl.admin.book.controller.BookUserController.edit()','PUT',1,'admin','北京总公司','/book/user','10.10.10.121','内网IP','{\"auditStatus\":\"1\",\"auth\":0,\"avatar\":\"2024/10/24/1729739840276_20241024111720A001.png\",\"bookId\":18,\"createBy\":\"admin\",\"createId\":1,\"createTime\":\"2024-10-23 16:39:31\",\"defaultBook\":0,\"delFlag\":\"0\",\"id\":25,\"nickName\":\"若依1001\",\"params\":{},\"status\":\"0\",\"updateBy\":\"admin\",\"updateId\":1,\"updateTime\":\"2024-10-25T09:53:23.82+08:00\",\"userId\":1,\"userName\":\"admin\"}','{\"code\":200,\"data\":true,\"msg\":\"操作成功\"}',0,NULL,'2024-10-25 01:53:25',10),(366,'账本明细',1,'com.jcwl.admin.book.controller.BookMoneyController.add()','POST',1,'admin','北京总公司','/book/money','10.10.10.120','内网IP','{\"accountId\":7,\"accountName\":\"微信钱包\",\"accountUrl\":\"category/7.png\",\"bookId\":25,\"bookTime\":\"2024-10-25 09:57:52\",\"categoryId\":98,\"categoryName\":\"水果\",\"categoryUrl\":\"2024/10/25/账本_20241025094345A001.png\",\"createBy\":\"admin\",\"createId\":1,\"createTime\":\"2024-10-25T09:58:02.595+08:00\",\"detailImg\":\"\",\"id\":79,\"money\":3022,\"nickName\":\"若依\",\"params\":{},\"remark\":\"\",\"type\":1,\"userId\":32,\"userName\":\"admin\"}','{\"code\":200,\"data\":true,\"msg\":\"操作成功\"}',0,NULL,'2024-10-25 01:58:02',10),(367,'账本明细',1,'com.jcwl.admin.book.controller.BookMoneyController.add()','POST',1,'admin','北京总公司','/book/money','10.10.10.120','内网IP','{\"accountId\":7,\"accountName\":\"微信钱包\",\"accountUrl\":\"category/7.png\",\"bookId\":25,\"bookTime\":\"2024-10-25 10:00:40\",\"categoryId\":76,\"categoryName\":\"手续利息\",\"categoryUrl\":\"category/6.png\",\"createBy\":\"admin\",\"createId\":1,\"createTime\":\"2024-10-25T10:01:14.19+08:00\",\"detailImg\":\"2024/10/25/钱袋 (1)_20241025100050A002.png\",\"id\":80,\"money\":9600,\"nickName\":\"若依\",\"params\":{},\"remark\":\"\",\"type\":1,\"userId\":32,\"userName\":\"admin\"}','{\"code\":200,\"data\":true,\"msg\":\"操作成功\"}',0,NULL,'2024-10-25 02:01:14',9),(368,'账本用户',1,'com.jcwl.admin.book.controller.BookUserController.inviteUser()','POST',1,'admin','北京总公司','/book/user/invite/user','10.10.10.121','内网IP','{\"auditStatus\":\"1\",\"auth\":0,\"avatar\":\"\",\"bookId\":22,\"createBy\":\"admin\",\"createId\":1,\"createTime\":\"2024-10-25T10:12:33.913+08:00\",\"defaultBook\":0,\"id\":36,\"nickName\":\"微信用户\",\"params\":{},\"status\":\"0\",\"userId\":105,\"userName\":\"ry1\"}','{\"code\":200,\"data\":true,\"msg\":\"操作成功\"}',0,NULL,'2024-10-25 02:12:33',25),(369,'账本用户',1,'com.jcwl.admin.book.controller.BookUserController.inviteUser()','POST',1,'admin','北京总公司','/book/user/invite/user','10.10.10.121','内网IP','{\"bookId\":22,\"createBy\":\"admin\",\"createId\":1,\"createTime\":\"2024-10-25T10:12:46.963+08:00\",\"params\":{},\"userName\":\"a\"}',NULL,1,'您邀请的用户不存在！','2024-10-25 02:12:46',3),(370,'账本用户',1,'com.jcwl.admin.book.controller.BookUserController.inviteUser()','POST',1,'admin','北京总公司','/book/user/invite/user','10.10.10.121','内网IP','{\"bookId\":22,\"createBy\":\"admin\",\"createId\":1,\"createTime\":\"2024-10-25T10:13:10.731+08:00\",\"params\":{},\"userName\":\"aa\"}',NULL,1,'您邀请的用户不存在！','2024-10-25 02:13:10',3),(371,'账本用户',1,'com.jcwl.admin.book.controller.BookUserController.inviteUser()','POST',1,'admin','北京总公司','/book/user/invite/user','10.10.10.121','内网IP','{\"bookId\":22,\"createBy\":\"admin\",\"createId\":1,\"createTime\":\"2024-10-25T10:13:23.926+08:00\",\"params\":{},\"userName\":\"aa\"}',NULL,1,'您邀请的用户不存在！','2024-10-25 02:13:23',4),(372,'账本用户',1,'com.jcwl.admin.book.controller.BookUserController.inviteUser()','POST',1,'admin','北京总公司','/book/user/invite/user','10.10.10.121','内网IP','{\"bookId\":22,\"createBy\":\"admin\",\"createId\":1,\"createTime\":\"2024-10-25T10:13:35.614+08:00\",\"params\":{},\"userName\":\"aa\"}',NULL,1,'您邀请的用户不存在！','2024-10-25 02:13:35',4),(373,'账本用户',1,'com.jcwl.admin.book.controller.BookUserController.inviteUser()','POST',1,'admin','北京总公司','/book/user/invite/user','10.10.10.121','内网IP','{\"auditStatus\":\"1\",\"auth\":0,\"avatar\":\"\",\"bookId\":22,\"createBy\":\"admin\",\"createId\":1,\"createTime\":\"2024-10-25T10:13:40.997+08:00\",\"defaultBook\":0,\"id\":37,\"nickName\":\"微信用户\",\"params\":{},\"status\":\"0\",\"userId\":106,\"userName\":\"ry2\"}','{\"code\":200,\"data\":true,\"msg\":\"操作成功\"}',0,NULL,'2024-10-25 02:13:41',8),(374,'账本用户',1,'com.jcwl.admin.book.controller.BookUserController.inviteUser()','POST',1,'admin','北京总公司','/book/user/invite/user','10.10.10.121','内网IP','{\"auditStatus\":\"1\",\"auth\":0,\"avatar\":\"2024/10/24/1729740074864_20241024112115A002.png\",\"bookId\":4,\"createBy\":\"admin\",\"createId\":1,\"createTime\":\"2024-10-25T10:15:17.245+08:00\",\"defaultBook\":0,\"id\":38,\"nickName\":\"微信用户\",\"params\":{},\"status\":\"0\",\"userId\":105,\"userName\":\"ry1\"}','{\"code\":200,\"data\":true,\"msg\":\"操作成功\"}',0,NULL,'2024-10-25 02:15:17',8),(375,'账本用户',1,'com.jcwl.admin.book.controller.BookUserController.inviteUser()','POST',1,'admin','北京总公司','/book/user/invite/user','10.10.10.121','内网IP','{\"auditStatus\":\"1\",\"auth\":0,\"avatar\":\"2024/10/24/1729740074864_20241024112115A002.png\",\"bookId\":4,\"createBy\":\"admin\",\"createId\":1,\"createTime\":\"2024-10-25T10:15:19.261+08:00\",\"defaultBook\":0,\"id\":39,\"nickName\":\"微信用户\",\"params\":{},\"status\":\"0\",\"userId\":105,\"userName\":\"ry1\"}','{\"code\":200,\"data\":true,\"msg\":\"操作成功\"}',0,NULL,'2024-10-25 02:15:19',7),(376,'账本用户',1,'com.jcwl.admin.book.controller.BookUserController.inviteUser()','POST',1,'admin','北京总公司','/book/user/invite/user','10.10.10.121','内网IP','{\"auditStatus\":\"1\",\"auth\":0,\"avatar\":\"2024/10/24/1729740074864_20241024112115A002.png\",\"bookId\":4,\"createBy\":\"admin\",\"createId\":1,\"createTime\":\"2024-10-25T10:20:24.833+08:00\",\"defaultBook\":0,\"nickName\":\"微信用户\",\"params\":{},\"status\":\"0\",\"userId\":105,\"userName\":\"ry1\"}',NULL,1,'您邀请的用户已加入到当前账本！','2024-10-25 02:20:24',18),(377,'账本用户',1,'com.jcwl.admin.book.controller.BookUserController.inviteUser()','POST',1,'admin','北京总公司','/book/user/invite/user','10.10.10.121','内网IP','{\"auditStatus\":\"1\",\"auth\":0,\"avatar\":\"2024/10/24/1729740074864_20241024112115A002.png\",\"bookId\":4,\"createBy\":\"admin\",\"createId\":1,\"createTime\":\"2024-10-25T10:20:27.133+08:00\",\"defaultBook\":0,\"nickName\":\"微信用户\",\"params\":{},\"status\":\"0\",\"userId\":105,\"userName\":\"ry1\"}',NULL,1,'您邀请的用户已加入到当前账本！','2024-10-25 02:20:27',5),(378,'账本用户',1,'com.jcwl.admin.book.controller.BookUserController.inviteUser()','POST',1,'admin','北京总公司','/book/user/invite/user','10.10.10.121','内网IP','{\"auditStatus\":\"1\",\"auth\":0,\"avatar\":\"2024/10/24/1729740074864_20241024112115A002.png\",\"bookId\":4,\"createBy\":\"admin\",\"createId\":1,\"createTime\":\"2024-10-25T10:20:38.165+08:00\",\"defaultBook\":0,\"id\":40,\"nickName\":\"微信用户\",\"params\":{},\"status\":\"0\",\"userId\":106,\"userName\":\"ry2\"}','{\"code\":200,\"data\":true,\"msg\":\"操作成功\"}',0,NULL,'2024-10-25 02:20:38',13),(379,'账本用户',1,'com.jcwl.admin.book.controller.BookUserController.inviteUser()','POST',1,'admin','北京总公司','/book/user/invite/user','10.10.10.121','内网IP','{\"bookId\":4,\"createBy\":\"admin\",\"createId\":1,\"createTime\":\"2024-10-25T10:20:43.03+08:00\",\"params\":{},\"userName\":\"ry2ry2\"}',NULL,1,'您邀请的用户不存在！','2024-10-25 02:20:43',3),(380,'账本用户',1,'com.jcwl.admin.book.controller.BookUserController.inviteUser()','POST',1,'admin','北京总公司','/book/user/invite/user','10.10.10.121','内网IP','{\"auditStatus\":\"1\",\"auth\":0,\"avatar\":\"2024/10/24/1729740074864_20241024112115A002.png\",\"bookId\":4,\"createBy\":\"admin\",\"createId\":1,\"createTime\":\"2024-10-25T10:20:45.071+08:00\",\"defaultBook\":0,\"nickName\":\"微信用户\",\"params\":{},\"status\":\"0\",\"userId\":106,\"userName\":\"ry2\"}',NULL,1,'您邀请的用户已加入到当前账本！','2024-10-25 02:20:45',4),(381,'账本明细',3,'com.jcwl.admin.book.controller.BookMoneyController.remove()','DELETE',1,'admin','研发部门','/book/money/77','10.10.10.103','内网IP','{}','{\"code\":200,\"data\":true,\"msg\":\"操作成功\"}',0,NULL,'2024-10-25 02:57:52',8),(382,'账本明细',1,'com.jcwl.admin.book.controller.BookMoneyController.add()','POST',1,'admin','北京总公司','/book/money','10.10.10.109','内网IP','{\"accountId\":7,\"accountName\":\"微信钱包\",\"accountUrl\":\"category/7.png\",\"bookId\":25,\"bookTime\":\"2024-10-25 11:23:30\",\"categoryId\":93,\"categoryName\":\"投资收入\",\"categoryUrl\":\"category/5.png\",\"createBy\":\"admin\",\"createId\":1,\"createTime\":\"2024-10-25T11:24:23.705+08:00\",\"detailImg\":\"2024/10/25/1729826613672_20241025112341A001.jpg\",\"id\":81,\"money\":55500,\"nickName\":\"若依\",\"params\":{},\"remark\":\"\",\"type\":0,\"userId\":32,\"userName\":\"admin\"}','{\"code\":200,\"data\":true,\"msg\":\"操作成功\"}',0,NULL,'2024-10-25 03:24:23',23),(383,'账本明细',1,'com.jcwl.admin.book.controller.BookMoneyController.add()','POST',1,'admin','北京总公司','/book/money','10.10.10.121','内网IP','{\"accountId\":7,\"accountName\":\"微信钱包\",\"accountUrl\":\"category/7.png\",\"bookId\":25,\"bookTime\":\"2024-10-25 11:24:01\",\"categoryId\":95,\"categoryName\":\"中奖收入\",\"categoryUrl\":\"category/7.png\",\"createBy\":\"admin\",\"createId\":1,\"createTime\":\"2024-10-25T11:24:28.346+08:00\",\"detailImg\":\"\",\"id\":82,\"money\":1000000,\"nickName\":\"若依\",\"params\":{},\"remark\":\"\",\"type\":0,\"userId\":32,\"userName\":\"admin\"}','{\"code\":200,\"data\":true,\"msg\":\"操作成功\"}',0,NULL,'2024-10-25 03:24:29',46),(384,'用户头像',2,'com.jcwl.admin.system.controller.system.SysProfileController.avatar()','POST',1,'admin','北京总公司','/system/user/profile/avatar','10.10.10.109','内网IP','','{\"msg\":\"操作成功\",\"imgUrl\":\"2024/10/25/1729826697300_20241025112458A002.png\",\"code\":200}',0,NULL,'2024-10-25 03:24:58',33),(385,'账本',1,'com.jcwl.admin.book.controller.BookController.add()','POST',1,'admin','北京总公司','/book/book','10.10.10.109','内网IP','{\"bookAvatar\":\"2024/10/25/1729826718701_20241025112528A003.jpg\",\"bookName\":\"哈哈\",\"createBy\":\"admin\",\"createId\":1,\"createTime\":\"2024-10-25T11:25:35.896+08:00\",\"defaultBook\":0,\"id\":28,\"params\":{},\"userId\":1}','{\"code\":200,\"data\":true,\"msg\":\"操作成功\"}',0,NULL,'2024-10-25 03:25:35',51),(386,'账本用户',1,'com.jcwl.admin.book.controller.BookUserController.inviteUser()','POST',1,'admin','北京总公司','/book/user/invite/user','10.10.10.109','内网IP','{\"auditStatus\":\"1\",\"auth\":0,\"avatar\":\"2024/10/24/1729740074864_20241024112115A002.png\",\"bookId\":28,\"createBy\":\"admin\",\"createId\":1,\"createTime\":\"2024-10-25T11:25:48.14+08:00\",\"defaultBook\":0,\"id\":42,\"nickName\":\"微信用户\",\"params\":{},\"status\":\"0\",\"userId\":105,\"userName\":\"ry1\"}','{\"code\":200,\"data\":true,\"msg\":\"操作成功\"}',0,NULL,'2024-10-25 03:25:48',7),(387,'账本',3,'com.jcwl.admin.book.controller.BookController.remove()','DELETE',1,'admin','北京总公司','/book/book/28','10.10.10.121','内网IP','{}','{\"code\":200,\"data\":true,\"msg\":\"操作成功\"}',0,NULL,'2024-10-25 06:37:30',793),(388,'账本',3,'com.jcwl.admin.book.controller.BookController.remove()','DELETE',1,'admin','北京总公司','/book/book/1','10.10.10.121','内网IP','{}','{\"code\":200,\"data\":true,\"msg\":\"操作成功\"}',0,NULL,'2024-10-25 06:37:50',117),(389,'账本',3,'com.jcwl.admin.book.controller.BookController.remove()','DELETE',1,'admin','北京总公司','/book/book/2','10.10.10.121','内网IP','{}','{\"code\":200,\"data\":true,\"msg\":\"操作成功\"}',0,NULL,'2024-10-25 06:39:17',28),(390,'账本',3,'com.jcwl.admin.book.controller.BookController.remove()','DELETE',1,'admin','北京总公司','/book/book/3','10.10.10.121','内网IP','{}','{\"code\":200,\"data\":true,\"msg\":\"操作成功\"}',0,NULL,'2024-10-25 06:40:35',36),(391,'账本',3,'com.jcwl.admin.book.controller.BookController.remove()','DELETE',1,'admin','北京总公司','/book/book/4','10.10.10.121','内网IP','{}','{\"code\":200,\"data\":true,\"msg\":\"操作成功\"}',0,NULL,'2024-10-25 06:42:11',40),(392,'账本',1,'com.jcwl.admin.book.controller.BookController.add()','POST',1,'admin','北京总公司','/book/book','10.10.10.121','内网IP','{\"bookAvatar\":\"2024/10/25/b_20241025144332A001.png\",\"bookName\":\"ccc\",\"createBy\":\"admin\",\"createId\":1,\"createTime\":\"2024-10-25T14:43:35.742+08:00\",\"defaultBook\":0,\"id\":29,\"params\":{},\"userId\":1}','{\"code\":200,\"data\":true,\"msg\":\"操作成功\"}',0,NULL,'2024-10-25 06:43:38',1220),(393,'账本',3,'com.jcwl.admin.book.controller.BookController.remove()','DELETE',1,'admin','北京总公司','/book/book/29','10.10.10.121','内网IP','{}','{\"code\":200,\"data\":true,\"msg\":\"操作成功\"}',0,NULL,'2024-10-25 06:43:49',33),(394,'账本',2,'com.jcwl.admin.book.controller.BookController.edit()','PUT',1,'admin','北京总公司','/book/book','10.10.10.121','内网IP','{\"bookAvatar\":\"2024/10/23/QQ截图20240724195405_20241023150856A001.png\",\"bookName\":\"test555\",\"createTime\":\"2024-10-22 08:54:11\",\"defaultBook\":0,\"delFlag\":\"0\",\"id\":5,\"params\":{},\"updateBy\":\"admin\",\"updateId\":1,\"updateTime\":\"2024-10-25T14:44:06.186+08:00\",\"userId\":1}','{\"code\":200,\"data\":true,\"msg\":\"操作成功\"}',0,NULL,'2024-10-25 06:44:07',149),(395,'账本',2,'com.jcwl.admin.book.controller.BookController.edit()','PUT',1,'admin','北京总公司','/book/book','10.10.10.121','内网IP','{\"bookAvatar\":\"2024/10/23/QQ截图20240724195405_20241023150856A001.png\",\"bookName\":\"test56665\",\"createTime\":\"2024-10-22 08:54:11\",\"defaultBook\":0,\"delFlag\":\"0\",\"id\":5,\"params\":{},\"updateBy\":\"admin\",\"updateId\":1,\"updateTime\":\"2024-10-25T14:44:13.573+08:00\",\"userId\":1}','{\"code\":200,\"data\":true,\"msg\":\"操作成功\"}',0,NULL,'2024-10-25 06:44:14',12),(396,'账本',3,'com.jcwl.admin.book.controller.BookController.remove()','DELETE',1,'admin','北京总公司','/book/book/5','10.10.10.121','内网IP','{}','{\"code\":200,\"data\":true,\"msg\":\"操作成功\"}',0,NULL,'2024-10-25 06:44:18',43),(397,'账本',3,'com.jcwl.admin.book.controller.BookController.remove()','DELETE',1,'admin','北京总公司','/book/book/22','10.10.10.121','内网IP','{}','{\"code\":200,\"data\":true,\"msg\":\"操作成功\"}',0,NULL,'2024-10-25 06:44:27',36),(398,'账本',1,'com.jcwl.admin.book.controller.BookController.add()','POST',1,'admin','北京总公司','/book/book','10.10.10.121','内网IP','{\"bookAvatar\":\"2024/10/25/营业执照_20241025144434A002.jpg\",\"bookName\":\"tbs\",\"createBy\":\"admin\",\"createId\":1,\"createTime\":\"2024-10-25T14:44:35.444+08:00\",\"id\":30,\"params\":{},\"userId\":1}','{\"code\":200,\"data\":true,\"msg\":\"操作成功\"}',0,NULL,'2024-10-25 06:44:37',1056),(399,'账本',1,'com.jcwl.admin.book.controller.BookController.add()','POST',1,'admin','北京总公司','/book/book','10.10.10.121','内网IP','{\"bookAvatar\":\"\",\"bookName\":\"cs\",\"createBy\":\"admin\",\"createId\":1,\"createTime\":\"2024-10-25T14:44:50.058+08:00\",\"id\":31,\"params\":{},\"userId\":1}','{\"code\":200,\"data\":true,\"msg\":\"操作成功\"}',0,NULL,'2024-10-25 06:44:52',1043),(400,'账本',3,'com.jcwl.admin.book.controller.BookController.remove()','DELETE',1,'admin','北京总公司','/book/book/31','10.10.10.121','内网IP','{}','{\"code\":200,\"data\":true,\"msg\":\"操作成功\"}',0,NULL,'2024-10-25 06:44:58',33),(401,'用户头像',2,'com.jcwl.admin.system.controller.system.SysProfileController.avatar()','POST',1,'admin','北京总公司','/system/user/profile/avatar','10.10.10.121','内网IP','','{\"msg\":\"操作成功\",\"imgUrl\":\"2024/10/25/1729840046043_20241025150726A001.png\",\"code\":200}',0,NULL,'2024-10-25 07:07:27',89),(402,'用户头像',2,'com.jcwl.admin.system.controller.system.SysProfileController.avatar()','POST',1,'admin','北京总公司','/system/user/profile/avatar','10.10.10.121','内网IP','','{\"msg\":\"操作成功\",\"imgUrl\":\"2024/10/25/1729840318848_20241025151158A002.png\",\"code\":200}',0,NULL,'2024-10-25 07:12:00',46),(403,'用户头像',2,'com.jcwl.admin.system.controller.system.SysProfileController.avatar()','POST',1,'admin','北京总公司','/system/user/profile/avatar','10.10.10.121','内网IP','','{\"msg\":\"操作成功\",\"imgUrl\":\"2024/10/25/1729840497231_20241025151457A003.png\",\"code\":200}',0,NULL,'2024-10-25 07:14:58',81),(404,'用户头像',2,'com.jcwl.admin.system.controller.system.SysProfileController.avatar()','POST',1,'admin','北京总公司','/system/user/profile/avatar','10.10.10.121','内网IP','','{\"msg\":\"操作成功\",\"imgUrl\":\"2024/10/25/1729840519948_20241025151519A004.png\",\"code\":200}',0,NULL,'2024-10-25 07:15:21',54),(405,'用户头像',2,'com.jcwl.admin.system.controller.system.SysProfileController.avatar()','POST',1,'admin','北京总公司','/system/user/profile/avatar','10.10.10.121','内网IP','','{\"msg\":\"操作成功\",\"imgUrl\":\"2024/10/25/1729840656179_20241025151736A005.png\",\"code\":200}',0,NULL,'2024-10-25 07:17:38',627),(406,'用户头像',2,'com.jcwl.admin.system.controller.system.SysProfileController.avatar()','POST',1,'admin','北京总公司','/system/user/profile/avatar','10.10.10.121','内网IP','','{\"msg\":\"操作成功\",\"imgUrl\":\"2024/10/25/1729840693170_20241025151813A006.png\",\"code\":200}',0,NULL,'2024-10-25 07:18:14',48),(407,'用户头像',2,'com.jcwl.admin.system.controller.system.SysProfileController.avatar()','POST',1,'admin','北京总公司','/system/user/profile/avatar','10.10.10.121','内网IP','','{\"msg\":\"操作成功\",\"imgUrl\":\"2024/10/25/1729840786305_20241025151946A007.png\",\"code\":200}',0,NULL,'2024-10-25 07:19:47',56),(408,'用户头像',2,'com.jcwl.admin.system.controller.system.SysProfileController.avatar()','POST',1,'admin','北京总公司','/system/user/profile/avatar','10.10.10.121','内网IP','','{\"msg\":\"操作成功\",\"imgUrl\":\"2024/10/25/1729840894913_20241025152134A008.png\",\"code\":200}',0,NULL,'2024-10-25 07:21:36',49),(409,'用户头像',2,'com.jcwl.admin.system.controller.system.SysProfileController.avatar()','POST',1,'admin','北京总公司','/system/user/profile/avatar','10.10.10.121','内网IP','','{\"msg\":\"操作成功\",\"imgUrl\":\"2024/10/25/1729840909759_20241025152149A009.png\",\"code\":200}',0,NULL,'2024-10-25 07:21:51',37),(410,'用户头像',2,'com.jcwl.admin.system.controller.system.SysProfileController.avatar()','POST',1,'admin','北京总公司','/system/user/profile/avatar','10.10.10.121','内网IP','','{\"msg\":\"操作成功\",\"imgUrl\":\"2024/10/25/1729840962624_20241025152242A010.png\",\"code\":200}',0,NULL,'2024-10-25 07:22:44',62),(411,'用户头像',2,'com.jcwl.admin.system.controller.system.SysProfileController.avatar()','POST',1,'admin','北京总公司','/system/user/profile/avatar','10.10.10.121','内网IP','','{\"msg\":\"操作成功\",\"imgUrl\":\"2024/10/25/1729841094538_20241025152454A011.png\",\"code\":200}',0,NULL,'2024-10-25 07:24:55',61),(412,'用户头像',2,'com.jcwl.admin.system.controller.system.SysProfileController.avatar()','POST',1,'admin','北京总公司','/system/user/profile/avatar','10.10.10.121','内网IP','','{\"msg\":\"操作成功\",\"imgUrl\":\"2024/10/25/file-1729841112450_20241025152512A012.\",\"code\":200}',0,NULL,'2024-10-25 07:25:13',47),(413,'用户头像',2,'com.jcwl.admin.system.controller.system.SysProfileController.avatar()','POST',1,'admin','北京总公司','/system/user/profile/avatar','10.10.10.121','内网IP','','{\"msg\":\"操作成功\",\"imgUrl\":\"2024/10/25/1729841153271_20241025152553A013.png\",\"code\":200}',0,NULL,'2024-10-25 07:25:54',47),(414,'用户头像',2,'com.jcwl.admin.system.controller.system.SysProfileController.avatar()','POST',1,'admin','北京总公司','/system/user/profile/avatar','10.10.10.121','内网IP','','{\"msg\":\"操作成功\",\"imgUrl\":\"2024/10/25/1729841183582_20241025152623A014.png\",\"code\":200}',0,NULL,'2024-10-25 07:26:25',48),(415,'用户头像',2,'com.jcwl.admin.system.controller.system.SysProfileController.avatar()','POST',1,'admin','北京总公司','/system/user/profile/avatar','10.10.10.121','内网IP','','{\"msg\":\"操作成功\",\"imgUrl\":\"2024/10/25/1729841199404_20241025152639A015.png\",\"code\":200}',0,NULL,'2024-10-25 07:26:40',41),(416,'用户头像',2,'com.jcwl.admin.system.controller.system.SysProfileController.avatar()','POST',1,'admin','北京总公司','/system/user/profile/avatar','10.10.10.121','内网IP','','{\"msg\":\"操作成功\",\"imgUrl\":\"2024/10/25/1729841380602_20241025152940A016.png\",\"code\":200}',0,NULL,'2024-10-25 07:29:42',88),(417,'账本',1,'com.jcwl.admin.book.controller.BookController.add()','POST',1,'admin','北京总公司','/book/book','127.0.0.1','内网IP','{\"bookAvatar\":\"\",\"bookName\":\"测试账户\",\"createBy\":\"admin\",\"createId\":1,\"createTime\":\"2024-10-25T17:15:39.151+08:00\",\"defaultBook\":1,\"id\":32,\"params\":{},\"userId\":1}','{\"code\":200,\"data\":true,\"msg\":\"操作成功\"}',0,NULL,'2024-10-25 09:15:39',167),(418,'账本',1,'com.jcwl.admin.book.controller.BookController.add()','POST',1,'admin','北京总公司','/book/book','127.0.0.1','内网IP','{\"bookAvatar\":\"\",\"bookName\":\"测试账户2\",\"createBy\":\"admin\",\"createId\":1,\"createTime\":\"2024-10-25T17:17:20.554+08:00\",\"defaultBook\":1,\"id\":33,\"params\":{},\"userId\":1}','{\"code\":200,\"data\":true,\"msg\":\"操作成功\"}',0,NULL,'2024-10-25 09:17:20',53),(419,'账本',1,'com.jcwl.admin.book.controller.BookController.add()','POST',1,'admin','北京总公司','/book/book','127.0.0.1','内网IP','{\"bookAvatar\":\"\",\"bookName\":\"测试账户3\",\"createBy\":\"admin\",\"createId\":1,\"createTime\":\"2024-10-25T17:21:28.52+08:00\",\"defaultBook\":1,\"id\":34,\"params\":{},\"userId\":1}','{\"code\":200,\"data\":true,\"msg\":\"操作成功\"}',0,NULL,'2024-10-25 09:21:28',47),(420,'账本',1,'com.jcwl.admin.book.controller.BookController.add()','POST',1,'admin','北京总公司','/book/book','127.0.0.1','内网IP','{\"bookAvatar\":\"\",\"bookName\":\"测试分类\",\"createBy\":\"admin\",\"createId\":1,\"createTime\":\"2024-10-25T17:36:58.416+08:00\",\"defaultBook\":1,\"id\":35,\"params\":{},\"userId\":1}','{\"code\":200,\"data\":true,\"msg\":\"操作成功\"}',0,NULL,'2024-10-25 09:36:58',29),(421,'账本',1,'com.jcwl.admin.book.controller.BookController.add()','POST',1,'admin','研发部门','/book/book','10.10.10.126','内网IP','{\"bookAvatar\":\"\",\"bookName\":\"test\",\"createBy\":\"admin\",\"createId\":1,\"createTime\":\"2024-10-25T17:39:45.206+08:00\",\"defaultBook\":1,\"id\":36,\"params\":{},\"userId\":1}','{\"code\":200,\"data\":true,\"msg\":\"操作成功\"}',0,NULL,'2024-10-25 09:39:47',725),(422,'账本',1,'com.jcwl.admin.book.controller.BookController.add()','POST',1,'admin','北京总公司','/book/book','127.0.0.1','内网IP','{\"bookAvatar\":\"\",\"bookName\":\"测试分类2\",\"createBy\":\"admin\",\"createId\":1,\"createTime\":\"2024-10-25T17:51:43.881+08:00\",\"defaultBook\":1,\"id\":37,\"params\":{},\"userId\":1}','{\"code\":200,\"data\":true,\"msg\":\"操作成功\"}',0,NULL,'2024-10-25 09:51:43',58),(423,'账本',1,'com.jcwl.admin.book.controller.BookController.add()','POST',1,'admin','研发部门','/book/book','10.10.10.126','内网IP','{\"bookAvatar\":\"\",\"bookName\":\"ces3\",\"createBy\":\"admin\",\"createId\":1,\"createTime\":\"2024-10-25T17:55:13.294+08:00\",\"defaultBook\":1,\"id\":38,\"params\":{},\"userId\":1}','{\"code\":200,\"data\":true,\"msg\":\"操作成功\"}',0,NULL,'2024-10-25 09:55:15',659),(424,'用户头像',2,'com.jcwl.admin.system.controller.system.SysProfileController.avatar()','POST',1,'admin','北京总公司','/system/user/profile/avatar','10.10.10.121','内网IP','','{\"msg\":\"操作成功\",\"imgUrl\":\"2024/10/28/1730083466940_20241028104424A001.png\",\"code\":200}',0,NULL,'2024-10-28 02:44:31',74),(425,'账本',3,'com.jcwl.admin.book.controller.BookController.remove()','DELETE',1,'admin','北京总公司','/book/book/30','10.10.10.121','内网IP','{}','{\"code\":200,\"data\":true,\"msg\":\"操作成功\"}',0,NULL,'2024-10-28 03:45:16',39),(426,'账本',2,'com.jcwl.admin.book.controller.BookController.edit()','PUT',1,'admin','北京总公司','/book/book','10.10.10.121','内网IP','{\"bookAvatar\":\"2024/10/23/天气_20241023163859A001.jpg\",\"bookName\":\"12\",\"createTime\":\"2024-10-23 16:39:01\",\"defaultBook\":0,\"delFlag\":\"0\",\"id\":16,\"params\":{},\"updateBy\":\"admin\",\"updateId\":1,\"updateTime\":\"2024-10-28T11:46:29.49+08:00\",\"userId\":1}','{\"code\":200,\"data\":true,\"msg\":\"操作成功\"}',0,NULL,'2024-10-28 03:46:35',22),(427,'账本',2,'com.jcwl.admin.book.controller.BookController.edit()','PUT',1,'admin','北京总公司','/book/book','10.10.10.121','内网IP','{\"bookAvatar\":\"2024/10/23/营业执照_20241023165210A001.jpg\",\"bookName\":\"测试账本2\",\"createTime\":\"2024-10-23 16:52:17\",\"defaultBook\":1,\"delFlag\":\"0\",\"id\":23,\"params\":{},\"updateBy\":\"admin\",\"updateId\":1,\"updateTime\":\"2024-10-28T11:52:02.164+08:00\",\"userAudit\":0,\"userId\":1}','{\"code\":200,\"data\":true,\"msg\":\"操作成功\"}',0,NULL,'2024-10-28 03:52:08',9),(428,'账本',1,'com.jcwl.admin.book.controller.BookController.add()','POST',1,'admin','北京总公司','/book/book','10.10.10.121','内网IP','{\"bookAvatar\":\"2024/10/28/H_20241028115239A002.png\",\"bookName\":\"吃饭\",\"createBy\":\"admin\",\"createId\":1,\"createTime\":\"2024-10-28T11:52:41.021+08:00\",\"id\":39,\"params\":{},\"userId\":1}','{\"code\":200,\"data\":true,\"msg\":\"操作成功\"}',0,NULL,'2024-10-28 03:52:48',679),(429,'账本',3,'com.jcwl.admin.book.controller.BookController.remove()','DELETE',1,'admin','北京总公司','/book/book/39','10.10.10.121','内网IP','{}','{\"code\":200,\"data\":true,\"msg\":\"操作成功\"}',0,NULL,'2024-10-28 03:53:01',27),(430,'账本',3,'com.jcwl.admin.book.controller.BookController.remove()','DELETE',1,'admin','北京总公司','/book/book/16','10.10.10.121','内网IP','{}','{\"code\":200,\"data\":true,\"msg\":\"操作成功\"}',0,NULL,'2024-10-28 05:36:33',25),(431,'账本',1,'com.jcwl.admin.book.controller.BookController.add()','POST',1,'admin','北京总公司','/money-tracker-admin/book/book','10.10.10.120','内网IP','{\"bookAvatar\":\"\",\"bookName\":\"日常账本\",\"createBy\":\"admin\",\"createId\":1,\"createTime\":\"2024-10-28T14:16:20.379+08:00\",\"defaultBook\":1,\"id\":1,\"params\":{},\"userAudit\":0,\"userId\":1}','{\"code\":200,\"data\":true,\"msg\":\"操作成功\"}',0,NULL,'2024-10-28 06:16:20',61),(432,'账本',1,'com.jcwl.admin.book.controller.BookController.add()','POST',1,'admin','北京总公司','/money-tracker-admin/book/book','10.10.10.120','内网IP','{\"bookAvatar\":\"\",\"bookName\":\"大额账本\",\"createBy\":\"admin\",\"createId\":1,\"createTime\":\"2024-10-28T14:16:46.362+08:00\",\"defaultBook\":0,\"id\":2,\"params\":{},\"userAudit\":0,\"userId\":1}','{\"code\":200,\"data\":true,\"msg\":\"操作成功\"}',0,NULL,'2024-10-28 06:16:46',29),(433,'账本用户',1,'com.jcwl.admin.book.controller.BookUserController.inviteUser()','POST',1,'admin','北京总公司','/money-tracker-admin/book/user/invite/user','127.0.0.1','内网IP','{\"auditStatus\":\"1\",\"auth\":0,\"avatar\":\"2024/10/24/1729740074864_20241024112115A002.png\",\"bookId\":1,\"createBy\":\"admin\",\"createId\":1,\"createTime\":\"2024-10-28T14:48:53.934+08:00\",\"defaultBook\":0,\"id\":3,\"nickName\":\"ry\",\"params\":{},\"status\":\"0\",\"userId\":2,\"userName\":\"ry\"}','{\"code\":200,\"data\":true,\"msg\":\"操作成功\"}',0,NULL,'2024-10-28 06:48:53',12),(434,'账本用户',1,'com.jcwl.admin.book.controller.BookUserController.inviteUser()','POST',1,'admin','北京总公司','/money-tracker-admin/book/user/invite/user','127.0.0.1','内网IP','{\"auditStatus\":\"1\",\"auth\":0,\"avatar\":\"2024/10/24/1729740074864_20241024112115A002.png\",\"bookId\":1,\"createBy\":\"admin\",\"createId\":1,\"createTime\":\"2024-10-28T14:48:59.728+08:00\",\"defaultBook\":0,\"id\":4,\"nickName\":\"微信用户\",\"params\":{},\"status\":\"0\",\"userId\":105,\"userName\":\"ry1\"}','{\"code\":200,\"data\":true,\"msg\":\"操作成功\"}',0,NULL,'2024-10-28 06:48:59',8),(435,'账本用户',2,'com.jcwl.admin.book.controller.BookUserController.edit()','PUT',1,'admin','北京总公司','/money-tracker-admin/book/user','127.0.0.1','内网IP','{\"auditStatus\":\"1\",\"auth\":0,\"avatar\":\"2024/10/24/1729740074864_20241024112115A002.png\",\"bookId\":1,\"createBy\":\"admin\",\"createId\":1,\"createTime\":\"2024-10-28 14:49:00\",\"defaultBook\":0,\"delFlag\":\"0\",\"id\":4,\"nickName\":\"若依1\",\"params\":{},\"status\":\"0\",\"updateBy\":\"admin\",\"updateId\":1,\"updateTime\":\"2024-10-28T14:49:19.516+08:00\",\"userId\":105,\"userName\":\"ry1\"}','{\"code\":200,\"data\":true,\"msg\":\"操作成功\"}',0,NULL,'2024-10-28 06:49:19',6),(436,'账本明细',1,'com.jcwl.admin.book.controller.BookMoneyController.add()','POST',1,'admin','北京总公司','/money-tracker-admin/book/money','127.0.0.1','内网IP','{\"accountId\":2,\"accountName\":\"股票账户\",\"accountUrl\":\"accounts/CsoXM2FSif2EKdxVAAAAAD4QSSs370.png\",\"bookId\":1,\"bookTime\":\"2024-10-28 14:53:51\",\"categoryId\":8,\"categoryName\":\"药品费\",\"categoryUrl\":\"categories/CsoXM2FSifiELiiqAAAAAN_RoDo851.png\",\"createBy\":\"admin\",\"createId\":1,\"createTime\":\"2024-10-28T14:54:07.633+08:00\",\"detailImg\":\"\",\"id\":83,\"money\":9900,\"nickName\":\"若依\",\"params\":{},\"remark\":\"\",\"type\":1,\"userId\":1,\"userName\":\"admin\"}','{\"code\":200,\"data\":true,\"msg\":\"操作成功\"}',0,NULL,'2024-10-28 06:54:07',16),(437,'账本明细',1,'com.jcwl.admin.book.controller.BookMoneyController.add()','POST',1,'admin','北京总公司','/money-tracker-admin/book/money','127.0.0.1','内网IP','{\"accountId\":2,\"accountName\":\"股票账户\",\"accountUrl\":\"accounts/CsoXM2FSif2EKdxVAAAAAD4QSSs370.png\",\"bookId\":1,\"bookTime\":\"2024-10-28 14:53:51\",\"categoryId\":2,\"categoryName\":\"运动健身\",\"categoryUrl\":\"categories/CsoXNGFSifqEOIzBAAAAAMPsFdc133.png\",\"createBy\":\"admin\",\"createId\":1,\"createTime\":\"2024-10-28T14:54:28.26+08:00\",\"detailImg\":\"\",\"id\":84,\"money\":9900,\"nickName\":\"若依\",\"params\":{},\"remark\":\"\",\"type\":1,\"userId\":1,\"userName\":\"admin\"}','{\"code\":200,\"data\":true,\"msg\":\"操作成功\"}',0,NULL,'2024-10-28 06:54:28',11),(438,'账本明细',1,'com.jcwl.admin.book.controller.BookMoneyController.add()','POST',1,'admin','北京总公司','/money-tracker-admin/book/money','127.0.0.1','内网IP','{\"accountId\":2,\"accountName\":\"股票账户\",\"accountUrl\":\"accounts/CsoXM2FSif2EKdxVAAAAAD4QSSs370.png\",\"bookId\":1,\"bookTime\":\"2024-10-28 14:53:51\",\"categoryId\":2,\"categoryName\":\"运动健身\",\"categoryUrl\":\"categories/CsoXNGFSifqEOIzBAAAAAMPsFdc133.png\",\"createBy\":\"admin\",\"createId\":1,\"createTime\":\"2024-10-28T14:54:38.476+08:00\",\"detailImg\":\"\",\"id\":85,\"money\":2200,\"nickName\":\"若依\",\"params\":{},\"remark\":\"\",\"type\":1,\"userId\":1,\"userName\":\"admin\"}','{\"code\":200,\"data\":true,\"msg\":\"操作成功\"}',0,NULL,'2024-10-28 06:54:38',9),(439,'用户头像',2,'com.jcwl.admin.system.controller.system.SysProfileController.avatar()','POST',1,'admin','北京总公司','/money-tracker-admin/system/user/profile/avatar','10.10.10.121','内网IP','','{\"msg\":\"操作成功\",\"imgUrl\":\"2024/10/28/1730098506198_20241028145512A001.png\",\"code\":200}',0,NULL,'2024-10-28 06:55:12',62),(440,'账本明细',1,'com.jcwl.admin.book.controller.BookMoneyController.add()','POST',1,'admin','北京总公司','/money-tracker-admin/book/money','10.10.10.120','内网IP','{\"accountId\":2,\"accountName\":\"股票账户\",\"accountUrl\":\"accounts/CsoXM2FSif2EKdxVAAAAAD4QSSs370.png\",\"bookId\":1,\"bookTime\":\"2024-10-28 14:55:01\",\"categoryId\":8,\"categoryName\":\"药品费\",\"categoryUrl\":\"categories/CsoXM2FSifiELiiqAAAAAN_RoDo851.png\",\"createBy\":\"admin\",\"createId\":1,\"createTime\":\"2024-10-28T14:55:13.932+08:00\",\"detailImg\":\"\",\"id\":86,\"money\":8500,\"nickName\":\"若依\",\"params\":{},\"remark\":\"\",\"type\":1,\"userId\":1,\"userName\":\"admin\"}','{\"code\":200,\"data\":true,\"msg\":\"操作成功\"}',0,NULL,'2024-10-28 06:55:13',10),(441,'账本明细',1,'com.jcwl.admin.book.controller.BookMoneyController.add()','POST',1,'admin','北京总公司','/money-tracker-admin/book/money','10.10.10.120','内网IP','{\"accountId\":2,\"accountName\":\"股票账户\",\"accountUrl\":\"accounts/CsoXM2FSif2EKdxVAAAAAD4QSSs370.png\",\"bookId\":1,\"bookTime\":\"2024-10-28 14:55:55\",\"categoryId\":8,\"categoryName\":\"药品费\",\"categoryUrl\":\"categories/CsoXM2FSifiELiiqAAAAAN_RoDo851.png\",\"createBy\":\"admin\",\"createId\":1,\"createTime\":\"2024-10-28T14:56:05.041+08:00\",\"detailImg\":\"\",\"id\":87,\"money\":9600,\"nickName\":\"若依\",\"params\":{},\"remark\":\"\",\"type\":1,\"userId\":1,\"userName\":\"admin\"}','{\"code\":200,\"data\":true,\"msg\":\"操作成功\"}',0,NULL,'2024-10-28 06:56:05',12),(442,'账本明细',1,'com.jcwl.admin.book.controller.BookMoneyController.add()','POST',1,'admin','北京总公司','/money-tracker-admin/book/money','10.10.10.120','内网IP','{\"accountId\":2,\"accountName\":\"股票账户\",\"accountUrl\":\"accounts/CsoXM2FSif2EKdxVAAAAAD4QSSs370.png\",\"bookId\":1,\"bookTime\":\"2024-10-28 14:55:55\",\"categoryId\":8,\"categoryName\":\"药品费\",\"categoryUrl\":\"categories/CsoXM2FSifiELiiqAAAAAN_RoDo851.png\",\"createBy\":\"admin\",\"createId\":1,\"createTime\":\"2024-10-28T14:56:17.152+08:00\",\"detailImg\":\"\",\"id\":88,\"money\":9600,\"nickName\":\"若依\",\"params\":{},\"remark\":\"\",\"type\":1,\"userId\":1,\"userName\":\"admin\"}','{\"code\":200,\"data\":true,\"msg\":\"操作成功\"}',0,NULL,'2024-10-28 06:56:17',10),(443,'账本',1,'com.jcwl.admin.book.controller.BookController.add()','POST',1,'admin','北京总公司','/money-tracker-admin/book/book','10.10.10.120','内网IP','{\"bookAvatar\":\"\",\"bookName\":\"今日账本\",\"createBy\":\"admin\",\"createId\":1,\"createTime\":\"2024-10-28T15:11:45.849+08:00\",\"id\":3,\"params\":{},\"userId\":1}','{\"code\":200,\"data\":true,\"msg\":\"操作成功\"}',0,NULL,'2024-10-28 07:11:45',27),(444,'账本明细',1,'com.jcwl.admin.book.controller.BookMoneyController.add()','POST',1,'admin','北京总公司','/money-tracker-admin/book/money','10.10.10.121','内网IP','{\"accountId\":3,\"accountName\":\"信用卡\",\"accountUrl\":\"accounts/CsoXNGFSifeENfN2AAAAAFr6Q7A340.png\",\"bookId\":1,\"bookTime\":\"2024-09-26 15:20:00\",\"categoryId\":8,\"categoryName\":\"药品费\",\"categoryUrl\":\"categories/CsoXM2FSifiELiiqAAAAAN_RoDo851.png\",\"createBy\":\"admin\",\"createId\":1,\"createTime\":\"2024-10-28T15:21:01.896+08:00\",\"detailImg\":\"\",\"id\":89,\"money\":50000,\"nickName\":\"若依\",\"params\":{},\"remark\":\"\",\"type\":1,\"userId\":1,\"userName\":\"admin\"}','{\"code\":200,\"data\":true,\"msg\":\"操作成功\"}',0,NULL,'2024-10-28 07:21:01',8),(445,'账本明细',1,'com.jcwl.admin.book.controller.BookMoneyController.add()','POST',1,'admin','北京总公司','/money-tracker-admin/book/money','127.0.0.1','内网IP','{\"accountId\":2,\"accountName\":\"股票账户\",\"accountUrl\":\"accounts/CsoXM2FSif2EKdxVAAAAAD4QSSs370.png\",\"bookId\":1,\"bookTime\":\"2024-10-28 15:55:38\",\"categoryId\":55,\"categoryName\":\"工资收入\",\"categoryUrl\":\"categories/CsoXM2FSifGEYaIDAAAAAFSbnhU781.png\",\"createBy\":\"admin\",\"createId\":1,\"createTime\":\"2024-10-28T15:55:52.563+08:00\",\"detailImg\":\"\",\"id\":90,\"money\":9900,\"nickName\":\"若依\",\"params\":{},\"remark\":\"\",\"type\":0,\"userId\":1,\"userName\":\"admin\"}','{\"code\":200,\"data\":true,\"msg\":\"操作成功\"}',0,NULL,'2024-10-28 07:55:52',83),(446,'账本明细',1,'com.jcwl.admin.book.controller.BookMoneyController.add()','POST',1,'admin','北京总公司','/money-tracker-admin/book/money','127.0.0.1','内网IP','{\"accountId\":9,\"accountName\":\"现金\",\"accountUrl\":\"accounts/CsoXM2FSif6EAzKxAAAAALnMcJw367.png\",\"bookId\":1,\"bookTime\":\"2024-10-28 15:57:31\",\"categoryId\":64,\"categoryName\":\"中奖收入\",\"categoryUrl\":\"categories/CsoXNGFSifmEAT8zAAAAANjygdU605.png\",\"createBy\":\"admin\",\"createId\":1,\"createTime\":\"2024-10-28T15:57:44.217+08:00\",\"detailImg\":\"\",\"id\":91,\"money\":100000,\"nickName\":\"若依\",\"params\":{},\"remark\":\"\",\"type\":0,\"userId\":1,\"userName\":\"admin\"}','{\"code\":200,\"data\":true,\"msg\":\"操作成功\"}',0,NULL,'2024-10-28 07:57:44',12),(447,'账本明细',1,'com.jcwl.admin.book.controller.BookMoneyController.add()','POST',1,'admin','北京总公司','/money-tracker-admin/book/money','127.0.0.1','内网IP','{\"accountId\":8,\"accountName\":\"银行卡\",\"accountUrl\":\"accounts/CsoXM2FSifOEYsgnAAAAAMOEu9U801.png\",\"bookId\":1,\"bookTime\":\"2024-09-28 15:58:00\",\"categoryId\":59,\"categoryName\":\"经营所得\",\"categoryUrl\":\"categories/CsoXM2FSifKEGlgUAAAAAAJPXBs872.png\",\"createBy\":\"admin\",\"createId\":1,\"createTime\":\"2024-10-28T15:58:26.985+08:00\",\"detailImg\":\"\",\"id\":92,\"money\":100000,\"nickName\":\"若依\",\"params\":{},\"remark\":\"\",\"type\":0,\"userId\":1,\"userName\":\"admin\"}','{\"code\":200,\"data\":true,\"msg\":\"操作成功\"}',0,NULL,'2024-10-28 07:58:27',11),(448,'账本明细',1,'com.jcwl.admin.book.controller.BookMoneyController.add()','POST',1,'admin','北京总公司','/money-tracker-admin/book/money','127.0.0.1','内网IP','{\"accountId\":2,\"accountName\":\"股票账户\",\"accountUrl\":\"accounts/CsoXM2FSif2EKdxVAAAAAD4QSSs370.png\",\"bookId\":1,\"bookTime\":\"2024-10-28 15:59:31\",\"categoryId\":57,\"categoryName\":\"奖金收入\",\"categoryUrl\":\"categories/CsoXM2FSifKEKZ9_AAAAAP_tD0I247.png\",\"createBy\":\"admin\",\"createId\":1,\"createTime\":\"2024-10-28T15:59:42.387+08:00\",\"detailImg\":\"\",\"id\":93,\"money\":50000,\"nickName\":\"若依1\",\"params\":{},\"remark\":\"\",\"type\":0,\"userId\":4,\"userName\":\"ry1\"}','{\"code\":200,\"data\":true,\"msg\":\"操作成功\"}',0,NULL,'2024-10-28 07:59:42',11),(449,'账本明细',1,'com.jcwl.admin.book.controller.BookMoneyController.add()','POST',1,'admin','北京总公司','/money-tracker-admin/book/money','127.0.0.1','内网IP','{\"accountId\":2,\"accountName\":\"股票账户\",\"accountUrl\":\"accounts/CsoXM2FSif2EKdxVAAAAAD4QSSs370.png\",\"bookId\":1,\"bookTime\":\"2024-09-28 15:59:00\",\"categoryId\":57,\"categoryName\":\"奖金收入\",\"categoryUrl\":\"categories/CsoXM2FSifKEKZ9_AAAAAP_tD0I247.png\",\"createBy\":\"admin\",\"createId\":1,\"createTime\":\"2024-10-28T15:59:56.059+08:00\",\"detailImg\":\"\",\"id\":94,\"money\":10000,\"nickName\":\"若依1\",\"params\":{},\"remark\":\"\",\"type\":0,\"userId\":4,\"userName\":\"ry1\"}','{\"code\":200,\"data\":true,\"msg\":\"操作成功\"}',0,NULL,'2024-10-28 07:59:56',11),(450,'账本明细',1,'com.jcwl.admin.book.controller.BookMoneyController.add()','POST',1,'admin','北京总公司','/money-tracker-admin/book/money','127.0.0.1','内网IP','{\"accountId\":9,\"accountName\":\"现金\",\"accountUrl\":\"accounts/CsoXM2FSif6EAzKxAAAAALnMcJw367.png\",\"bookId\":1,\"bookTime\":\"2024-10-28 15:59:00\",\"categoryId\":4,\"categoryName\":\"休闲玩乐\",\"categoryUrl\":\"categories/CsoXM2FSifiEJdmcAAAAAGRGnFw870.png\",\"createBy\":\"admin\",\"createId\":1,\"createTime\":\"2024-10-28T16:00:21.498+08:00\",\"detailImg\":\"\",\"id\":95,\"money\":52000,\"nickName\":\"若依1\",\"params\":{},\"remark\":\"\",\"type\":1,\"userId\":4,\"userName\":\"ry1\"}','{\"code\":200,\"data\":true,\"msg\":\"操作成功\"}',0,NULL,'2024-10-28 08:00:21',11),(451,'账本',1,'com.jcwl.admin.book.controller.BookController.add()','POST',1,'admin','研发部门','/money-tracker-admin/book/book','10.10.10.126','内网IP','{\"bookAvatar\":\"\",\"bookName\":\"ces\",\"createBy\":\"admin\",\"createId\":1,\"createTime\":\"2024-10-28T16:05:49.776+08:00\",\"defaultBook\":1,\"id\":4,\"params\":{},\"userId\":1}','{\"code\":200,\"data\":true,\"msg\":\"操作成功\"}',0,NULL,'2024-10-28 08:05:49',46),(452,'账本明细',1,'com.jcwl.admin.book.controller.BookMoneyController.add()','POST',1,'admin','研发部门','/money-tracker-admin/book/money','10.10.10.126','内网IP','{\"accountId\":52,\"accountName\":\"应收款项\",\"accountUrl\":\"accounts/CsoXM2FSif2EbsQoAAAAAArN63A897.png\",\"bookId\":4,\"bookTime\":\"2024-10-28 16:05:59\",\"categoryId\":8,\"categoryName\":\"药品费\",\"categoryUrl\":\"categories/CsoXM2FSifiELiiqAAAAAN_RoDo851.png\",\"createBy\":\"admin\",\"createId\":1,\"createTime\":\"2024-10-28T16:06:25.217+08:00\",\"detailImg\":\"\",\"id\":96,\"money\":50000,\"nickName\":\"若依\",\"params\":{},\"remark\":\"\",\"type\":1,\"userId\":6,\"userName\":\"admin\"}','{\"code\":200,\"data\":true,\"msg\":\"操作成功\"}',0,NULL,'2024-10-28 08:06:25',11),(453,'用户头像',2,'com.jcwl.admin.system.controller.system.SysProfileController.avatar()','POST',1,'admin','北京总公司','/money-tracker-admin/system/user/profile/avatar','10.10.10.101','内网IP','','{\"msg\":\"操作成功\",\"imgUrl\":\"2024/10/28/17301042529650_20241028163059A002.png\",\"code\":200}',0,NULL,'2024-10-28 08:30:59',35),(454,'账本明细',1,'com.jcwl.admin.book.controller.BookMoneyController.add()','POST',1,'admin','北京总公司','/money-tracker-admin/book/money','10.10.10.101','内网IP','{\"accountId\":7,\"accountName\":\"微信钱包\",\"accountUrl\":\"accounts/CsoXNGFSifOES99BAAAAANV7Lwg152.png\",\"bookId\":1,\"bookTime\":\"2024-10-28 16:31:05\",\"categoryId\":4,\"categoryName\":\"休闲玩乐\",\"categoryUrl\":\"categories/CsoXM2FSifiEJdmcAAAAAGRGnFw870.png\",\"createBy\":\"admin\",\"createId\":1,\"createTime\":\"2024-10-28T16:31:35.396+08:00\",\"detailImg\":\"\",\"id\":97,\"money\":8500,\"nickName\":\"若依1\",\"params\":{},\"remark\":\"\",\"type\":1,\"userId\":4,\"userName\":\"ry1\"}','{\"code\":200,\"data\":true,\"msg\":\"操作成功\"}',0,NULL,'2024-10-28 08:31:35',12),(455,'账本明细',2,'com.jcwl.admin.book.controller.BookMoneyController.edit()','PUT',1,'admin','北京总公司','/money-tracker-admin/book/money','10.10.10.120','内网IP','{\"accountId\":52,\"accountName\":\"应收款项\",\"accountUrl\":\"accounts/CsoXM2FSif2EbsQoAAAAAArN63A897.png\",\"bookId\":4,\"bookTime\":\"2024-10-28 16:05:59\",\"categoryId\":8,\"categoryName\":\"药品费\",\"categoryUrl\":\"categories/CsoXM2FSifiELiiqAAAAAN_RoDo851.png\",\"createBy\":\"admin\",\"createId\":1,\"createTime\":\"2024-10-28 16:06:25\",\"delFlag\":\"0\",\"detailImg\":\"\",\"id\":96,\"money\":0,\"nickName\":\"若依\",\"params\":{},\"remark\":\"\",\"type\":1,\"updateBy\":\"admin\",\"updateId\":1,\"updateTime\":\"2024-10-28T16:41:17.208+08:00\",\"userId\":6,\"userName\":\"admin\"}','{\"code\":200,\"data\":true,\"msg\":\"操作成功\"}',0,NULL,'2024-10-28 08:41:17',6),(456,'账本明细',1,'com.jcwl.admin.book.controller.BookMoneyController.add()','POST',1,'admin','北京总公司','/money-tracker-admin/book/money','10.10.10.120','内网IP','{\"accountId\":50,\"accountName\":\"股票账户\",\"accountUrl\":\"accounts/CsoXM2FSif2EKdxVAAAAAD4QSSs370.png\",\"bookId\":4,\"bookTime\":\"2024-10-28 16:57:56\",\"categoryId\":8,\"categoryName\":\"药品费\",\"categoryUrl\":\"categories/CsoXM2FSifiELiiqAAAAAN_RoDo851.png\",\"createBy\":\"admin\",\"createId\":1,\"createTime\":\"2024-10-28T16:58:18.522+08:00\",\"detailImg\":\"\",\"id\":98,\"money\":8600,\"nickName\":\"若依\",\"params\":{},\"remark\":\"\",\"type\":1,\"userId\":6,\"userName\":\"admin\"}','{\"code\":200,\"data\":true,\"msg\":\"操作成功\"}',0,NULL,'2024-10-28 08:58:18',9),(457,'账本明细',2,'com.jcwl.admin.book.controller.BookMoneyController.edit()','PUT',1,'admin','北京总公司','/money-tracker-admin/book/money','10.10.10.120','内网IP','{\"accountId\":50,\"accountName\":\"股票账户\",\"accountUrl\":\"accounts/CsoXM2FSif2EKdxVAAAAAD4QSSs370.png\",\"bookId\":4,\"bookTime\":\"2024-10-28 16:57:56\",\"categoryId\":8,\"categoryName\":\"药品费\",\"categoryUrl\":\"categories/CsoXM2FSifiELiiqAAAAAN_RoDo851.png\",\"createBy\":\"admin\",\"createId\":1,\"createTime\":\"2024-10-28 16:58:19\",\"delFlag\":\"0\",\"detailImg\":\"\",\"id\":98,\"money\":8620,\"nickName\":\"若依\",\"params\":{},\"remark\":\"\",\"type\":1,\"updateBy\":\"admin\",\"updateId\":1,\"updateTime\":\"2024-10-28T17:00:14.441+08:00\",\"userId\":6,\"userName\":\"admin\"}','{\"code\":200,\"data\":true,\"msg\":\"操作成功\"}',0,NULL,'2024-10-28 09:00:14',6),(458,'账本明细',1,'com.jcwl.admin.book.controller.BookMoneyController.add()','POST',1,'admin','北京总公司','/money-tracker-admin/book/money','127.0.0.1','内网IP','{\"accountId\":9,\"accountName\":\"现金\",\"accountUrl\":\"accounts/CsoXM2FSif6EAzKxAAAAALnMcJw367.png\",\"bookId\":1,\"bookTime\":\"2024-10-28 17:06:28\",\"categoryId\":17,\"categoryName\":\"送礼请客\",\"categoryUrl\":\"categories/CsoXNGFoFJeELeOYAAAAAHxDLcI176.png\",\"createBy\":\"admin\",\"createId\":1,\"createTime\":\"2024-10-28T17:06:52.318+08:00\",\"detailImg\":\"\",\"id\":99,\"money\":8800,\"nickName\":\"若依\",\"params\":{},\"remark\":\"\",\"type\":1,\"userId\":1,\"userName\":\"admin\"}','{\"code\":200,\"data\":true,\"msg\":\"操作成功\"}',0,NULL,'2024-10-28 09:06:52',10),(459,'账本明细',1,'com.jcwl.admin.book.controller.BookMoneyController.add()','POST',1,'admin','北京总公司','/money-tracker-admin/book/money','127.0.0.1','内网IP','{\"accountId\":9,\"accountName\":\"现金\",\"accountUrl\":\"accounts/CsoXM2FSif6EAzKxAAAAALnMcJw367.png\",\"bookId\":1,\"bookTime\":\"2024-10-28 17:06:55\",\"categoryId\":64,\"categoryName\":\"中奖收入\",\"categoryUrl\":\"categories/CsoXNGFSifmEAT8zAAAAANjygdU605.png\",\"createBy\":\"admin\",\"createId\":1,\"createTime\":\"2024-10-28T17:07:03.717+08:00\",\"detailImg\":\"\",\"id\":100,\"money\":6600,\"nickName\":\"若依\",\"params\":{},\"remark\":\"\",\"type\":0,\"userId\":1,\"userName\":\"admin\"}','{\"code\":200,\"data\":true,\"msg\":\"操作成功\"}',0,NULL,'2024-10-28 09:07:03',10),(460,'账本明细',1,'com.jcwl.admin.book.controller.BookMoneyController.add()','POST',1,'admin','北京总公司','/money-tracker-admin/book/money','127.0.0.1','内网IP','{\"accountId\":9,\"accountName\":\"现金\",\"accountUrl\":\"accounts/CsoXM2FSif6EAzKxAAAAALnMcJw367.png\",\"bookId\":1,\"bookTime\":\"2024-10-28 17:06:55\",\"categoryId\":57,\"categoryName\":\"奖金收入\",\"categoryUrl\":\"categories/CsoXM2FSifKEKZ9_AAAAAP_tD0I247.png\",\"createBy\":\"admin\",\"createId\":1,\"createTime\":\"2024-10-28T17:07:16.134+08:00\",\"detailImg\":\"\",\"id\":101,\"money\":20000,\"nickName\":\"若依\",\"params\":{},\"remark\":\"\",\"type\":0,\"userId\":1,\"userName\":\"admin\"}','{\"code\":200,\"data\":true,\"msg\":\"操作成功\"}',0,NULL,'2024-10-28 09:07:16',10),(461,'账本明细',1,'com.jcwl.admin.book.controller.BookMoneyController.add()','POST',1,'admin','北京总公司','/money-tracker-admin/book/money','127.0.0.1','内网IP','{\"accountId\":9,\"accountName\":\"现金\",\"accountUrl\":\"accounts/CsoXM2FSif6EAzKxAAAAALnMcJw367.png\",\"bookId\":1,\"bookTime\":\"2024-10-28 17:06:55\",\"categoryId\":57,\"categoryName\":\"奖金收入\",\"categoryUrl\":\"categories/CsoXM2FSifKEKZ9_AAAAAP_tD0I247.png\",\"createBy\":\"admin\",\"createId\":1,\"createTime\":\"2024-10-28T17:07:34.002+08:00\",\"detailImg\":\"\",\"id\":102,\"money\":2000,\"nickName\":\"若依\",\"params\":{},\"remark\":\"\",\"type\":0,\"userId\":1,\"userName\":\"admin\"}','{\"code\":200,\"data\":true,\"msg\":\"操作成功\"}',0,NULL,'2024-10-28 09:07:34',11),(462,'账本明细',1,'com.jcwl.admin.book.controller.BookMoneyController.add()','POST',1,'admin','北京总公司','/money-tracker-admin/book/money','127.0.0.1','内网IP','{\"accountId\":9,\"accountName\":\"现金\",\"accountUrl\":\"accounts/CsoXM2FSif6EAzKxAAAAALnMcJw367.png\",\"bookId\":1,\"bookTime\":\"2024-10-28 17:06:55\",\"categoryId\":57,\"categoryName\":\"奖金收入\",\"categoryUrl\":\"categories/CsoXM2FSifKEKZ9_AAAAAP_tD0I247.png\",\"createBy\":\"admin\",\"createId\":1,\"createTime\":\"2024-10-28T17:07:47.564+08:00\",\"detailImg\":\"\",\"id\":103,\"money\":20800,\"nickName\":\"若依\",\"params\":{},\"remark\":\"\",\"type\":0,\"userId\":1,\"userName\":\"admin\"}','{\"code\":200,\"data\":true,\"msg\":\"操作成功\"}',0,NULL,'2024-10-28 09:07:47',12),(463,'账本',2,'com.jcwl.admin.book.controller.BookController.edit()','PUT',1,'admin','北京总公司','/money-tracker-admin/book/book','127.0.0.1','内网IP','{\"bookAvatar\":\"\",\"bookName\":\"ces\",\"createTime\":\"2024-10-28 16:05:50\",\"defaultBook\":0,\"delFlag\":\"0\",\"id\":4,\"params\":{},\"updateBy\":\"admin\",\"updateId\":1,\"updateTime\":\"2024-10-28T17:08:17.585+08:00\",\"userId\":1}','{\"code\":200,\"data\":true,\"msg\":\"操作成功\"}',0,NULL,'2024-10-28 09:08:17',6),(464,'账本',2,'com.jcwl.admin.book.controller.BookController.edit()','PUT',1,'admin','北京总公司','/money-tracker-admin/book/book','127.0.0.1','内网IP','{\"bookAvatar\":\"\",\"bookName\":\"ces\",\"createTime\":\"2024-10-28 16:05:50\",\"defaultBook\":0,\"delFlag\":\"0\",\"id\":4,\"params\":{},\"updateBy\":\"admin\",\"updateId\":1,\"updateTime\":\"2024-10-28T17:08:30.018+08:00\",\"userId\":1}','{\"code\":200,\"data\":true,\"msg\":\"操作成功\"}',0,NULL,'2024-10-28 09:08:30',6),(465,'账本明细',1,'com.jcwl.admin.book.controller.BookMoneyController.add()','POST',1,'admin','北京总公司','/money-tracker-admin/book/money','10.10.10.120','内网IP','{\"accountId\":55,\"accountName\":\"微信钱包\",\"accountUrl\":\"accounts/CsoXNGFSifOES99BAAAAANV7Lwg152.png\",\"bookId\":4,\"bookTime\":\"2024-10-28 17:08:13\",\"categoryId\":5,\"categoryName\":\"宠物宝贝\",\"categoryUrl\":\"categories/CsoXNGFSie-EddSkAAAAAG55zfc511.png\",\"createBy\":\"admin\",\"createId\":1,\"createTime\":\"2024-10-28T17:08:37.315+08:00\",\"detailImg\":\"\",\"id\":104,\"money\":5600,\"nickName\":\"若依\",\"params\":{},\"remark\":\"\",\"type\":1,\"userId\":6,\"userName\":\"admin\"}','{\"code\":200,\"data\":true,\"msg\":\"操作成功\"}',0,NULL,'2024-10-28 09:08:37',9),(466,'账本',2,'com.jcwl.admin.book.controller.BookController.edit()','PUT',1,'admin','北京总公司','/money-tracker-admin/book/book','127.0.0.1','内网IP','{\"bookAvatar\":\"\",\"bookName\":\"ces\",\"createTime\":\"2024-10-28 16:05:50\",\"defaultBook\":0,\"delFlag\":\"0\",\"id\":4,\"params\":{},\"updateBy\":\"admin\",\"updateId\":1,\"updateTime\":\"2024-10-28T17:09:21.015+08:00\",\"userId\":1}','{\"code\":200,\"data\":true,\"msg\":\"操作成功\"}',0,NULL,'2024-10-28 09:09:21',5),(467,'账本明细',1,'com.jcwl.admin.book.controller.BookMoneyController.add()','POST',1,'admin','北京总公司','/money-tracker-admin/book/money','10.10.10.120','内网IP','{\"accountId\":50,\"accountName\":\"股票账户\",\"accountUrl\":\"accounts/CsoXM2FSif2EKdxVAAAAAD4QSSs370.png\",\"bookId\":4,\"bookTime\":\"2024-10-28 17:11:51\",\"categoryId\":14,\"categoryName\":\"书报杂志\",\"categoryUrl\":\"categories/CsoXM2FSifaEH1LZAAAAAPWNf7A489.png\",\"createBy\":\"admin\",\"createId\":1,\"createTime\":\"2024-10-28T17:12:11.86+08:00\",\"detailImg\":\"\",\"id\":105,\"money\":3600,\"nickName\":\"若依\",\"params\":{},\"remark\":\"\",\"type\":1,\"userId\":6,\"userName\":\"admin\"}','{\"code\":200,\"data\":true,\"msg\":\"操作成功\"}',0,NULL,'2024-10-28 09:12:11',89),(468,'账本',2,'com.jcwl.admin.book.controller.BookController.edit()','PUT',1,'admin','北京总公司','/money-tracker-admin/book/book','127.0.0.1','内网IP','{\"bookAvatar\":\"\",\"bookName\":\"ces\",\"createTime\":\"2024-10-28 16:05:50\",\"defaultBook\":0,\"delFlag\":\"0\",\"id\":4,\"params\":{},\"updateBy\":\"admin\",\"updateId\":1,\"updateTime\":\"2024-10-28T17:12:17.696+08:00\",\"userId\":1}',NULL,1,'nested exception is org.apache.ibatis.binding.BindingException: Parameter \'bookId\' not found. Available parameters are [arg1, arg0, param1, param2]','2024-10-28 09:12:17',11),(469,'账本明细',1,'com.jcwl.admin.book.controller.BookMoneyController.add()','POST',1,'admin','北京总公司','/money-tracker-admin/book/money','10.10.10.120','内网IP','{\"accountId\":50,\"accountName\":\"股票账户\",\"accountUrl\":\"accounts/CsoXM2FSif2EKdxVAAAAAD4QSSs370.png\",\"bookId\":4,\"bookTime\":\"2024-10-28 17:11:51\",\"categoryId\":14,\"categoryName\":\"书报杂志\",\"categoryUrl\":\"categories/CsoXM2FSifaEH1LZAAAAAPWNf7A489.png\",\"createBy\":\"admin\",\"createId\":1,\"createTime\":\"2024-10-28T17:12:22.829+08:00\",\"detailImg\":\"\",\"id\":106,\"money\":600,\"nickName\":\"若依\",\"params\":{},\"remark\":\"\",\"type\":1,\"userId\":6,\"userName\":\"admin\"}','{\"code\":200,\"data\":true,\"msg\":\"操作成功\"}',0,NULL,'2024-10-28 09:12:22',13),(470,'账本明细',1,'com.jcwl.admin.book.controller.BookMoneyController.add()','POST',1,'admin','北京总公司','/money-tracker-admin/book/money','10.10.10.120','内网IP','{\"accountId\":50,\"accountName\":\"股票账户\",\"accountUrl\":\"accounts/CsoXM2FSif2EKdxVAAAAAD4QSSs370.png\",\"bookId\":4,\"bookTime\":\"2024-10-28 17:12:32\",\"categoryId\":8,\"categoryName\":\"药品费\",\"categoryUrl\":\"categories/CsoXM2FSifiELiiqAAAAAN_RoDo851.png\",\"createBy\":\"admin\",\"createId\":1,\"createTime\":\"2024-10-28T17:12:46.925+08:00\",\"detailImg\":\"\",\"id\":107,\"money\":20000,\"nickName\":\"若依\",\"params\":{},\"remark\":\"\",\"type\":2,\"userId\":6,\"userName\":\"admin\"}','{\"code\":200,\"data\":true,\"msg\":\"操作成功\"}',0,NULL,'2024-10-28 09:12:46',11),(471,'账本',2,'com.jcwl.admin.book.controller.BookController.edit()','PUT',1,'admin','北京总公司','/money-tracker-admin/book/book','127.0.0.1','内网IP','{\"bookAvatar\":\"\",\"bookName\":\"ces\",\"createTime\":\"2024-10-28 16:05:50\",\"defaultBook\":0,\"delFlag\":\"0\",\"id\":4,\"params\":{},\"updateBy\":\"admin\",\"updateId\":1,\"updateTime\":\"2024-10-28T17:12:52.263+08:00\",\"userId\":1}',NULL,1,'nested exception is org.apache.ibatis.binding.BindingException: Parameter \'bookId\' not found. Available parameters are [arg1, arg0, param1, param2]','2024-10-28 09:12:52',7),(472,'账本',2,'com.jcwl.admin.book.controller.BookController.edit()','PUT',1,'admin','北京总公司','/money-tracker-admin/book/book','127.0.0.1','内网IP','{\"bookAvatar\":\"\",\"bookName\":\"ces\",\"createTime\":\"2024-10-28 16:05:50\",\"defaultBook\":0,\"delFlag\":\"0\",\"id\":4,\"params\":{},\"updateBy\":\"admin\",\"updateId\":1,\"updateTime\":\"2024-10-28T17:13:33.126+08:00\",\"userId\":1}','{\"code\":200,\"data\":true,\"msg\":\"操作成功\"}',0,NULL,'2024-10-28 09:13:33',30),(473,'账本明细',1,'com.jcwl.admin.book.controller.BookMoneyController.add()','POST',1,'admin','研发部门','/money-tracker-admin/book/money','10.10.10.126','内网IP','{\"accountId\":50,\"accountName\":\"股票账户\",\"accountUrl\":\"accounts/CsoXM2FSif2EKdxVAAAAAD4QSSs370.png\",\"bookId\":4,\"bookTime\":\"2024-10-28 17:57:52\",\"categoryId\":64,\"categoryName\":\"中奖收入\",\"categoryUrl\":\"categories/CsoXNGFSifmEAT8zAAAAANjygdU605.png\",\"createBy\":\"admin\",\"createId\":1,\"createTime\":\"2024-10-28T17:58:08.127+08:00\",\"detailImg\":\"\",\"id\":108,\"money\":99900,\"nickName\":\"若依\",\"params\":{},\"remark\":\"\",\"type\":0,\"userId\":6,\"userName\":\"admin\"}','{\"code\":200,\"data\":true,\"msg\":\"操作成功\"}',0,NULL,'2024-10-28 09:58:08',17),(474,'账本明细',1,'com.jcwl.admin.book.controller.BookMoneyController.add()','POST',1,'admin','北京总公司','/money-tracker-admin/book/money','127.0.0.1','内网IP','{\"accountId\":2,\"accountName\":\"股票账户\",\"accountUrl\":\"accounts/CsoXM2FSif2EKdxVAAAAAD4QSSs370.png\",\"bookId\":1,\"bookTime\":\"2024-10-28 18:14:27\",\"categoryId\":3,\"categoryName\":\"交际聚会\",\"categoryUrl\":\"categories/CsoXM2FoFJeESjseAAAAANtx6Ok909.png\",\"createBy\":\"admin\",\"createId\":1,\"createTime\":\"2024-10-28T18:14:37.011+08:00\",\"detailImg\":\"\",\"id\":109,\"money\":8800,\"nickName\":\"若依1\",\"params\":{},\"remark\":\"\",\"type\":1,\"userId\":4,\"userName\":\"ry1\"}','{\"code\":200,\"data\":true,\"msg\":\"操作成功\"}',0,NULL,'2024-10-28 10:14:37',115),(475,'账本用户',2,'com.jcwl.admin.book.controller.BookUserController.edit()','PUT',1,'admin','北京总公司','/money-tracker-admin/book/user','127.0.0.1','内网IP','{\"auditStatus\":\"1\",\"auth\":0,\"avatar\":\"2024/10/24/1729740074864_20241024112115A002.png\",\"bookId\":1,\"createBy\":\"admin\",\"createId\":1,\"createTime\":\"2024-10-28 14:49:00\",\"defaultBook\":0,\"delFlag\":\"0\",\"id\":4,\"nickName\":\"若依2\",\"params\":{},\"status\":\"0\",\"updateBy\":\"admin\",\"updateId\":1,\"updateTime\":\"2024-10-29T09:35:03.725+08:00\",\"userId\":4,\"userName\":\"ry1\"}',NULL,1,'nested exception is org.apache.ibatis.binding.BindingException: Parameter \'nickName\' not found. Available parameters are [arg2, arg1, arg0, param3, param1, param2]','2024-10-29 01:35:03',17),(476,'账本用户',2,'com.jcwl.admin.book.controller.BookUserController.edit()','PUT',1,'admin','北京总公司','/money-tracker-admin/book/user','127.0.0.1','内网IP','{\"auditStatus\":\"1\",\"auth\":0,\"avatar\":\"2024/10/24/1729740074864_20241024112115A002.png\",\"bookId\":1,\"createBy\":\"admin\",\"createId\":1,\"createTime\":\"2024-10-28 14:49:00\",\"defaultBook\":0,\"delFlag\":\"0\",\"id\":4,\"nickName\":\"若依2\",\"params\":{},\"status\":\"0\",\"updateBy\":\"admin\",\"updateId\":1,\"updateTime\":\"2024-10-29T09:36:09.889+08:00\",\"userId\":4,\"userName\":\"ry1\"}','{\"code\":200,\"data\":true,\"msg\":\"操作成功\"}',0,NULL,'2024-10-29 01:36:09',23),(477,'账本用户',2,'com.jcwl.admin.book.controller.BookUserController.edit()','PUT',1,'admin','北京总公司','/money-tracker-admin/book/user','127.0.0.1','内网IP','{\"auditStatus\":\"1\",\"auth\":0,\"avatar\":\"2024/10/24/1729740074864_20241024112115A002.png\",\"bookId\":1,\"createBy\":\"admin\",\"createId\":1,\"createTime\":\"2024-10-28 14:49:00\",\"defaultBook\":0,\"delFlag\":\"0\",\"id\":4,\"nickName\":\"若依23\",\"params\":{},\"status\":\"0\",\"updateBy\":\"admin\",\"updateId\":1,\"updateTime\":\"2024-10-29T09:37:15.997+08:00\",\"userId\":4,\"userName\":\"ry1\"}','{\"code\":200,\"data\":true,\"msg\":\"操作成功\"}',0,NULL,'2024-10-29 01:37:16',13),(478,'账本用户',2,'com.jcwl.admin.book.controller.BookUserController.edit()','PUT',1,'admin','北京总公司','/money-tracker-admin/book/user','127.0.0.1','内网IP','{\"auditStatus\":\"1\",\"auth\":0,\"avatar\":\"2024/10/24/1729740074864_20241024112115A002.png\",\"bookId\":1,\"createBy\":\"admin\",\"createId\":1,\"createTime\":\"2024-10-28 14:49:00\",\"defaultBook\":0,\"delFlag\":\"0\",\"id\":4,\"nickName\":\"若依23\",\"params\":{},\"status\":\"0\",\"updateBy\":\"admin\",\"updateId\":1,\"updateTime\":\"2024-10-29T09:38:27.379+08:00\",\"userId\":4,\"userName\":\"ry1\"}','{\"code\":200,\"data\":true,\"msg\":\"操作成功\"}',0,NULL,'2024-10-29 01:38:27',9),(479,'账本用户',2,'com.jcwl.admin.book.controller.BookUserController.edit()','PUT',1,'admin','北京总公司','/money-tracker-admin/book/user','127.0.0.1','内网IP','{\"auditStatus\":\"1\",\"auth\":0,\"avatar\":\"2024/10/24/1729740074864_20241024112115A002.png\",\"bookId\":1,\"createBy\":\"admin\",\"createId\":1,\"createTime\":\"2024-10-28 14:48:54\",\"defaultBook\":0,\"delFlag\":\"0\",\"id\":3,\"nickName\":\"ry\",\"params\":{},\"status\":\"0\",\"updateBy\":\"admin\",\"updateId\":1,\"updateTime\":\"2024-10-29T09:38:36.462+08:00\",\"userId\":2,\"userName\":\"ry\"}','{\"code\":200,\"data\":true,\"msg\":\"操作成功\"}',0,NULL,'2024-10-29 01:38:36',8),(480,'账本',1,'com.jcwl.admin.book.controller.BookController.add()','POST',1,'admin','北京总公司','/money-tracker-admin/book/book','127.0.0.1','内网IP','{\"bookAvatar\":\"2024/10/29/CsoXM2AFbE2EcC_yAAAAALsTSME752_20241029094443A001.png\",\"bookName\":\"测试排序\",\"createBy\":\"admin\",\"createId\":1,\"createTime\":\"2024-10-29T09:44:48.624+08:00\",\"defaultBook\":1,\"id\":5,\"params\":{},\"userAudit\":0,\"userId\":1}','{\"code\":200,\"data\":true,\"msg\":\"操作成功\"}',0,NULL,'2024-10-29 01:44:48',69),(481,'账本明细',1,'com.jcwl.admin.book.controller.BookMoneyController.add()','POST',1,'admin','北京总公司','/money-tracker-admin/book/money','127.0.0.1','内网IP','{\"accountId\":72,\"accountName\":\"现金\",\"accountUrl\":\"accounts/CsoXM2FSif6EAzKxAAAAALnMcJw367.png\",\"bookId\":5,\"bookTime\":\"2024-10-29 10:25:30\",\"categoryId\":2,\"categoryName\":\"运动健身\",\"categoryUrl\":\"categories/CsoXNGFSifqEOIzBAAAAAMPsFdc133.png\",\"createBy\":\"admin\",\"createId\":1,\"createTime\":\"2024-10-29T10:25:43.51+08:00\",\"detailImg\":\"\",\"id\":110,\"money\":8800,\"nickName\":\"若依\",\"params\":{},\"remark\":\"\",\"type\":1,\"userId\":7,\"userName\":\"admin\"}',NULL,1,'Values must not be \'null\' or empty.','2024-10-29 02:25:43',31),(482,'账本明细',1,'com.jcwl.admin.book.controller.BookMoneyController.add()','POST',1,'admin','北京总公司','/money-tracker-admin/book/money','127.0.0.1','内网IP','{\"accountId\":72,\"accountName\":\"现金\",\"accountUrl\":\"accounts/CsoXM2FSif6EAzKxAAAAALnMcJw367.png\",\"bookId\":5,\"bookTime\":\"2024-10-29 10:25:30\",\"categoryId\":2,\"categoryName\":\"运动健身\",\"categoryUrl\":\"categories/CsoXNGFSifqEOIzBAAAAAMPsFdc133.png\",\"createBy\":\"admin\",\"createId\":1,\"createTime\":\"2024-10-29T10:26:31.656+08:00\",\"detailImg\":\"\",\"id\":111,\"money\":8800,\"nickName\":\"若依\",\"params\":{},\"remark\":\"\",\"type\":1,\"userId\":7,\"userName\":\"admin\"}',NULL,1,'Values must not be \'null\' or empty.','2024-10-29 02:28:41',129468),(483,'账本明细',1,'com.jcwl.admin.book.controller.BookMoneyController.add()','POST',1,'admin','北京总公司','/money-tracker-admin/book/money','127.0.0.1','内网IP','{\"accountId\":72,\"accountName\":\"现金\",\"accountUrl\":\"accounts/CsoXM2FSif6EAzKxAAAAALnMcJw367.png\",\"bookId\":5,\"bookTime\":\"2024-10-29 10:25:30\",\"categoryId\":2,\"categoryName\":\"运动健身\",\"categoryUrl\":\"categories/CsoXNGFSifqEOIzBAAAAAMPsFdc133.png\",\"createBy\":\"admin\",\"createId\":1,\"createTime\":\"2024-10-29T10:29:00.094+08:00\",\"detailImg\":\"\",\"id\":112,\"money\":8800,\"nickName\":\"若依\",\"params\":{},\"remark\":\"\",\"type\":1,\"userId\":7,\"userName\":\"admin\"}','{\"code\":200,\"data\":true,\"msg\":\"操作成功\"}',0,NULL,'2024-10-29 02:29:06',5964),(484,'账本明细',1,'com.jcwl.admin.book.controller.BookMoneyController.add()','POST',1,'admin','北京总公司','/money-tracker-admin/book/money','127.0.0.1','内网IP','{\"accountId\":72,\"accountName\":\"现金\",\"accountUrl\":\"accounts/CsoXM2FSif6EAzKxAAAAALnMcJw367.png\",\"bookId\":5,\"bookTime\":\"2024-10-29 10:35:06\",\"categoryName\":\"请选择\",\"categoryUrl\":\"\",\"createBy\":\"admin\",\"createId\":1,\"createTime\":\"2024-10-29T10:36:04.976+08:00\",\"detailImg\":\"\",\"id\":113,\"money\":8800,\"nickName\":\"若依\",\"params\":{},\"remark\":\"\",\"type\":1,\"userId\":1,\"userName\":\"admin\"}',NULL,1,'Cannot invoke \"com.jcwl.admin.category.domain.CategoryBase.getCategoryBaseId()\" because \"categoryBase\" is null','2024-10-29 02:36:22',17910),(485,'账本明细',1,'com.jcwl.admin.book.controller.BookMoneyController.add()','POST',1,'admin','北京总公司','/money-tracker-admin/book/money','127.0.0.1','内网IP','{\"accountId\":72,\"accountName\":\"现金\",\"accountUrl\":\"accounts/CsoXM2FSif6EAzKxAAAAALnMcJw367.png\",\"bookId\":5,\"bookTime\":\"2024-10-29 10:36:58\",\"categoryId\":2,\"categoryName\":\"运动健身\",\"categoryUrl\":\"categories/CsoXNGFSifqEOIzBAAAAAMPsFdc133.png\",\"createBy\":\"admin\",\"createId\":1,\"createTime\":\"2024-10-29T10:37:03.8+08:00\",\"detailImg\":\"\",\"id\":114,\"money\":8800,\"nickName\":\"若依\",\"params\":{},\"remark\":\"\",\"type\":1,\"userId\":1,\"userName\":\"admin\"}','{\"code\":200,\"data\":true,\"msg\":\"操作成功\"}',0,NULL,'2024-10-29 02:37:11',7582),(486,'账本明细',1,'com.jcwl.admin.book.controller.BookMoneyController.add()','POST',1,'admin','北京总公司','/money-tracker-admin/book/money','127.0.0.1','内网IP','{\"accountId\":72,\"accountName\":\"现金\",\"accountUrl\":\"accounts/CsoXM2FSif6EAzKxAAAAALnMcJw367.png\",\"bookId\":5,\"bookTime\":\"2024-10-29 10:52:53\",\"categoryId\":4,\"categoryName\":\"休闲玩乐\",\"categoryUrl\":\"categories/CsoXM2FSifiEJdmcAAAAAGRGnFw870.png\",\"createBy\":\"admin\",\"createId\":1,\"createTime\":\"2024-10-29T10:53:07.906+08:00\",\"detailImg\":\"\",\"id\":115,\"money\":5500,\"nickName\":\"若依\",\"params\":{},\"remark\":\"\",\"type\":1,\"userId\":1,\"userName\":\"admin\"}','{\"code\":200,\"data\":true,\"msg\":\"操作成功\"}',0,NULL,'2024-10-29 02:53:08',109),(487,'账本明细',1,'com.jcwl.admin.book.controller.BookMoneyController.add()','POST',1,'admin','北京总公司','/money-tracker-admin/book/money','127.0.0.1','内网IP','{\"accountId\":72,\"accountName\":\"现金\",\"accountUrl\":\"accounts/CsoXM2FSif6EAzKxAAAAALnMcJw367.png\",\"bookId\":5,\"bookTime\":\"2024-10-29 10:52:53\",\"categoryId\":14,\"categoryName\":\"书报杂志\",\"categoryUrl\":\"categories/CsoXM2FSifaEH1LZAAAAAPWNf7A489.png\",\"createBy\":\"admin\",\"createId\":1,\"createTime\":\"2024-10-29T10:53:16.507+08:00\",\"detailImg\":\"\",\"id\":116,\"money\":559900,\"nickName\":\"若依\",\"params\":{},\"remark\":\"\",\"type\":1,\"userId\":1,\"userName\":\"admin\"}','{\"code\":200,\"data\":true,\"msg\":\"操作成功\"}',0,NULL,'2024-10-29 02:53:16',15),(488,'账本明细',1,'com.jcwl.admin.book.controller.BookMoneyController.add()','POST',1,'admin','北京总公司','/money-tracker-admin/book/money','127.0.0.1','内网IP','{\"accountId\":72,\"accountName\":\"现金\",\"accountUrl\":\"accounts/CsoXM2FSif6EAzKxAAAAALnMcJw367.png\",\"bookId\":5,\"bookTime\":\"2024-10-29 10:53:19\",\"categoryId\":15,\"categoryName\":\"培训进修\",\"categoryUrl\":\"categories/CsoXNGFSifiEMgxEAAAAAKG2aJM255.png\",\"createBy\":\"admin\",\"createId\":1,\"createTime\":\"2024-10-29T10:56:53.713+08:00\",\"detailImg\":\"\",\"id\":117,\"money\":8800,\"nickName\":\"若依\",\"params\":{},\"remark\":\"\",\"type\":1,\"userId\":1,\"userName\":\"admin\"}','{\"code\":200,\"data\":true,\"msg\":\"操作成功\"}',0,NULL,'2024-10-29 02:56:53',93),(489,'账本明细',1,'com.jcwl.admin.book.controller.BookMoneyController.add()','POST',1,'admin','北京总公司','/money-tracker-admin/book/money','127.0.0.1','内网IP','{\"accountId\":72,\"accountName\":\"现金\",\"accountUrl\":\"accounts/CsoXM2FSif6EAzKxAAAAALnMcJw367.png\",\"bookId\":5,\"bookTime\":\"2024-10-29 10:56:57\",\"categoryId\":18,\"categoryName\":\"还人钱物\",\"categoryUrl\":\"categories/CsoXM2FSif6EAzKxAAAAALnMcJw367.png\",\"createBy\":\"admin\",\"createId\":1,\"createTime\":\"2024-10-29T10:58:16.736+08:00\",\"detailImg\":\"\",\"id\":118,\"money\":8800,\"nickName\":\"若依\",\"params\":{},\"remark\":\"\",\"type\":1,\"userId\":1,\"userName\":\"admin\"}','{\"code\":200,\"data\":true,\"msg\":\"操作成功\"}',0,NULL,'2024-10-29 02:58:43',26316),(490,'账本明细',1,'com.jcwl.admin.book.controller.BookMoneyController.add()','POST',1,'admin','北京总公司','/money-tracker-admin/book/money','127.0.0.1','内网IP','{\"accountId\":72,\"accountName\":\"现金\",\"accountUrl\":\"accounts/CsoXM2FSif6EAzKxAAAAALnMcJw367.png\",\"bookId\":5,\"bookTime\":\"2024-10-29 10:59:24\",\"categoryId\":11,\"categoryName\":\"治疗费\",\"categoryUrl\":\"categories/CsoXM2FSifmEeZieAAAAAIiuFXw832.png\",\"createBy\":\"admin\",\"createId\":1,\"createTime\":\"2024-10-29T10:59:30.48+08:00\",\"detailImg\":\"\",\"id\":119,\"money\":6600,\"nickName\":\"若依\",\"params\":{},\"remark\":\"\",\"type\":1,\"userId\":1,\"userName\":\"admin\"}','{\"code\":200,\"data\":true,\"msg\":\"操作成功\"}',0,NULL,'2024-10-29 02:59:30',15),(491,'账本明细',1,'com.jcwl.admin.book.controller.BookMoneyController.add()','POST',1,'admin','北京总公司','/money-tracker-admin/book/money','127.0.0.1','内网IP','{\"accountId\":72,\"accountName\":\"现金\",\"accountUrl\":\"accounts/CsoXM2FSif6EAzKxAAAAALnMcJw367.png\",\"bookId\":5,\"bookTime\":\"2024-10-29 10:59:31\",\"categoryId\":21,\"categoryName\":\"投资亏损\",\"categoryUrl\":\"categories/CsoXM2FSifOEDUHuAAAAAMa2pzA837.png\",\"createBy\":\"admin\",\"createId\":1,\"createTime\":\"2024-10-29T10:59:41.916+08:00\",\"detailImg\":\"\",\"id\":120,\"money\":8800,\"nickName\":\"若依\",\"params\":{},\"remark\":\"\",\"type\":1,\"userId\":1,\"userName\":\"admin\"}','{\"code\":200,\"data\":true,\"msg\":\"操作成功\"}',0,NULL,'2024-10-29 02:59:41',15),(492,'账本明细',1,'com.jcwl.admin.book.controller.BookMoneyController.add()','POST',1,'admin','北京总公司','/money-tracker-admin/book/money','127.0.0.1','内网IP','{\"accountId\":72,\"accountName\":\"现金\",\"accountUrl\":\"accounts/CsoXM2FSif6EAzKxAAAAALnMcJw367.png\",\"bookId\":5,\"bookTime\":\"2024-10-29 10:59:43\",\"categoryId\":36,\"categoryName\":\"公共交通\",\"categoryUrl\":\"categories/CsoXM2FSifuEE7iYAAAAAFNqqh4519.png\",\"createBy\":\"admin\",\"createId\":1,\"createTime\":\"2024-10-29T10:59:55.492+08:00\",\"detailImg\":\"\",\"id\":121,\"money\":2000,\"nickName\":\"若依\",\"params\":{},\"remark\":\"\",\"type\":1,\"userId\":1,\"userName\":\"admin\"}','{\"code\":200,\"data\":true,\"msg\":\"操作成功\"}',0,NULL,'2024-10-29 02:59:55',14),(493,'账本明细',1,'com.jcwl.admin.book.controller.BookMoneyController.add()','POST',1,'admin','北京总公司','/money-tracker-admin/book/money','127.0.0.1','内网IP','{\"accountId\":72,\"accountName\":\"现金\",\"accountUrl\":\"accounts/CsoXM2FSif6EAzKxAAAAALnMcJw367.png\",\"bookId\":5,\"bookTime\":\"2024-10-29 11:00:24\",\"categoryId\":40,\"categoryName\":\"日常用品\",\"categoryUrl\":\"categories/CsoXM2FSifWEdoA4AAAAAGLSDdo781.png\",\"createBy\":\"admin\",\"createId\":1,\"createTime\":\"2024-10-29T11:00:30.837+08:00\",\"detailImg\":\"\",\"id\":122,\"money\":9900,\"nickName\":\"若依\",\"params\":{},\"remark\":\"\",\"type\":1,\"userId\":1,\"userName\":\"admin\"}','{\"code\":200,\"data\":true,\"msg\":\"操作成功\"}',0,NULL,'2024-10-29 03:00:30',98),(494,'账本明细',1,'com.jcwl.admin.book.controller.BookMoneyController.add()','POST',1,'admin','北京总公司','/money-tracker-admin/book/money','127.0.0.1','内网IP','{\"accountId\":72,\"accountName\":\"现金\",\"accountUrl\":\"accounts/CsoXM2FSif6EAzKxAAAAALnMcJw367.png\",\"bookId\":5,\"bookTime\":\"2024-10-29 11:00:32\",\"categoryId\":37,\"categoryName\":\"打车租车\",\"categoryUrl\":\"categories/CsoXNGFSifGEeHFLAAAAAOROxwU997.png\",\"createBy\":\"admin\",\"createId\":1,\"createTime\":\"2024-10-29T11:00:36.05+08:00\",\"detailImg\":\"\",\"id\":123,\"money\":3300,\"nickName\":\"若依\",\"params\":{},\"remark\":\"\",\"type\":1,\"userId\":1,\"userName\":\"admin\"}','{\"code\":200,\"data\":true,\"msg\":\"操作成功\"}',0,NULL,'2024-10-29 03:00:36',18),(495,'账本明细',1,'com.jcwl.admin.book.controller.BookMoneyController.add()','POST',1,'admin','北京总公司','/money-tracker-admin/book/money','127.0.0.1','内网IP','{\"accountId\":72,\"accountName\":\"现金\",\"accountUrl\":\"accounts/CsoXM2FSif6EAzKxAAAAALnMcJw367.png\",\"bookId\":5,\"bookTime\":\"2024-10-29 11:00:37\",\"categoryId\":36,\"categoryName\":\"公共交通\",\"categoryUrl\":\"categories/CsoXM2FSifuEE7iYAAAAAFNqqh4519.png\",\"createBy\":\"admin\",\"createId\":1,\"createTime\":\"2024-10-29T11:00:41.935+08:00\",\"detailImg\":\"\",\"id\":124,\"money\":5500,\"nickName\":\"若依\",\"params\":{},\"remark\":\"\",\"type\":1,\"userId\":1,\"userName\":\"admin\"}','{\"code\":200,\"data\":true,\"msg\":\"操作成功\"}',0,NULL,'2024-10-29 03:00:41',15),(496,'账本明细',1,'com.jcwl.admin.book.controller.BookMoneyController.add()','POST',1,'admin','北京总公司','/money-tracker-admin/book/money','127.0.0.1','内网IP','{\"accountId\":73,\"accountName\":\"银行卡\",\"accountUrl\":\"accounts/CsoXM2FSifOEYsgnAAAAAMOEu9U801.png\",\"bookId\":5,\"bookTime\":\"2024-10-29 11:29:21\",\"categoryId\":36,\"categoryName\":\"公共交通\",\"categoryUrl\":\"categories/CsoXM2FSifuEE7iYAAAAAFNqqh4519.png\",\"createBy\":\"admin\",\"createId\":1,\"createTime\":\"2024-10-29T11:29:28.54+08:00\",\"detailImg\":\"\",\"id\":125,\"money\":200,\"nickName\":\"若依\",\"params\":{},\"remark\":\"\",\"type\":1,\"userId\":1,\"userName\":\"admin\"}','{\"code\":200,\"data\":true,\"msg\":\"操作成功\"}',0,NULL,'2024-10-29 03:29:28',146),(497,'账本明细',1,'com.jcwl.admin.book.controller.BookMoneyController.add()','POST',1,'admin','北京总公司','/money-tracker-admin/book/money','127.0.0.1','内网IP','{\"accountId\":74,\"accountName\":\"微信钱包\",\"accountUrl\":\"accounts/CsoXNGFSifOES99BAAAAANV7Lwg152.png\",\"bookId\":5,\"bookTime\":\"2024-10-29 11:29:29\",\"categoryId\":3,\"categoryName\":\"交际聚会\",\"categoryUrl\":\"categories/CsoXM2FoFJeESjseAAAAANtx6Ok909.png\",\"createBy\":\"admin\",\"createId\":1,\"createTime\":\"2024-10-29T11:29:44.775+08:00\",\"detailImg\":\"\",\"id\":126,\"money\":500,\"nickName\":\"若依\",\"params\":{},\"remark\":\"\",\"type\":1,\"userId\":1,\"userName\":\"admin\"}','{\"code\":200,\"data\":true,\"msg\":\"操作成功\"}',0,NULL,'2024-10-29 03:29:44',17),(498,'账本明细',1,'com.jcwl.admin.book.controller.BookMoneyController.add()','POST',1,'admin','北京总公司','/money-tracker-admin/book/money','127.0.0.1','内网IP','{\"accountName\":\"微信钱包\",\"accountUrl\":\"accounts/CsoXNGFSifOES99BAAAAANV7Lwg152.png\",\"bookId\":5,\"bookTime\":\"2024-10-29 11:29:45\",\"categoryId\":3,\"categoryName\":\"交际聚会\",\"categoryUrl\":\"categories/CsoXM2FoFJeESjseAAAAANtx6Ok909.png\",\"createBy\":\"admin\",\"createId\":1,\"createTime\":\"2024-10-29T11:31:20.497+08:00\",\"detailImg\":\"\",\"money\":8800,\"nickName\":\"若依\",\"params\":{},\"remark\":\"\",\"type\":1,\"userId\":1,\"userName\":\"admin\"}',NULL,1,'\r\n### Error updating database.  Cause: java.sql.SQLException: Field \'account_id\' doesn\'t have a default value\r\n### The error may exist in file [E:\\itzixiao\\workspace\\money-tracker-project\\java\\money-tracker-service\\money-tracker-admin\\target\\classes\\mapper\\book\\BookMoneyMapper.xml]\r\n### The error may involve com.jcwl.admin.book.mapper.BookMoneyMapper.insert-Inline\r\n### The error occurred while setting parameters\r\n### SQL: insert into book_money          ( book_id,                                           category_id,                                           category_name,                                           category_url,                                                        account_name,                                           account_url,                                           user_id,                                           user_name,                                           nick_name,                                           money,                                           book_time,                                           type,                                                                     detail_img,                                                                                                            create_id,                                           create_by,                                           create_time,                                                                                  remark )           values ( ?,                                           ?,                                           ?,                                           ?,                                                        ?,                                           ?,                                           ?,                                           ?,                                           ?,                                           ?,                                           ?,                                           ?,       ','2024-10-29 03:31:20',94),(499,'账本明细',1,'com.jcwl.admin.book.controller.BookMoneyController.add()','POST',1,'admin','北京总公司','/money-tracker-admin/book/money','127.0.0.1','内网IP','{\"accountId\":72,\"accountName\":\"现金\",\"accountUrl\":\"accounts/CsoXM2FSif6EAzKxAAAAALnMcJw367.png\",\"bookId\":5,\"bookTime\":\"2024-10-29 11:32:06\",\"categoryId\":3,\"categoryName\":\"交际聚会\",\"categoryUrl\":\"categories/CsoXM2FoFJeESjseAAAAANtx6Ok909.png\",\"createBy\":\"admin\",\"createId\":1,\"createTime\":\"2024-10-29T11:32:55.288+08:00\",\"detailImg\":\"\",\"id\":127,\"money\":8800,\"nickName\":\"若依\",\"params\":{},\"remark\":\"\",\"type\":1,\"userId\":1,\"userName\":\"admin\"}','{\"code\":200,\"data\":true,\"msg\":\"操作成功\"}',0,NULL,'2024-10-29 03:32:55',30),(500,'账本明细',1,'com.jcwl.admin.book.controller.BookMoneyController.add()','POST',1,'admin','北京总公司','/money-tracker-admin/book/money','127.0.0.1','内网IP','{\"accountName\":\"现金\",\"accountUrl\":\"accounts/CsoXM2FSif6EAzKxAAAAALnMcJw367.png\",\"bookId\":5,\"bookTime\":\"2024-10-29 11:32:56\",\"categoryId\":3,\"categoryName\":\"交际聚会\",\"categoryUrl\":\"categories/CsoXM2FoFJeESjseAAAAANtx6Ok909.png\",\"createBy\":\"admin\",\"createId\":1,\"createTime\":\"2024-10-29T11:33:16.872+08:00\",\"detailImg\":\"\",\"money\":8800,\"nickName\":\"若依\",\"params\":{},\"remark\":\"\",\"type\":1,\"userId\":1,\"userName\":\"admin\"}',NULL,1,'\r\n### Error updating database.  Cause: java.sql.SQLException: Field \'account_id\' doesn\'t have a default value\r\n### The error may exist in file [E:\\itzixiao\\workspace\\money-tracker-project\\java\\money-tracker-service\\money-tracker-admin\\target\\classes\\mapper\\book\\BookMoneyMapper.xml]\r\n### The error may involve com.jcwl.admin.book.mapper.BookMoneyMapper.insert-Inline\r\n### The error occurred while setting parameters\r\n### SQL: insert into book_money          ( book_id,                                           category_id,                                           category_name,                                           category_url,                                                        account_name,                                           account_url,                                           user_id,                                           user_name,                                           nick_name,                                           money,                                           book_time,                                           type,                                                                     detail_img,                                                                                                            create_id,                                           create_by,                                           create_time,                                                                                  remark )           values ( ?,                                           ?,                                           ?,                                           ?,                                                        ?,                                           ?,                                           ?,                                           ?,                                           ?,                                           ?,                                           ?,                                           ?,       ','2024-10-29 03:33:16',6),(501,'账本明细',1,'com.jcwl.admin.book.controller.BookMoneyController.add()','POST',1,'admin','北京总公司','/money-tracker-admin/book/money','127.0.0.1','内网IP','{\"accountName\":\"现金\",\"accountUrl\":\"accounts/CsoXM2FSif6EAzKxAAAAALnMcJw367.png\",\"bookId\":5,\"bookTime\":\"2024-10-29 11:34:04\",\"categoryId\":3,\"categoryName\":\"交际聚会\",\"categoryUrl\":\"categories/CsoXM2FoFJeESjseAAAAANtx6Ok909.png\",\"createBy\":\"admin\",\"createId\":1,\"createTime\":\"2024-10-29T11:34:36.661+08:00\",\"detailImg\":\"\",\"money\":8800,\"nickName\":\"若依\",\"params\":{},\"remark\":\"\",\"type\":1,\"userId\":1,\"userName\":\"admin\"}',NULL,1,'\r\n### Error updating database.  Cause: java.sql.SQLException: Field \'account_id\' doesn\'t have a default value\r\n### The error may exist in file [E:\\itzixiao\\workspace\\money-tracker-project\\java\\money-tracker-service\\money-tracker-admin\\target\\classes\\mapper\\book\\BookMoneyMapper.xml]\r\n### The error may involve com.jcwl.admin.book.mapper.BookMoneyMapper.insert-Inline\r\n### The error occurred while setting parameters\r\n### SQL: insert into book_money          ( book_id,                                           category_id,                                           category_name,                                           category_url,                                                        account_name,                                           account_url,                                           user_id,                                           user_name,                                           nick_name,                                           money,                                           book_time,                                           type,                                                                     detail_img,                                                                                                            create_id,                                           create_by,                                           create_time,                                                                                  remark )           values ( ?,                                           ?,                                           ?,                                           ?,                                                        ?,                                           ?,                                           ?,                                           ?,                                           ?,                                           ?,                                           ?,                                           ?,       ','2024-10-29 03:34:36',5),(502,'账本明细',1,'com.jcwl.admin.book.controller.BookMoneyController.add()','POST',1,'admin','北京总公司','/money-tracker-admin/book/money','127.0.0.1','内网IP','{\"accountId\":8,\"accountName\":\"现金\",\"accountUrl\":\"accounts/CsoXM2FSif6EAzKxAAAAALnMcJw367.png\",\"bookId\":5,\"bookTime\":\"2024-10-29 11:40:49\",\"categoryId\":3,\"categoryName\":\"交际聚会\",\"categoryUrl\":\"categories/CsoXM2FoFJeESjseAAAAANtx6Ok909.png\",\"createBy\":\"admin\",\"createId\":1,\"createTime\":\"2024-10-29T11:40:54.899+08:00\",\"detailImg\":\"\",\"id\":128,\"money\":0,\"nickName\":\"若依\",\"params\":{},\"remark\":\"\",\"type\":1,\"userId\":1,\"userName\":\"admin\"}',NULL,1,'数据错误！','2024-10-29 03:40:54',11),(503,'账本明细',1,'com.jcwl.admin.book.controller.BookMoneyController.add()','POST',1,'admin','北京总公司','/money-tracker-admin/book/money','127.0.0.1','内网IP','{\"accountName\":\"现金\",\"accountUrl\":\"accounts/CsoXM2FSif6EAzKxAAAAALnMcJw367.png\",\"bookId\":5,\"bookTime\":\"2024-10-29 11:43:39\",\"categoryId\":3,\"categoryName\":\"交际聚会\",\"categoryUrl\":\"categories/CsoXM2FoFJeESjseAAAAANtx6Ok909.png\",\"createBy\":\"admin\",\"createId\":1,\"createTime\":\"2024-10-29T11:47:38.12+08:00\",\"detailImg\":\"\",\"money\":0,\"nickName\":\"若依\",\"params\":{},\"remark\":\"\",\"type\":1,\"userId\":1,\"userName\":\"admin\"}',NULL,1,'\r\n### Error updating database.  Cause: java.sql.SQLException: Field \'account_id\' doesn\'t have a default value\r\n### The error may exist in file [E:\\itzixiao\\workspace\\money-tracker-project\\java\\money-tracker-service\\money-tracker-admin\\target\\classes\\mapper\\book\\BookMoneyMapper.xml]\r\n### The error may involve com.jcwl.admin.book.mapper.BookMoneyMapper.insert-Inline\r\n### The error occurred while setting parameters\r\n### SQL: insert into book_money          ( book_id,                                           category_id,                                           category_name,                                           category_url,                                                        account_name,                                           account_url,                                           user_id,                                           user_name,                                           nick_name,                                           money,                                           book_time,                                           type,                                                                     detail_img,                                                                                                            create_id,                                           create_by,                                           create_time,                                                                                  remark )           values ( ?,                                           ?,                                           ?,                                           ?,                                                        ?,                                           ?,                                           ?,                                           ?,                                           ?,                                           ?,                                           ?,                                           ?,       ','2024-10-29 03:47:38',8),(504,'账本明细',1,'com.jcwl.admin.book.controller.BookMoneyController.add()','POST',1,'admin','北京总公司','/money-tracker-admin/book/money','127.0.0.1','内网IP','{\"accountName\":\"现金\",\"accountUrl\":\"accounts/CsoXM2FSif6EAzKxAAAAALnMcJw367.png\",\"bookId\":5,\"bookTime\":\"2024-10-29 11:43:39\",\"categoryId\":3,\"categoryName\":\"交际聚会\",\"categoryUrl\":\"categories/CsoXM2FoFJeESjseAAAAANtx6Ok909.png\",\"createBy\":\"admin\",\"createId\":1,\"createTime\":\"2024-10-29T11:48:30.01+08:00\",\"detailImg\":\"\",\"money\":66,\"nickName\":\"若依\",\"params\":{},\"remark\":\"\",\"type\":1,\"userId\":1,\"userName\":\"admin\"}',NULL,1,'\r\n### Error updating database.  Cause: java.sql.SQLException: Field \'account_id\' doesn\'t have a default value\r\n### The error may exist in file [E:\\itzixiao\\workspace\\money-tracker-project\\java\\money-tracker-service\\money-tracker-admin\\target\\classes\\mapper\\book\\BookMoneyMapper.xml]\r\n### The error may involve com.jcwl.admin.book.mapper.BookMoneyMapper.insert-Inline\r\n### The error occurred while setting parameters\r\n### SQL: insert into book_money          ( book_id,                                           category_id,                                           category_name,                                           category_url,                                                        account_name,                                           account_url,                                           user_id,                                           user_name,                                           nick_name,                                           money,                                           book_time,                                           type,                                                                     detail_img,                                                                                                            create_id,                                           create_by,                                           create_time,                                                                                  remark )           values ( ?,                                           ?,                                           ?,                                           ?,                                                        ?,                                           ?,                                           ?,                                           ?,                                           ?,                                           ?,                                           ?,                                           ?,       ','2024-10-29 03:48:30',120),(505,'账本明细',1,'com.jcwl.admin.book.controller.BookMoneyController.add()','POST',1,'admin','北京总公司','/money-tracker-admin/book/money','127.0.0.1','内网IP','{\"accountId\":72,\"accountName\":\"现金\",\"accountUrl\":\"accounts/CsoXM2FSif6EAzKxAAAAALnMcJw367.png\",\"bookId\":5,\"bookTime\":\"2024-10-29 11:49:13\",\"categoryId\":3,\"categoryName\":\"交际聚会\",\"categoryUrl\":\"categories/CsoXM2FoFJeESjseAAAAANtx6Ok909.png\",\"createBy\":\"admin\",\"createId\":1,\"createTime\":\"2024-10-29T11:49:17.564+08:00\",\"detailImg\":\"\",\"id\":129,\"money\":0,\"nickName\":\"若依\",\"params\":{},\"remark\":\"\",\"type\":1,\"userId\":1,\"userName\":\"admin\"}','{\"code\":200,\"data\":true,\"msg\":\"操作成功\"}',0,NULL,'2024-10-29 03:49:17',30),(506,'账本明细',1,'com.jcwl.admin.book.controller.BookMoneyController.add()','POST',1,'admin','北京总公司','/money-tracker-admin/book/money','127.0.0.1','内网IP','{\"accountId\":73,\"accountName\":\"银行卡\",\"accountUrl\":\"accounts/CsoXM2FSifOEYsgnAAAAAMOEu9U801.png\",\"bookId\":5,\"bookTime\":\"2024-10-29 11:49:19\",\"categoryId\":3,\"categoryName\":\"交际聚会\",\"categoryUrl\":\"categories/CsoXM2FoFJeESjseAAAAANtx6Ok909.png\",\"createBy\":\"admin\",\"createId\":1,\"createTime\":\"2024-10-29T11:49:26.437+08:00\",\"detailImg\":\"\",\"id\":130,\"money\":8800,\"nickName\":\"若依\",\"params\":{},\"remark\":\"\",\"type\":1,\"userId\":1,\"userName\":\"admin\"}','{\"code\":200,\"data\":true,\"msg\":\"操作成功\"}',0,NULL,'2024-10-29 03:49:26',19),(507,'账本明细',1,'com.jcwl.admin.book.controller.BookMoneyController.add()','POST',1,'admin','北京总公司','/money-tracker-admin/book/money','127.0.0.1','内网IP','{\"accountId\":74,\"accountName\":\"微信钱包\",\"accountUrl\":\"accounts/CsoXNGFSifOES99BAAAAANV7Lwg152.png\",\"bookId\":5,\"bookTime\":\"2024-10-29 11:49:19\",\"categoryId\":3,\"categoryName\":\"交际聚会\",\"categoryUrl\":\"categories/CsoXM2FoFJeESjseAAAAANtx6Ok909.png\",\"createBy\":\"admin\",\"createId\":1,\"createTime\":\"2024-10-29T11:49:33.821+08:00\",\"detailImg\":\"\",\"id\":131,\"money\":3300,\"nickName\":\"若依\",\"params\":{},\"remark\":\"\",\"type\":1,\"userId\":1,\"userName\":\"admin\"}','{\"code\":200,\"data\":true,\"msg\":\"操作成功\"}',0,NULL,'2024-10-29 03:49:33',18),(508,'账本明细',1,'com.jcwl.admin.book.controller.BookMoneyController.add()','POST',1,'admin','北京总公司','/money-tracker-admin/book/money','127.0.0.1','内网IP','{\"accountId\":72,\"accountName\":\"现金\",\"accountUrl\":\"accounts/CsoXM2FSif6EAzKxAAAAALnMcJw367.png\",\"bookId\":5,\"bookTime\":\"2024-10-29 11:49:36\",\"categoryId\":3,\"categoryName\":\"交际聚会\",\"categoryUrl\":\"categories/CsoXM2FoFJeESjseAAAAANtx6Ok909.png\",\"createBy\":\"admin\",\"createId\":1,\"createTime\":\"2024-10-29T11:49:45.593+08:00\",\"detailImg\":\"\",\"id\":132,\"money\":0,\"nickName\":\"若依\",\"params\":{},\"remark\":\"\",\"type\":1,\"userId\":1,\"userName\":\"admin\"}','{\"code\":200,\"data\":true,\"msg\":\"操作成功\"}',0,NULL,'2024-10-29 03:49:45',18),(509,'账本明细',1,'com.jcwl.admin.book.controller.BookMoneyController.add()','POST',1,'admin','北京总公司','/money-tracker-admin/book/money','127.0.0.1','内网IP','{\"accountId\":72,\"accountName\":\"现金\",\"accountUrl\":\"accounts/CsoXM2FSif6EAzKxAAAAALnMcJw367.png\",\"bookId\":5,\"bookTime\":\"2024-10-29 11:55:32\",\"categoryId\":3,\"categoryName\":\"交际聚会\",\"categoryUrl\":\"categories/CsoXM2FoFJeESjseAAAAANtx6Ok909.png\",\"createBy\":\"admin\",\"createId\":1,\"createTime\":\"2024-10-29T11:55:41.519+08:00\",\"detailImg\":\"\",\"id\":133,\"money\":0,\"nickName\":\"若依\",\"params\":{},\"remark\":\"\",\"type\":1,\"userId\":1,\"userName\":\"admin\"}','{\"code\":200,\"data\":true,\"msg\":\"操作成功\"}',0,NULL,'2024-10-29 03:55:41',29),(510,'账本明细',1,'com.jcwl.admin.book.controller.BookMoneyController.add()','POST',1,'admin','北京总公司','/money-tracker-admin/book/money','127.0.0.1','内网IP','{\"accountId\":74,\"accountName\":\"微信钱包\",\"accountUrl\":\"accounts/CsoXNGFSifOES99BAAAAANV7Lwg152.png\",\"bookId\":5,\"bookTime\":\"2024-10-29 11:55:44\",\"categoryId\":36,\"categoryName\":\"公共交通\",\"categoryUrl\":\"categories/CsoXM2FSifuEE7iYAAAAAFNqqh4519.png\",\"createBy\":\"admin\",\"createId\":1,\"createTime\":\"2024-10-29T11:55:55.05+08:00\",\"detailImg\":\"\",\"id\":134,\"money\":0,\"nickName\":\"若依\",\"params\":{},\"remark\":\"\",\"type\":1,\"userId\":1,\"userName\":\"admin\"}','{\"code\":200,\"data\":true,\"msg\":\"操作成功\"}',0,NULL,'2024-10-29 03:55:55',16),(511,'账本明细',1,'com.jcwl.admin.book.controller.BookMoneyController.add()','POST',1,'admin','北京总公司','/money-tracker-admin/book/money','127.0.0.1','内网IP','{\"accountId\":74,\"accountName\":\"微信钱包\",\"accountUrl\":\"accounts/CsoXNGFSifOES99BAAAAANV7Lwg152.png\",\"bookId\":5,\"bookTime\":\"2024-10-29 12:00:40\",\"categoryId\":36,\"categoryName\":\"公共交通\",\"categoryUrl\":\"categories/CsoXM2FSifuEE7iYAAAAAFNqqh4519.png\",\"createBy\":\"admin\",\"createId\":1,\"createTime\":\"2024-10-29T12:00:47.944+08:00\",\"detailImg\":\"\",\"id\":135,\"money\":8800,\"nickName\":\"若依\",\"params\":{},\"remark\":\"\",\"type\":1,\"userId\":1,\"userName\":\"admin\"}','{\"code\":200,\"data\":true,\"msg\":\"操作成功\"}',0,NULL,'2024-10-29 04:00:47',15),(512,'账本明细',1,'com.jcwl.admin.book.controller.BookMoneyController.add()','POST',1,'admin','北京总公司','/money-tracker-admin/book/money','127.0.0.1','内网IP','{\"accountId\":72,\"accountName\":\"现金\",\"accountUrl\":\"accounts/CsoXM2FSif6EAzKxAAAAALnMcJw367.png\",\"bookId\":5,\"bookTime\":\"2024-10-29 12:00:51\",\"categoryId\":3,\"categoryName\":\"交际聚会\",\"categoryUrl\":\"categories/CsoXM2FoFJeESjseAAAAANtx6Ok909.png\",\"createBy\":\"admin\",\"createId\":1,\"createTime\":\"2024-10-29T12:01:01.845+08:00\",\"detailImg\":\"\",\"id\":136,\"money\":9900,\"nickName\":\"若依\",\"params\":{},\"remark\":\"\",\"type\":1,\"userId\":1,\"userName\":\"admin\"}','{\"code\":200,\"data\":true,\"msg\":\"操作成功\"}',0,NULL,'2024-10-29 04:01:01',15),(513,'代码生成',2,'com.jcwl.generator.controller.GenController.synchDb()','GET',1,'admin','北京总公司','/money-tracker-admin/tool/gen/synchDb/book_money','127.0.0.1','内网IP','{}','{\"msg\":\"操作成功\",\"code\":200}',0,NULL,'2024-10-29 04:08:23',79),(514,'账本明细',1,'com.jcwl.admin.book.controller.BookMoneyController.add()','POST',1,'admin','北京总公司','/money-tracker-admin/book/money','127.0.0.1','内网IP','{\"accountBaseId\":9,\"accountId\":73,\"accountName\":\"银行卡\",\"accountUrl\":\"accounts/CsoXM2FSifOEYsgnAAAAAMOEu9U801.png\",\"bookId\":5,\"bookTime\":\"2024-10-29 12:12:15\",\"categoryId\":10,\"categoryName\":\"美容费\",\"categoryUrl\":\"categories/CsoXNGFSifOERjHUAAAAAOScuzo788.png\",\"createBy\":\"admin\",\"createId\":1,\"createTime\":\"2024-10-29T12:12:25.151+08:00\",\"detailImg\":\"\",\"id\":137,\"money\":8800,\"nickName\":\"若依\",\"params\":{},\"remark\":\"\",\"type\":1,\"userId\":1,\"userName\":\"admin\"}','{\"code\":200,\"data\":true,\"msg\":\"操作成功\"}',0,NULL,'2024-10-29 04:12:25',129),(515,'账本明细',1,'com.jcwl.admin.book.controller.BookMoneyController.add()','POST',1,'admin','北京总公司','/money-tracker-admin/book/money','10.10.10.121','内网IP','{\"accountBaseId\":9,\"accountId\":73,\"accountName\":\"银行卡\",\"accountUrl\":\"accounts/CsoXM2FSifOEYsgnAAAAAMOEu9U801.png\",\"bookId\":5,\"bookTime\":\"2024-10-27 13:43:00\",\"categoryId\":64,\"categoryName\":\"中奖收入\",\"categoryUrl\":\"categories/CsoXNGFSifmEAT8zAAAAANjygdU605.png\",\"createBy\":\"admin\",\"createId\":1,\"createTime\":\"2024-10-29T13:43:23.254+08:00\",\"detailImg\":\"\",\"id\":138,\"money\":85000,\"nickName\":\"若依\",\"params\":{},\"remark\":\"\",\"type\":0,\"userId\":1,\"userName\":\"admin\"}','{\"code\":200,\"data\":true,\"msg\":\"操作成功\"}',0,NULL,'2024-10-29 05:43:23',27),(516,'账本明细',1,'com.jcwl.admin.book.controller.BookMoneyController.add()','POST',1,'admin','北京总公司','/money-tracker-admin/book/money','10.10.10.121','内网IP','{\"accountBaseId\":9,\"accountId\":73,\"accountName\":\"银行卡\",\"accountUrl\":\"accounts/CsoXM2FSifOEYsgnAAAAAMOEu9U801.png\",\"bookId\":5,\"bookTime\":\"2024-10-29 13:46:40\",\"categoryId\":64,\"categoryName\":\"中奖收入\",\"categoryUrl\":\"categories/CsoXNGFSifmEAT8zAAAAANjygdU605.png\",\"createBy\":\"admin\",\"createId\":1,\"createTime\":\"2024-10-29T13:47:01.399+08:00\",\"detailImg\":\"\",\"id\":139,\"money\":1000000,\"nickName\":\"若依\",\"params\":{},\"remark\":\"\",\"type\":0,\"userId\":1,\"userName\":\"admin\"}','{\"code\":200,\"data\":true,\"msg\":\"操作成功\"}',0,NULL,'2024-10-29 05:47:01',11),(517,'账本明细',1,'com.jcwl.admin.book.controller.BookMoneyController.add()','POST',1,'admin','北京总公司','/money-tracker-admin/book/money','127.0.0.1','内网IP','{\"accountBaseId\":9,\"accountId\":73,\"accountName\":\"银行卡\",\"accountUrl\":\"accounts/CsoXM2FSifOEYsgnAAAAAMOEu9U801.png\",\"bookId\":5,\"bookTime\":\"2024-10-29 13:53:40\",\"categoryId\":10,\"categoryName\":\"美容费\",\"categoryUrl\":\"categories/CsoXNGFSifOERjHUAAAAAOScuzo788.png\",\"createBy\":\"admin\",\"createId\":1,\"createTime\":\"2024-10-29T13:53:47.945+08:00\",\"detailImg\":\"\",\"id\":140,\"money\":8800,\"nickName\":\"若依\",\"params\":{},\"remark\":\"\",\"type\":1,\"userId\":1,\"userName\":\"admin\"}','{\"code\":200,\"data\":true,\"msg\":\"操作成功\"}',0,NULL,'2024-10-29 05:53:47',30),(518,'账本明细',1,'com.jcwl.admin.book.controller.BookMoneyController.add()','POST',1,'admin','北京总公司','/money-tracker-admin/book/money','127.0.0.1','内网IP','{\"accountBaseId\":9,\"accountId\":73,\"accountName\":\"银行卡\",\"accountUrl\":\"accounts/CsoXM2FSifOEYsgnAAAAAMOEu9U801.png\",\"bookId\":5,\"bookTime\":\"2024-10-29 13:53:40\",\"categoryId\":10,\"categoryName\":\"美容费\",\"categoryUrl\":\"categories/CsoXNGFSifOERjHUAAAAAOScuzo788.png\",\"createBy\":\"admin\",\"createId\":1,\"createTime\":\"2024-10-29T13:53:51.935+08:00\",\"detailImg\":\"\",\"id\":141,\"money\":9900,\"nickName\":\"若依\",\"params\":{},\"remark\":\"\",\"type\":1,\"userId\":1,\"userName\":\"admin\"}','{\"code\":200,\"data\":true,\"msg\":\"操作成功\"}',0,NULL,'2024-10-29 05:53:51',15),(519,'账本明细',1,'com.jcwl.admin.book.controller.BookMoneyController.add()','POST',1,'admin','北京总公司','/money-tracker-admin/book/money','127.0.0.1','内网IP','{\"accountBaseId\":9,\"accountId\":73,\"accountName\":\"银行卡\",\"accountUrl\":\"accounts/CsoXM2FSifOEYsgnAAAAAMOEu9U801.png\",\"bookId\":5,\"bookTime\":\"2024-10-29 13:53:40\",\"categoryId\":21,\"categoryName\":\"投资亏损\",\"categoryUrl\":\"categories/CsoXM2FSifOEDUHuAAAAAMa2pzA837.png\",\"createBy\":\"admin\",\"createId\":1,\"createTime\":\"2024-10-29T13:53:58.108+08:00\",\"detailImg\":\"\",\"id\":142,\"money\":6600,\"nickName\":\"若依\",\"params\":{},\"remark\":\"\",\"type\":1,\"userId\":1,\"userName\":\"admin\"}','{\"code\":200,\"data\":true,\"msg\":\"操作成功\"}',0,NULL,'2024-10-29 05:53:58',15),(520,'账本',1,'com.jcwl.admin.book.controller.BookController.add()','POST',1,'admin','北京总公司','/money-tracker-admin/book/book','127.0.0.1','内网IP','{\"bookAvatar\":\"2024/10/29/CsoXM2AFbFCEQJxoAAAAAIQrT7Y602_20241029135807A001.png\",\"bookName\":\"测试统计\",\"createBy\":\"admin\",\"createId\":1,\"createTime\":\"2024-10-29T13:58:09.554+08:00\",\"defaultBook\":1,\"id\":1,\"params\":{},\"userAudit\":0,\"userId\":1}','{\"code\":200,\"data\":true,\"msg\":\"操作成功\"}',0,NULL,'2024-10-29 05:58:09',36),(521,'账本明细',1,'com.jcwl.admin.book.controller.BookMoneyController.add()','POST',1,'admin','北京总公司','/money-tracker-admin/book/money','127.0.0.1','内网IP','{\"accountBaseId\":2,\"accountId\":2,\"accountName\":\"现金\",\"accountUrl\":\"accounts/CsoXM2FSif6EAzKxAAAAALnMcJw367.png\",\"bookId\":1,\"bookTime\":\"2024-10-29 13:58:26\",\"categoryBaseId\":2,\"categoryId\":2,\"categoryName\":\"早午晚餐\",\"categoryUrl\":\"categories/CsoXM2FSifmESGUAAAAAAKPUBSU165.png\",\"createBy\":\"admin\",\"createId\":1,\"createTime\":\"2024-10-29T13:58:39.593+08:00\",\"detailImg\":\"\",\"id\":1,\"money\":9900,\"nickName\":\"若依\",\"params\":{},\"remark\":\"\",\"type\":1,\"userId\":1,\"userName\":\"admin\"}','{\"code\":200,\"data\":true,\"msg\":\"操作成功\"}',0,NULL,'2024-10-29 05:58:39',12),(522,'账本明细',1,'com.jcwl.admin.book.controller.BookMoneyController.add()','POST',1,'admin','北京总公司','/money-tracker-admin/book/money','127.0.0.1','内网IP','{\"accountBaseId\":4,\"accountId\":4,\"accountName\":\"银行卡\",\"accountUrl\":\"accounts/CsoXM2FSifOEYsgnAAAAAMOEu9U801.png\",\"bookId\":1,\"bookTime\":\"2024-10-29 13:58:41\",\"categoryBaseId\":7,\"categoryId\":7,\"categoryName\":\"打车租车\",\"categoryUrl\":\"categories/CsoXNGFSifGEeHFLAAAAAOROxwU997.png\",\"createBy\":\"admin\",\"createId\":1,\"createTime\":\"2024-10-29T13:58:55.973+08:00\",\"detailImg\":\"\",\"id\":2,\"money\":5000,\"nickName\":\"若依\",\"params\":{},\"remark\":\"\",\"type\":1,\"userId\":1,\"userName\":\"admin\"}','{\"code\":200,\"data\":true,\"msg\":\"操作成功\"}',0,NULL,'2024-10-29 05:58:55',13),(523,'账本明细',1,'com.jcwl.admin.book.controller.BookMoneyController.add()','POST',1,'admin','北京总公司','/money-tracker-admin/book/money','127.0.0.1','内网IP','{\"accountBaseId\":4,\"accountId\":4,\"accountName\":\"银行卡\",\"accountUrl\":\"accounts/CsoXM2FSifOEYsgnAAAAAMOEu9U801.png\",\"bookId\":1,\"bookTime\":\"2024-10-29 13:59:01\",\"categoryBaseId\":56,\"categoryId\":56,\"categoryName\":\"工资收入\",\"categoryUrl\":\"categories/CsoXM2FSifGEYaIDAAAAAFSbnhU781.png\",\"createBy\":\"admin\",\"createId\":1,\"createTime\":\"2024-10-29T13:59:08.312+08:00\",\"detailImg\":\"\",\"id\":3,\"money\":10000,\"nickName\":\"若依\",\"params\":{},\"remark\":\"\",\"type\":0,\"userId\":1,\"userName\":\"admin\"}','{\"code\":200,\"data\":true,\"msg\":\"操作成功\"}',0,NULL,'2024-10-29 05:59:08',13),(524,'账本明细',1,'com.jcwl.admin.book.controller.BookMoneyController.add()','POST',1,'admin','北京总公司','/money-tracker-admin/book/money','127.0.0.1','内网IP','{\"accountBaseId\":13,\"accountId\":13,\"accountName\":\"信用卡\",\"accountUrl\":\"accounts/CsoXNGFSifeENfN2AAAAAFr6Q7A340.png\",\"bookId\":1,\"bookTime\":\"2024-10-29 13:59:10\",\"categoryBaseId\":4,\"categoryId\":4,\"categoryName\":\"水果零食\",\"categoryUrl\":\"categories/CsoXM2FSifOECGdJAAAAAM07owg297.png\",\"createBy\":\"admin\",\"createId\":1,\"createTime\":\"2024-10-29T13:59:23.683+08:00\",\"detailImg\":\"\",\"id\":4,\"money\":99900,\"nickName\":\"若依\",\"params\":{},\"remark\":\"\",\"type\":2,\"userId\":1,\"userName\":\"admin\"}','{\"code\":200,\"data\":true,\"msg\":\"操作成功\"}',0,NULL,'2024-10-29 05:59:23',11),(525,'账本用户',1,'com.jcwl.admin.book.controller.BookUserController.inviteUser()','POST',1,'admin','北京总公司','/money-tracker-admin/book/user/invite/user','127.0.0.1','内网IP','{\"auditStatus\":\"1\",\"auth\":0,\"avatar\":\"2024/10/24/1729740074864_20241024112115A002.png\",\"bookId\":1,\"createBy\":\"admin\",\"createId\":1,\"createTime\":\"2024-10-29T13:59:48.324+08:00\",\"defaultBook\":0,\"id\":2,\"nickName\":\"ry\",\"params\":{},\"status\":\"0\",\"userId\":2,\"userName\":\"ry\"}','{\"code\":200,\"data\":true,\"msg\":\"操作成功\"}',0,NULL,'2024-10-29 05:59:48',11),(526,'账本明细',1,'com.jcwl.admin.book.controller.BookMoneyController.add()','POST',1,'admin','北京总公司','/money-tracker-admin/book/money','127.0.0.1','内网IP','{\"accountBaseId\":2,\"accountId\":2,\"accountName\":\"现金\",\"accountUrl\":\"accounts/CsoXM2FSif6EAzKxAAAAALnMcJw367.png\",\"bookId\":1,\"bookTime\":\"2024-10-29 13:59:52\",\"categoryBaseId\":10,\"categoryId\":10,\"categoryName\":\"日常用品\",\"categoryUrl\":\"categories/CsoXM2FSifWEdoA4AAAAAGLSDdo781.png\",\"createBy\":\"admin\",\"createId\":1,\"createTime\":\"2024-10-29T14:00:14.709+08:00\",\"detailImg\":\"2024/10/29/CsoXM2AFbE2EcC_yAAAAALsTSME752_20241029140007A002.png\",\"id\":5,\"money\":1000,\"nickName\":\"ry\",\"params\":{},\"remark\":\"这里备注这里备注这里备注这里备注\",\"type\":1,\"userId\":2,\"userName\":\"ry\"}','{\"code\":200,\"data\":true,\"msg\":\"操作成功\"}',0,NULL,'2024-10-29 06:00:14',11),(527,'账本明细',1,'com.jcwl.admin.book.controller.BookMoneyController.add()','POST',1,'admin','北京总公司','/money-tracker-admin/book/money','127.0.0.1','内网IP','{\"accountBaseId\":13,\"accountId\":13,\"accountName\":\"信用卡\",\"accountUrl\":\"accounts/CsoXNGFSifeENfN2AAAAAFr6Q7A340.png\",\"bookId\":1,\"bookTime\":\"2024-10-29 14:00:20\",\"categoryBaseId\":7,\"categoryName\":\"打车租车\",\"categoryUrl\":\"categories/CsoXNGFSifGEeHFLAAAAAOROxwU997.png\",\"createBy\":\"admin\",\"createId\":1,\"createTime\":\"2024-10-29T14:00:35.493+08:00\",\"detailImg\":\"\",\"id\":6,\"money\":1000,\"nickName\":\"若依\",\"params\":{},\"remark\":\"这里备注这里备注这里备注这里备注这里备注这里备注这里备注这里备注这里备注这里备注这里备注这里备注a这里备注这里备注这里备注这里备注a\",\"type\":1,\"userId\":1,\"userName\":\"admin\"}','{\"code\":200,\"data\":true,\"msg\":\"操作成功\"}',0,NULL,'2024-10-29 06:00:35',13),(528,'账本明细',1,'com.jcwl.admin.book.controller.BookMoneyController.add()','POST',1,'admin','北京总公司','/money-tracker-admin/book/money','127.0.0.1','内网IP','{\"accountBaseId\":13,\"accountId\":13,\"accountName\":\"信用卡\",\"accountUrl\":\"accounts/CsoXNGFSifeENfN2AAAAAFr6Q7A340.png\",\"bookId\":1,\"bookTime\":\"2024-10-29 14:02:06\",\"categoryBaseId\":7,\"categoryName\":\"打车租车\",\"categoryUrl\":\"categories/CsoXNGFSifGEeHFLAAAAAOROxwU997.png\",\"createBy\":\"admin\",\"createId\":1,\"createTime\":\"2024-10-29T14:06:26.465+08:00\",\"detailImg\":\"\",\"id\":7,\"money\":1000,\"nickName\":\"若依\",\"params\":{},\"remark\":\"\",\"type\":1,\"userId\":1,\"userName\":\"admin\"}','{\"code\":200,\"data\":true,\"msg\":\"操作成功\"}',0,NULL,'2024-10-29 06:06:26',127),(529,'账本明细',1,'com.jcwl.admin.book.controller.BookMoneyController.add()','POST',1,'admin','北京总公司','/money-tracker-admin/book/money','127.0.0.1','内网IP','{\"accountBaseId\":13,\"accountId\":13,\"accountName\":\"信用卡\",\"accountUrl\":\"accounts/CsoXNGFSifeENfN2AAAAAFr6Q7A340.png\",\"bookId\":1,\"bookTime\":\"2024-10-29 14:07:42\",\"categoryBaseId\":2,\"categoryId\":2,\"categoryName\":\"早午晚餐\",\"categoryUrl\":\"categories/CsoXM2FSifmESGUAAAAAAKPUBSU165.png\",\"createBy\":\"admin\",\"createId\":1,\"createTime\":\"2024-10-29T14:07:54.494+08:00\",\"detailImg\":\"\",\"id\":8,\"money\":1000,\"nickName\":\"若依\",\"params\":{},\"remark\":\"\",\"type\":1,\"userId\":1,\"userName\":\"admin\"}','{\"code\":200,\"data\":true,\"msg\":\"操作成功\"}',0,NULL,'2024-10-29 06:07:54',19),(530,'账本明细',1,'com.jcwl.admin.book.controller.BookMoneyController.add()','POST',1,'admin','北京总公司','/money-tracker-admin/book/money','127.0.0.1','内网IP','{\"accountBaseId\":13,\"accountId\":13,\"accountName\":\"信用卡\",\"accountUrl\":\"accounts/CsoXNGFSifeENfN2AAAAAFr6Q7A340.png\",\"bookId\":1,\"bookTime\":\"2024-10-29 14:07:57\",\"categoryBaseId\":2,\"categoryId\":2,\"categoryName\":\"早午晚餐\",\"categoryUrl\":\"categories/CsoXM2FSifmESGUAAAAAAKPUBSU165.png\",\"createBy\":\"admin\",\"createId\":1,\"createTime\":\"2024-10-29T14:08:05.342+08:00\",\"detailImg\":\"\",\"id\":9,\"money\":1000,\"nickName\":\"若依\",\"params\":{},\"remark\":\"\",\"type\":1,\"userId\":1,\"userName\":\"admin\"}','{\"code\":200,\"data\":true,\"msg\":\"操作成功\"}',0,NULL,'2024-10-29 06:08:05',19),(531,'账本',1,'com.jcwl.admin.book.controller.BookController.add()','POST',1,'admin','北京总公司','/money-tracker-admin/book/book','127.0.0.1','内网IP','{\"bookAvatar\":\"2024/10/29/CsoXM2AFbE6EKkKRAAAAAIbWDWM333_20241029140824A001.png\",\"bookName\":\"测试统计2\",\"createBy\":\"admin\",\"createId\":1,\"createTime\":\"2024-10-29T14:08:27.18+08:00\",\"defaultBook\":1,\"id\":2,\"params\":{},\"userAudit\":0,\"userId\":1}','{\"code\":200,\"data\":true,\"msg\":\"操作成功\"}',0,NULL,'2024-10-29 06:08:27',71),(532,'账本明细',1,'com.jcwl.admin.book.controller.BookMoneyController.add()','POST',1,'admin','北京总公司','/money-tracker-admin/book/money','127.0.0.1','内网IP','{\"accountBaseId\":2,\"accountId\":18,\"accountName\":\"现金\",\"accountUrl\":\"accounts/CsoXM2FSif6EAzKxAAAAALnMcJw367.png\",\"bookId\":2,\"bookTime\":\"2024-10-29 14:08:33\",\"categoryBaseId\":6,\"categoryId\":72,\"categoryName\":\"公共交通\",\"categoryUrl\":\"categories/CsoXM2FSifuEE7iYAAAAAFNqqh4519.png\",\"createBy\":\"admin\",\"createId\":1,\"createTime\":\"2024-10-29T14:08:42.122+08:00\",\"detailImg\":\"\",\"id\":10,\"money\":500,\"nickName\":\"若依\",\"params\":{},\"remark\":\"\",\"type\":1,\"userId\":1,\"userName\":\"admin\"}','{\"code\":200,\"data\":true,\"msg\":\"操作成功\"}',0,NULL,'2024-10-29 06:08:42',16),(533,'账本明细',1,'com.jcwl.admin.book.controller.BookMoneyController.add()','POST',1,'admin','北京总公司','/money-tracker-admin/book/money','127.0.0.1','内网IP','{\"accountBaseId\":4,\"accountId\":20,\"accountName\":\"银行卡\",\"accountUrl\":\"accounts/CsoXM2FSifOEYsgnAAAAAMOEu9U801.png\",\"bookId\":2,\"bookTime\":\"2024-10-29 14:08:44\",\"categoryBaseId\":6,\"categoryId\":72,\"categoryName\":\"公共交通\",\"categoryUrl\":\"categories/CsoXM2FSifuEE7iYAAAAAFNqqh4519.png\",\"createBy\":\"admin\",\"createId\":1,\"createTime\":\"2024-10-29T14:08:51.056+08:00\",\"detailImg\":\"\",\"id\":11,\"money\":500,\"nickName\":\"若依\",\"params\":{},\"remark\":\"\",\"type\":1,\"userId\":1,\"userName\":\"admin\"}','{\"code\":200,\"data\":true,\"msg\":\"操作成功\"}',0,NULL,'2024-10-29 06:08:51',24),(534,'账本明细',1,'com.jcwl.admin.book.controller.BookMoneyController.add()','POST',1,'admin','北京总公司','/money-tracker-admin/book/money','127.0.0.1','内网IP','{\"accountBaseId\":4,\"accountId\":20,\"accountName\":\"银行卡\",\"accountUrl\":\"accounts/CsoXM2FSifOEYsgnAAAAAMOEu9U801.png\",\"bookId\":2,\"bookTime\":\"2024-10-29 14:09:27\",\"categoryBaseId\":7,\"categoryId\":73,\"categoryName\":\"打车租车\",\"categoryUrl\":\"categories/CsoXNGFSifGEeHFLAAAAAOROxwU997.png\",\"createBy\":\"admin\",\"createId\":1,\"createTime\":\"2024-10-29T14:09:34.186+08:00\",\"detailImg\":\"\",\"id\":12,\"money\":1000,\"nickName\":\"若依\",\"params\":{},\"remark\":\"\",\"type\":1,\"userId\":1,\"userName\":\"admin\"}','{\"code\":200,\"data\":true,\"msg\":\"操作成功\"}',0,NULL,'2024-10-29 06:09:34',17),(535,'账本明细',1,'com.jcwl.admin.book.controller.BookMoneyController.add()','POST',1,'admin','北京总公司','/money-tracker-admin/book/money','10.10.10.126','内网IP','{\"accountBaseId\":2,\"accountId\":18,\"accountName\":\"现金\",\"accountUrl\":\"accounts/CsoXM2FSif6EAzKxAAAAALnMcJw367.png\",\"bookId\":2,\"bookTime\":\"2024-10-29 14:14:15\",\"categoryBaseId\":25,\"categoryId\":91,\"categoryName\":\"运动健身\",\"categoryUrl\":\"categories/CsoXNGFSifqEOIzBAAAAAMPsFdc133.png\",\"createBy\":\"admin\",\"createId\":1,\"createTime\":\"2024-10-29T14:15:34.239+08:00\",\"detailImg\":\"\",\"id\":13,\"money\":895600,\"nickName\":\"若依\",\"params\":{},\"remark\":\"\",\"type\":1,\"userId\":1,\"userName\":\"admin\"}','{\"code\":200,\"data\":true,\"msg\":\"操作成功\"}',0,NULL,'2024-10-29 06:15:40',65),(536,'账本明细',1,'com.jcwl.admin.book.controller.BookMoneyController.add()','POST',1,'admin','北京总公司','/money-tracker-admin/book/money','127.0.0.1','内网IP','{\"accountBaseId\":4,\"accountId\":20,\"accountName\":\"银行卡\",\"accountUrl\":\"accounts/CsoXM2FSifOEYsgnAAAAAMOEu9U801.png\",\"bookId\":2,\"bookTime\":\"2024-10-29 14:27:34\",\"categoryBaseId\":56,\"categoryId\":122,\"categoryName\":\"工资收入\",\"categoryUrl\":\"categories/CsoXM2FSifGEYaIDAAAAAFSbnhU781.png\",\"createBy\":\"admin\",\"createId\":1,\"createTime\":\"2024-10-29T14:27:35.24+08:00\",\"detailImg\":\"\",\"id\":14,\"money\":80000,\"nickName\":\"若依\",\"params\":{},\"remark\":\"\",\"type\":0,\"userId\":1,\"userName\":\"admin\"}','{\"code\":200,\"data\":true,\"msg\":\"操作成功\"}',0,NULL,'2024-10-29 06:27:41',69),(537,'账本明细',1,'com.jcwl.admin.book.controller.BookMoneyController.add()','POST',1,'admin','北京总公司','/money-tracker-admin/book/money','127.0.0.1','内网IP','{\"accountBaseId\":4,\"accountId\":20,\"accountName\":\"银行卡\",\"accountUrl\":\"accounts/CsoXM2FSifOEYsgnAAAAAMOEu9U801.png\",\"bookId\":2,\"bookTime\":\"2024-10-29 14:31:12\",\"categoryBaseId\":2,\"categoryId\":68,\"categoryName\":\"早午晚餐\",\"categoryUrl\":\"categories/CsoXM2FSifmESGUAAAAAAKPUBSU165.png\",\"createBy\":\"admin\",\"createId\":1,\"createTime\":\"2024-10-29T14:31:13.359+08:00\",\"detailImg\":\"\",\"id\":15,\"money\":99900,\"nickName\":\"若依\",\"params\":{},\"remark\":\"\",\"type\":2,\"userId\":1,\"userName\":\"admin\"}','{\"code\":200,\"data\":true,\"msg\":\"操作成功\"}',0,NULL,'2024-10-29 06:31:19',36),(538,'账本明细',1,'com.jcwl.admin.book.controller.BookMoneyController.add()','POST',1,'ry','太原分公司','/money-tracker-admin/book/money','10.10.10.121','内网IP','{\"accountBaseId\":2,\"accountId\":2,\"accountName\":\"现金\",\"accountUrl\":\"accounts/CsoXM2FSif6EAzKxAAAAALnMcJw367.png\",\"bookId\":1,\"bookTime\":\"2024-10-29 14:38:35\",\"categoryBaseId\":7,\"categoryId\":7,\"categoryName\":\"打车租车\",\"categoryUrl\":\"categories/CsoXNGFSifGEeHFLAAAAAOROxwU997.png\",\"createBy\":\"ry\",\"createId\":2,\"createTime\":\"2024-10-29T14:38:51.021+08:00\",\"detailImg\":\"\",\"id\":16,\"money\":5500,\"nickName\":\"ry\",\"params\":{},\"remark\":\"\",\"type\":1,\"userId\":2,\"userName\":\"ry\"}','{\"code\":200,\"data\":true,\"msg\":\"操作成功\"}',0,NULL,'2024-10-29 06:38:51',12),(539,'账本',1,'com.jcwl.admin.book.controller.BookController.add()','POST',1,'admin','北京总公司','/money-tracker-admin/book/book','10.10.10.121','内网IP','{\"bookAvatar\":\"2024/10/29/1730185786102_20241029150959A003.jpg\",\"bookName\":\"123\",\"createBy\":\"admin\",\"createId\":1,\"createTime\":\"2024-10-29T15:10:08.779+08:00\",\"id\":3,\"params\":{},\"userId\":1}','{\"code\":200,\"data\":true,\"msg\":\"操作成功\"}',0,NULL,'2024-10-29 07:10:08',29),(540,'账本',2,'com.jcwl.admin.book.controller.BookController.edit()','PUT',1,'admin','北京总公司','/money-tracker-admin/book/book','10.10.10.121','内网IP','{\"bookAvatar\":\"2024/10/29/1730185786102_20241029150959A003.jpg\",\"bookName\":\"APP账本\",\"createTime\":\"2024-10-29 15:10:09\",\"defaultBook\":0,\"delFlag\":\"0\",\"id\":3,\"params\":{},\"updateBy\":\"admin\",\"updateId\":1,\"updateTime\":\"2024-10-29T15:11:03.78+08:00\",\"userId\":1}','{\"code\":200,\"data\":true,\"msg\":\"操作成功\"}',0,NULL,'2024-10-29 07:11:03',12),(541,'用户头像',2,'com.jcwl.admin.system.controller.system.SysProfileController.avatar()','POST',1,'admin','北京总公司','/money-tracker-admin/system/user/profile/avatar','10.10.10.121','内网IP','','{\"msg\":\"操作成功\",\"imgUrl\":\"2024/10/29/aoTcwRztJyPv5a6cfa1c9cdb15f50d17922a521a4344_20241029152330A004.png\",\"code\":200}',0,NULL,'2024-10-29 07:23:30',28),(542,'用户头像',2,'com.jcwl.admin.system.controller.system.SysProfileController.avatar()','POST',1,'admin','北京总公司','/money-tracker-admin/system/user/profile/avatar','10.10.10.121','内网IP','','{\"msg\":\"操作成功\",\"imgUrl\":\"2024/10/29/1730186642494_20241029152410A005.png\",\"code\":200}',0,NULL,'2024-10-29 07:24:10',27),(543,'用户头像',2,'com.jcwl.admin.system.controller.system.SysProfileController.avatar()','POST',1,'admin','北京总公司','/money-tracker-admin/system/user/profile/avatar','10.10.10.121','内网IP','','{\"msg\":\"操作成功\",\"imgUrl\":\"2024/10/29/1730186708205_20241029152516A006.png\",\"code\":200}',0,NULL,'2024-10-29 07:25:16',28),(544,'用户头像',2,'com.jcwl.admin.system.controller.system.SysProfileController.avatar()','POST',1,'admin','北京总公司','/money-tracker-admin/system/user/profile/avatar','10.10.10.121','内网IP','','{\"msg\":\"操作成功\",\"imgUrl\":\"2024/10/29/1730186867678_20241029152755A007.png\",\"code\":200}',0,NULL,'2024-10-29 07:27:55',22),(545,'用户头像',2,'com.jcwl.admin.system.controller.system.SysProfileController.avatar()','POST',1,'admin','北京总公司','/money-tracker-admin/system/user/profile/avatar','10.10.10.121','内网IP','','{\"msg\":\"操作成功\",\"imgUrl\":\"2024/10/29/T3M5MwtORqMFa09cf3363d4c446f3e685ac17222861f_20241029152849A008.png\",\"code\":200}',0,NULL,'2024-10-29 07:28:50',24),(546,'用户头像',2,'com.jcwl.admin.system.controller.system.SysProfileController.avatar()','POST',1,'admin','北京总公司','/money-tracker-admin/system/user/profile/avatar','10.10.10.121','内网IP','','{\"msg\":\"操作成功\",\"imgUrl\":\"2024/10/29/1730187040228_20241029153048A009.png\",\"code\":200}',0,NULL,'2024-10-29 07:30:48',37),(547,'用户头像',2,'com.jcwl.admin.system.controller.system.SysProfileController.avatar()','POST',1,'admin','北京总公司','/money-tracker-admin/system/user/profile/avatar','10.10.10.121','内网IP','','{\"msg\":\"操作成功\",\"imgUrl\":\"2024/10/29/uOztVzrCLNze72b5efa16899be644bb421801601cce8_20241029153132A010.png\",\"code\":200}',0,NULL,'2024-10-29 07:31:32',19),(548,'用户头像',2,'com.jcwl.admin.system.controller.system.SysProfileController.avatar()','POST',1,'admin','北京总公司','/money-tracker-admin/system/user/profile/avatar','10.10.10.121','内网IP','','{\"msg\":\"操作成功\",\"imgUrl\":\"2024/10/29/PrqDp4Aj8KCKdcd66c2fd5c95e88a7bd2f88c6bd0774_20241029153214A011.png\",\"code\":200}',0,NULL,'2024-10-29 07:32:14',24),(549,'用户头像',2,'com.jcwl.admin.system.controller.system.SysProfileController.avatar()','POST',1,'admin','北京总公司','/money-tracker-admin/system/user/profile/avatar','10.10.10.121','内网IP','','{\"msg\":\"操作成功\",\"imgUrl\":\"2024/10/29/1Bn8Gdbo8ZWoc31a1609f2fad4302f8d49857f4d25d8_20241029153221A012.png\",\"code\":200}',0,NULL,'2024-10-29 07:32:21',24),(550,'用户头像',2,'com.jcwl.admin.system.controller.system.SysProfileController.avatar()','POST',1,'admin','北京总公司','/money-tracker-admin/system/user/profile/avatar','10.10.10.121','内网IP','','{\"msg\":\"操作成功\",\"imgUrl\":\"2024/10/29/HmnuyltAHpLp72b5efa16899be644bb421801601cce8_20241029153226A013.png\",\"code\":200}',0,NULL,'2024-10-29 07:32:26',23),(551,'用户头像',2,'com.jcwl.admin.system.controller.system.SysProfileController.avatar()','POST',1,'admin','北京总公司','/money-tracker-admin/system/user/profile/avatar','10.10.10.121','内网IP','','{\"msg\":\"操作成功\",\"imgUrl\":\"2024/10/29/1730187178773_20241029153306A014.png\",\"code\":200}',0,NULL,'2024-10-29 07:33:06',19),(552,'用户头像',2,'com.jcwl.admin.system.controller.system.SysProfileController.avatar()','POST',1,'admin','北京总公司','/money-tracker-admin/system/user/profile/avatar','10.10.10.121','内网IP','','{\"msg\":\"操作成功\",\"imgUrl\":\"2024/10/29/1730187185863_20241029153313A015.png\",\"code\":200}',0,NULL,'2024-10-29 07:33:13',29),(553,'用户头像',2,'com.jcwl.admin.system.controller.system.SysProfileController.avatar()','POST',1,'admin','北京总公司','/money-tracker-admin/system/user/profile/avatar','10.10.10.121','内网IP','','{\"msg\":\"操作成功\",\"imgUrl\":\"2024/10/29/p9EJ2pH7hVhOc31a1609f2fad4302f8d49857f4d25d8_20241029153405A016.png\",\"code\":200}',0,NULL,'2024-10-29 07:34:05',22),(554,'用户头像',2,'com.jcwl.admin.system.controller.system.SysProfileController.avatar()','POST',1,'admin','北京总公司','/money-tracker-admin/system/user/profile/avatar','10.10.10.121','内网IP','','{\"msg\":\"操作成功\",\"imgUrl\":\"2024/10/29/JhgQ63xVCn2xfe6f39c489f30eac0c8c076968f50b65_20241029153412A017.png\",\"code\":200}',0,NULL,'2024-10-29 07:34:12',24),(555,'账本明细',1,'com.jcwl.admin.book.controller.BookMoneyController.add()','POST',1,'admin','北京总公司','/money-tracker-admin/book/money','10.10.10.120','内网IP','{\"accountBaseId\":4,\"accountId\":20,\"accountName\":\"银行卡\",\"accountUrl\":\"accounts/CsoXM2FSifOEYsgnAAAAAMOEu9U801.png\",\"bookId\":2,\"bookTime\":\"2024-10-28 15:38:00\",\"categoryBaseId\":25,\"categoryName\":\"运动健身\",\"categoryUrl\":\"categories/CsoXNGFSifqEOIzBAAAAAMPsFdc133.png\",\"createBy\":\"admin\",\"createId\":1,\"createTime\":\"2024-10-29T15:38:51.95+08:00\",\"detailImg\":\"\",\"id\":17,\"money\":6600,\"nickName\":\"若依\",\"params\":{},\"remark\":\"\",\"type\":1,\"userId\":1,\"userName\":\"admin\"}','{\"code\":200,\"data\":true,\"msg\":\"操作成功\"}',0,NULL,'2024-10-29 07:38:58',82),(556,'用户头像',2,'com.jcwl.admin.system.controller.system.SysProfileController.avatar()','POST',1,'admin','北京总公司','/money-tracker-admin/system/user/profile/avatar','10.10.10.121','内网IP','','{\"msg\":\"操作成功\",\"imgUrl\":\"2024/10/29/1730187640922_20241029154048A018.png\",\"code\":200}',0,NULL,'2024-10-29 07:40:48',19),(557,'用户头像',2,'com.jcwl.admin.system.controller.system.SysProfileController.avatar()','POST',1,'admin','北京总公司','/money-tracker-admin/system/user/profile/avatar','10.10.10.121','内网IP','','{\"msg\":\"操作成功\",\"imgUrl\":\"2024/10/29/1730187749400_20241029154237A019.png\",\"code\":200}',0,NULL,'2024-10-29 07:42:37',24),(558,'用户头像',2,'com.jcwl.admin.system.controller.system.SysProfileController.avatar()','POST',1,'admin','北京总公司','/money-tracker-admin/system/user/profile/avatar','10.10.10.121','内网IP','','{\"msg\":\"操作成功\",\"imgUrl\":\"2024/10/29/xuhLL84pZItw9593e20fae0bb012e3136cbbdfb6fce6_20241029154305A020.png\",\"code\":200}',0,NULL,'2024-10-29 07:43:05',31),(559,'账本明细',1,'com.jcwl.admin.book.controller.BookMoneyController.add()','POST',1,'admin','北京总公司','/money-tracker-admin/book/money','10.10.10.126','内网IP','{\"accountBaseId\":4,\"accountId\":20,\"accountName\":\"银行卡\",\"accountUrl\":\"accounts/CsoXM2FSifOEYsgnAAAAAMOEu9U801.png\",\"bookId\":2,\"bookTime\":\"2024-10-29 15:40:38\",\"categoryBaseId\":25,\"categoryName\":\"运动健身\",\"categoryUrl\":\"categories/CsoXNGFSifqEOIzBAAAAAMPsFdc133.png\",\"createBy\":\"admin\",\"createId\":1,\"createTime\":\"2024-10-29T15:45:30.948+08:00\",\"detailImg\":\"\",\"id\":18,\"money\":800,\"nickName\":\"若依\",\"params\":{},\"remark\":\"\",\"type\":1,\"userId\":1,\"userName\":\"admin\"}','{\"code\":200,\"data\":true,\"msg\":\"操作成功\"}',0,NULL,'2024-10-29 07:45:37',42),(560,'用户头像',2,'com.jcwl.admin.system.controller.system.SysProfileController.avatar()','POST',1,'admin','北京总公司','/money-tracker-admin/system/user/profile/avatar','10.10.10.121','内网IP','','{\"msg\":\"操作成功\",\"imgUrl\":\"2024/10/29/1730187977477_20241029154625A021.png\",\"code\":200}',0,NULL,'2024-10-29 07:46:25',23),(561,'用户头像',2,'com.jcwl.admin.system.controller.system.SysProfileController.avatar()','POST',1,'admin','北京总公司','/money-tracker-admin/system/user/profile/avatar','10.10.10.121','内网IP','','{\"msg\":\"操作成功\",\"imgUrl\":\"2024/10/29/1730187987019_20241029154634A022.png\",\"code\":200}',0,NULL,'2024-10-29 07:46:34',21),(562,'账本明细',2,'com.jcwl.admin.book.controller.BookMoneyController.edit()','PUT',1,'admin','北京总公司','/money-tracker-admin/book/money','10.10.10.102','内网IP','{\"accountBaseId\":4,\"accountId\":20,\"accountName\":\"银行卡\",\"accountUrl\":\"accounts/CsoXM2FSifOEYsgnAAAAAMOEu9U801.png\",\"bookId\":2,\"bookTime\":\"2024-10-29 15:49:49\",\"categoryBaseId\":25,\"categoryName\":\"运动健身\",\"categoryUrl\":\"categories/CsoXNGFSifqEOIzBAAAAAMPsFdc133.png\",\"createBy\":\"admin\",\"createId\":1,\"createTime\":\"2024-10-29 15:45:31\",\"delFlag\":\"0\",\"detailImg\":\"\",\"id\":18,\"money\":8900,\"nickName\":\"若依\",\"params\":{},\"remark\":\"\",\"type\":1,\"updateBy\":\"admin\",\"updateId\":1,\"updateTime\":\"2024-10-29T15:49:53.536+08:00\",\"userId\":1,\"userName\":\"admin\"}','{\"code\":200,\"data\":true,\"msg\":\"操作成功\"}',0,NULL,'2024-10-29 07:49:59',11),(563,'用户头像',2,'com.jcwl.admin.system.controller.system.SysProfileController.avatar()','POST',1,'admin','北京总公司','/money-tracker-admin/system/user/profile/avatar','10.10.10.121','内网IP','','{\"msg\":\"操作成功\",\"imgUrl\":\"2024/10/29/szG4ylfe7kHFe242b6c0384ebe0e3a78ea6329790acf_20241029155017A023.png\",\"code\":200}',0,NULL,'2024-10-29 07:50:17',21),(564,'用户头像',2,'com.jcwl.admin.system.controller.system.SysProfileController.avatar()','POST',1,'admin','北京总公司','/money-tracker-admin/system/user/profile/avatar','10.10.10.102','内网IP','','{\"msg\":\"操作成功\",\"imgUrl\":\"2024/10/29/17301884711900_20241029155439A024.png\",\"code\":200}',0,NULL,'2024-10-29 07:54:39',23),(565,'账本',1,'com.jcwl.admin.book.controller.BookController.add()','POST',1,'admin','北京总公司','/money-tracker-admin/book/book','127.0.0.1','内网IP','{\"bookAvatar\":\"2024/10/30/CsoXM2AFbE2EcC_yAAAAALsTSME752_20241030101809A001.png\",\"bookName\":\"测试统计\",\"createBy\":\"admin\",\"createId\":1,\"createTime\":\"2024-10-30T10:18:13.374+08:00\",\"defaultBook\":1,\"id\":1,\"params\":{},\"userAudit\":0,\"userId\":1}','{\"code\":200,\"data\":true,\"msg\":\"操作成功\"}',0,NULL,'2024-10-30 02:18:21',583),(566,'账本明细',1,'com.jcwl.admin.book.controller.BookMoneyController.add()','POST',1,'admin','北京总公司','/money-tracker-admin/book/money','127.0.0.1','内网IP','{\"accountBaseId\":2,\"accountId\":2,\"accountName\":\"现金\",\"accountUrl\":\"accounts/CsoXM2FSif6EAzKxAAAAALnMcJw367.png\",\"bookId\":1,\"bookTime\":\"2024-10-01 10:18:00\",\"categoryBaseId\":56,\"categoryId\":56,\"categoryName\":\"工资收入\",\"categoryUrl\":\"categories/CsoXM2FSifGEYaIDAAAAAFSbnhU781.png\",\"createBy\":\"admin\",\"createId\":1,\"createTime\":\"2024-10-30T10:18:44.272+08:00\",\"detailImg\":\"\",\"id\":1,\"money\":100000,\"nickName\":\"若依\",\"params\":{},\"remark\":\"\",\"type\":0,\"userId\":1,\"userName\":\"admin\"}','{\"code\":200,\"data\":true,\"msg\":\"操作成功\"}',0,NULL,'2024-10-30 02:18:51',45),(567,'账本明细',1,'com.jcwl.admin.book.controller.BookMoneyController.add()','POST',1,'admin','北京总公司','/money-tracker-admin/book/money','127.0.0.1','内网IP','{\"accountBaseId\":2,\"accountId\":2,\"accountName\":\"现金\",\"accountUrl\":\"accounts/CsoXM2FSif6EAzKxAAAAALnMcJw367.png\",\"bookId\":1,\"bookTime\":\"2024-10-10 10:18:00\",\"categoryBaseId\":2,\"categoryId\":2,\"categoryName\":\"早午晚餐\",\"categoryUrl\":\"categories/CsoXM2FSifmESGUAAAAAAKPUBSU165.png\",\"createBy\":\"admin\",\"createId\":1,\"createTime\":\"2024-10-30T10:19:39.132+08:00\",\"detailImg\":\"\",\"id\":2,\"money\":-10000,\"nickName\":\"若依\",\"params\":{},\"remark\":\"\",\"type\":1,\"userId\":1,\"userName\":\"admin\"}','{\"code\":200,\"data\":true,\"msg\":\"操作成功\"}',0,NULL,'2024-10-30 02:19:46',96),(568,'账本明细',1,'com.jcwl.admin.book.controller.BookMoneyController.add()','POST',1,'admin','北京总公司','/money-tracker-admin/book/money','127.0.0.1','内网IP','{\"accountBaseId\":2,\"accountId\":2,\"accountName\":\"现金\",\"accountUrl\":\"accounts/CsoXM2FSif6EAzKxAAAAALnMcJw367.png\",\"bookId\":1,\"bookTime\":\"2024-10-10 10:18:00\",\"categoryBaseId\":2,\"categoryId\":2,\"categoryName\":\"早午晚餐\",\"categoryUrl\":\"categories/CsoXM2FSifmESGUAAAAAAKPUBSU165.png\",\"createBy\":\"admin\",\"createId\":1,\"createTime\":\"2024-10-30T10:19:47.501+08:00\",\"detailImg\":\"\",\"id\":3,\"money\":-20000,\"nickName\":\"若依\",\"params\":{},\"remark\":\"\",\"type\":1,\"userId\":1,\"userName\":\"admin\"}','{\"code\":200,\"data\":true,\"msg\":\"操作成功\"}',0,NULL,'2024-10-30 02:19:54',57),(569,'账本明细',1,'com.jcwl.admin.book.controller.BookMoneyController.add()','POST',1,'admin','北京总公司','/money-tracker-admin/book/money','127.0.0.1','内网IP','{\"accountBaseId\":2,\"accountId\":2,\"accountName\":\"现金\",\"accountUrl\":\"accounts/CsoXM2FSif6EAzKxAAAAALnMcJw367.png\",\"bookId\":1,\"bookTime\":\"2024-10-10 10:18:00\",\"categoryBaseId\":2,\"categoryId\":2,\"categoryName\":\"早午晚餐\",\"categoryUrl\":\"categories/CsoXM2FSifmESGUAAAAAAKPUBSU165.png\",\"createBy\":\"admin\",\"createId\":1,\"createTime\":\"2024-10-30T10:19:56.047+08:00\",\"detailImg\":\"\",\"id\":4,\"money\":-20000,\"nickName\":\"若依\",\"params\":{},\"remark\":\"\",\"type\":1,\"userId\":1,\"userName\":\"admin\"}','{\"code\":200,\"data\":true,\"msg\":\"操作成功\"}',0,NULL,'2024-10-30 02:20:03',57),(570,'账本明细',1,'com.jcwl.admin.book.controller.BookMoneyController.add()','POST',1,'admin','北京总公司','/money-tracker-admin/book/money','127.0.0.1','内网IP','{\"accountBaseId\":2,\"accountId\":2,\"accountName\":\"现金\",\"accountUrl\":\"accounts/CsoXM2FSif6EAzKxAAAAALnMcJw367.png\",\"bookId\":1,\"bookTime\":\"2024-10-10 10:18:00\",\"categoryBaseId\":2,\"categoryId\":2,\"categoryName\":\"早午晚餐\",\"categoryUrl\":\"categories/CsoXM2FSifmESGUAAAAAAKPUBSU165.png\",\"createBy\":\"admin\",\"createId\":1,\"createTime\":\"2024-10-30T10:20:01.57+08:00\",\"detailImg\":\"\",\"id\":5,\"money\":-20000,\"nickName\":\"若依\",\"params\":{},\"remark\":\"\",\"type\":1,\"userId\":1,\"userName\":\"admin\"}','{\"code\":200,\"data\":true,\"msg\":\"操作成功\"}',0,NULL,'2024-10-30 02:20:08',45),(571,'账本明细',1,'com.jcwl.admin.book.controller.BookMoneyController.add()','POST',1,'admin','北京总公司','/money-tracker-admin/book/money','127.0.0.1','内网IP','{\"accountBaseId\":2,\"accountId\":2,\"accountName\":\"现金\",\"accountUrl\":\"accounts/CsoXM2FSif6EAzKxAAAAALnMcJw367.png\",\"bookId\":1,\"bookTime\":\"2024-10-10 10:18:00\",\"categoryBaseId\":2,\"categoryId\":2,\"categoryName\":\"早午晚餐\",\"categoryUrl\":\"categories/CsoXM2FSifmESGUAAAAAAKPUBSU165.png\",\"createBy\":\"admin\",\"createId\":1,\"createTime\":\"2024-10-30T10:20:11.519+08:00\",\"detailImg\":\"\",\"id\":6,\"money\":-10000,\"nickName\":\"若依\",\"params\":{},\"remark\":\"\",\"type\":1,\"userId\":1,\"userName\":\"admin\"}','{\"code\":200,\"data\":true,\"msg\":\"操作成功\"}',0,NULL,'2024-10-30 02:20:18',51),(572,'账本明细',1,'com.jcwl.admin.book.controller.BookMoneyController.add()','POST',1,'admin','北京总公司','/money-tracker-admin/book/money','127.0.0.1','内网IP','{\"accountBaseId\":2,\"accountId\":2,\"accountName\":\"现金\",\"accountUrl\":\"accounts/CsoXM2FSif6EAzKxAAAAALnMcJw367.png\",\"bookId\":1,\"bookTime\":\"2024-10-10 10:18:00\",\"categoryBaseId\":2,\"categoryId\":2,\"categoryName\":\"早午晚餐\",\"categoryUrl\":\"categories/CsoXM2FSifmESGUAAAAAAKPUBSU165.png\",\"createBy\":\"admin\",\"createId\":1,\"createTime\":\"2024-10-30T10:20:16.179+08:00\",\"detailImg\":\"\",\"id\":7,\"money\":-10000,\"nickName\":\"若依\",\"params\":{},\"remark\":\"\",\"type\":1,\"userId\":1,\"userName\":\"admin\"}','{\"code\":200,\"data\":true,\"msg\":\"操作成功\"}',0,NULL,'2024-10-30 02:20:23',43),(573,'账本明细',1,'com.jcwl.admin.book.controller.BookMoneyController.add()','POST',1,'admin','北京总公司','/money-tracker-admin/book/money','127.0.0.1','内网IP','{\"accountBaseId\":2,\"accountId\":2,\"accountName\":\"现金\",\"accountUrl\":\"accounts/CsoXM2FSif6EAzKxAAAAALnMcJw367.png\",\"bookId\":1,\"bookTime\":\"2024-10-10 10:18:00\",\"categoryBaseId\":2,\"categoryId\":2,\"categoryName\":\"早午晚餐\",\"categoryUrl\":\"categories/CsoXM2FSifmESGUAAAAAAKPUBSU165.png\",\"createBy\":\"admin\",\"createId\":1,\"createTime\":\"2024-10-30T10:20:21.624+08:00\",\"detailImg\":\"\",\"id\":8,\"money\":-10000,\"nickName\":\"若依\",\"params\":{},\"remark\":\"\",\"type\":1,\"userId\":1,\"userName\":\"admin\"}','{\"code\":200,\"data\":true,\"msg\":\"操作成功\"}',0,NULL,'2024-10-30 02:20:28',38),(574,'账本明细',1,'com.jcwl.admin.book.controller.BookMoneyController.add()','POST',1,'admin','北京总公司','/money-tracker-admin/book/money','127.0.0.1','内网IP','{\"accountBaseId\":2,\"accountId\":2,\"accountName\":\"现金\",\"accountUrl\":\"accounts/CsoXM2FSif6EAzKxAAAAALnMcJw367.png\",\"bookId\":1,\"bookTime\":\"2024-10-10 10:18:00\",\"categoryBaseId\":2,\"categoryId\":2,\"categoryName\":\"早午晚餐\",\"categoryUrl\":\"categories/CsoXM2FSifmESGUAAAAAAKPUBSU165.png\",\"createBy\":\"admin\",\"createId\":1,\"createTime\":\"2024-10-30T10:20:27.003+08:00\",\"detailImg\":\"\",\"id\":9,\"money\":-10000,\"nickName\":\"若依\",\"params\":{},\"remark\":\"\",\"type\":1,\"userId\":1,\"userName\":\"admin\"}','{\"code\":200,\"data\":true,\"msg\":\"操作成功\"}',0,NULL,'2024-10-30 02:20:34',45),(575,'账本明细',1,'com.jcwl.admin.book.controller.BookMoneyController.add()','POST',1,'admin','北京总公司','/money-tracker-admin/book/money','127.0.0.1','内网IP','{\"accountBaseId\":2,\"accountId\":2,\"accountName\":\"现金\",\"accountUrl\":\"accounts/CsoXM2FSif6EAzKxAAAAALnMcJw367.png\",\"bookId\":1,\"bookTime\":\"2024-10-10 10:18:00\",\"categoryBaseId\":2,\"categoryId\":2,\"categoryName\":\"早午晚餐\",\"categoryUrl\":\"categories/CsoXM2FSifmESGUAAAAAAKPUBSU165.png\",\"createBy\":\"admin\",\"createId\":1,\"createTime\":\"2024-10-30T10:20:32.086+08:00\",\"detailImg\":\"\",\"id\":10,\"money\":-30000,\"nickName\":\"若依\",\"params\":{},\"remark\":\"\",\"type\":1,\"userId\":1,\"userName\":\"admin\"}','{\"code\":200,\"data\":true,\"msg\":\"操作成功\"}',0,NULL,'2024-10-30 02:20:39',42),(576,'账本明细',1,'com.jcwl.admin.book.controller.BookMoneyController.add()','POST',1,'admin','北京总公司','/money-tracker-admin/book/money','127.0.0.1','内网IP','{\"accountBaseId\":2,\"accountId\":2,\"accountName\":\"现金\",\"accountUrl\":\"accounts/CsoXM2FSif6EAzKxAAAAALnMcJw367.png\",\"bookId\":1,\"bookTime\":\"2024-10-10 10:18:00\",\"categoryBaseId\":2,\"categoryId\":2,\"categoryName\":\"早午晚餐\",\"categoryUrl\":\"categories/CsoXM2FSifmESGUAAAAAAKPUBSU165.png\",\"createBy\":\"admin\",\"createId\":1,\"createTime\":\"2024-10-30T10:20:40.611+08:00\",\"detailImg\":\"\",\"id\":11,\"money\":-30000,\"nickName\":\"若依\",\"params\":{},\"remark\":\"\",\"type\":1,\"userId\":1,\"userName\":\"admin\"}','{\"code\":200,\"data\":true,\"msg\":\"操作成功\"}',0,NULL,'2024-10-30 02:20:47',44),(577,'账本明细',1,'com.jcwl.admin.book.controller.BookMoneyController.add()','POST',1,'admin','北京总公司','/money-tracker-admin/book/money','10.10.10.126','内网IP','{\"accountBaseId\":2,\"accountId\":2,\"accountName\":\"现金\",\"accountUrl\":\"accounts/CsoXM2FSif6EAzKxAAAAALnMcJw367.png\",\"bookId\":1,\"bookTime\":\"2024-10-30 10:44:29\",\"categoryBaseId\":2,\"categoryId\":2,\"categoryName\":\"早午晚餐\",\"categoryUrl\":\"categories/CsoXM2FSifmESGUAAAAAAKPUBSU165.png\",\"createBy\":\"admin\",\"createId\":1,\"createTime\":\"2024-10-30T10:44:36.843+08:00\",\"detailImg\":\"\",\"id\":12,\"money\":-20000,\"nickName\":\"若依\",\"params\":{},\"remark\":\"\",\"type\":1,\"userId\":1,\"userName\":\"admin\"}','{\"code\":200,\"data\":true,\"msg\":\"操作成功\"}',0,NULL,'2024-10-30 02:44:44',79),(578,'账本明细',1,'com.jcwl.admin.book.controller.BookMoneyController.add()','POST',1,'admin','北京总公司','/money-tracker-admin/book/money','10.10.10.126','内网IP','{\"accountBaseId\":4,\"accountId\":4,\"accountName\":\"银行卡\",\"accountUrl\":\"accounts/CsoXM2FSifOEYsgnAAAAAMOEu9U801.png\",\"bookId\":1,\"bookTime\":\"2024-10-30 10:44:50\",\"categoryBaseId\":64,\"categoryId\":64,\"categoryName\":\"礼金收入\",\"categoryUrl\":\"categories/CsoXM2FSifOEGps9AAAAAOuhy7Q818.png\",\"createBy\":\"admin\",\"createId\":1,\"createTime\":\"2024-10-30T10:45:06.128+08:00\",\"detailImg\":\"\",\"id\":13,\"money\":50000,\"nickName\":\"若依\",\"params\":{},\"remark\":\"\",\"type\":0,\"userId\":1,\"userName\":\"admin\"}','{\"code\":200,\"data\":true,\"msg\":\"操作成功\"}',0,NULL,'2024-10-30 02:45:13',44),(579,'账本用户',1,'com.jcwl.admin.book.controller.BookUserController.inviteUser()','POST',1,'admin','北京总公司','/money-tracker-admin/book/user/invite/user','10.10.10.126','内网IP','{\"auditStatus\":\"1\",\"auth\":0,\"avatar\":\"2024/10/24/1729740074864_20241024112115A002.png\",\"bookId\":1,\"createBy\":\"admin\",\"createId\":1,\"createTime\":\"2024-10-30T10:45:57.98+08:00\",\"defaultBook\":0,\"id\":2,\"nickName\":\"微信用户\",\"params\":{},\"status\":\"0\",\"userId\":105,\"userName\":\"ry1\"}','{\"code\":200,\"data\":true,\"msg\":\"操作成功\"}',0,NULL,'2024-10-30 02:46:05',31),(580,'账本明细',1,'com.jcwl.admin.book.controller.BookMoneyController.add()','POST',1,'ry1','太原分公司','/money-tracker-admin/book/money','10.10.10.126','内网IP','{\"accountBaseId\":2,\"accountId\":2,\"accountName\":\"现金\",\"accountUrl\":\"accounts/CsoXM2FSif6EAzKxAAAAALnMcJw367.png\",\"bookId\":1,\"bookTime\":\"2024-10-30 10:47:55\",\"categoryBaseId\":6,\"categoryId\":6,\"categoryName\":\"公共交通\",\"categoryUrl\":\"categories/CsoXM2FSifuEE7iYAAAAAFNqqh4519.png\",\"createBy\":\"ry1\",\"createId\":105,\"createTime\":\"2024-10-30T10:48:05.337+08:00\",\"detailImg\":\"\",\"id\":14,\"money\":-6000,\"nickName\":\"微信用户\",\"params\":{},\"remark\":\"\",\"type\":1,\"userId\":105,\"userName\":\"ry1\"}','{\"code\":200,\"data\":true,\"msg\":\"操作成功\"}',0,NULL,'2024-10-30 02:48:12',38),(581,'账本明细',1,'com.jcwl.admin.book.controller.BookMoneyController.add()','POST',1,'ry1','太原分公司','/money-tracker-admin/book/money','10.10.10.126','内网IP','{\"accountBaseId\":2,\"accountId\":2,\"accountName\":\"现金\",\"accountUrl\":\"accounts/CsoXM2FSif6EAzKxAAAAALnMcJw367.png\",\"bookId\":1,\"bookTime\":\"2024-10-30 10:49:52\",\"categoryBaseId\":62,\"categoryId\":62,\"categoryName\":\"投资收入\",\"categoryUrl\":\"categories/CsoXNGFSifWEDvwbAAAAAJV-Grk334.png\",\"createBy\":\"ry1\",\"createId\":105,\"createTime\":\"2024-10-30T10:50:01.937+08:00\",\"detailImg\":\"\",\"id\":15,\"money\":100000,\"nickName\":\"微信用户\",\"params\":{},\"remark\":\"\",\"type\":0,\"userId\":105,\"userName\":\"ry1\"}','{\"code\":200,\"data\":true,\"msg\":\"操作成功\"}',0,NULL,'2024-10-30 02:50:09',53),(582,'账本明细',1,'com.jcwl.admin.book.controller.BookMoneyController.add()','POST',1,'ry1','太原分公司','/money-tracker-admin/book/money','10.10.10.126','内网IP','{\"accountBaseId\":2,\"accountId\":2,\"accountName\":\"现金\",\"accountUrl\":\"accounts/CsoXM2FSif6EAzKxAAAAALnMcJw367.png\",\"bookId\":1,\"bookTime\":\"2024-08-30 10:52:00\",\"categoryBaseId\":6,\"categoryId\":6,\"categoryName\":\"公共交通\",\"categoryUrl\":\"categories/CsoXM2FSifuEE7iYAAAAAFNqqh4519.png\",\"createBy\":\"ry1\",\"createId\":105,\"createTime\":\"2024-10-30T10:52:59.898+08:00\",\"detailImg\":\"\",\"id\":16,\"money\":-800000,\"nickName\":\"微信用户\",\"params\":{},\"remark\":\"\",\"type\":1,\"userId\":105,\"userName\":\"ry1\"}','{\"code\":200,\"data\":true,\"msg\":\"操作成功\"}',0,NULL,'2024-10-30 02:53:07',55),(583,'账本明细',1,'com.jcwl.admin.book.controller.BookMoneyController.add()','POST',1,'ry1','太原分公司','/money-tracker-admin/book/money','10.10.10.126','内网IP','{\"accountBaseId\":2,\"accountId\":2,\"accountName\":\"现金\",\"accountUrl\":\"accounts/CsoXM2FSif6EAzKxAAAAALnMcJw367.png\",\"bookId\":1,\"bookTime\":\"2023-10-30 10:59:00\",\"categoryBaseId\":6,\"categoryId\":6,\"categoryName\":\"公共交通\",\"categoryUrl\":\"categories/CsoXM2FSifuEE7iYAAAAAFNqqh4519.png\",\"createBy\":\"ry1\",\"createId\":105,\"createTime\":\"2024-10-30T10:59:54.8+08:00\",\"detailImg\":\"\",\"id\":17,\"money\":-5000,\"nickName\":\"微信用户\",\"params\":{},\"remark\":\"\",\"type\":1,\"userId\":105,\"userName\":\"ry1\"}','{\"code\":200,\"data\":true,\"msg\":\"操作成功\"}',0,NULL,'2024-10-30 03:00:02',39),(584,'账本明细',1,'com.jcwl.admin.book.controller.BookMoneyController.add()','POST',1,'ry1','太原分公司','/money-tracker-admin/book/money','10.10.10.126','内网IP','{\"accountBaseId\":2,\"accountId\":2,\"accountName\":\"现金\",\"accountUrl\":\"accounts/CsoXM2FSif6EAzKxAAAAALnMcJw367.png\",\"bookId\":1,\"bookTime\":\"2023-10-29 11:00:00\",\"categoryBaseId\":6,\"categoryId\":6,\"categoryName\":\"公共交通\",\"categoryUrl\":\"categories/CsoXM2FSifuEE7iYAAAAAFNqqh4519.png\",\"createBy\":\"ry1\",\"createId\":105,\"createTime\":\"2024-10-30T11:01:09.318+08:00\",\"detailImg\":\"\",\"id\":18,\"money\":-4000,\"nickName\":\"微信用户\",\"params\":{},\"remark\":\"\",\"type\":1,\"userId\":105,\"userName\":\"ry1\"}','{\"code\":200,\"data\":true,\"msg\":\"操作成功\"}',0,NULL,'2024-10-30 03:01:16',92),(585,'账本明细',1,'com.jcwl.admin.book.controller.BookMoneyController.add()','POST',1,'ry1','太原分公司','/money-tracker-admin/book/money','10.10.10.126','内网IP','{\"accountBaseId\":2,\"accountId\":2,\"accountName\":\"现金\",\"accountUrl\":\"accounts/CsoXM2FSif6EAzKxAAAAALnMcJw367.png\",\"bookId\":1,\"bookTime\":\"2024-10-30 14:41:48\",\"categoryBaseId\":62,\"categoryId\":62,\"categoryName\":\"投资收入\",\"categoryUrl\":\"categories/CsoXNGFSifWEDvwbAAAAAJV-Grk334.png\",\"createBy\":\"ry1\",\"createId\":105,\"createTime\":\"2024-10-30T14:41:55.261+08:00\",\"detailImg\":\"\",\"id\":19,\"money\":10000000,\"nickName\":\"微信用户\",\"params\":{},\"remark\":\"\",\"type\":0,\"userId\":105,\"userName\":\"ry1\"}','{\"code\":200,\"data\":true,\"msg\":\"操作成功\"}',0,NULL,'2024-10-30 06:42:02',89),(586,'账本明细',1,'com.jcwl.admin.book.controller.BookMoneyController.add()','POST',1,'ry1','太原分公司','/money-tracker-admin/book/money','10.10.10.126','内网IP','{\"accountBaseId\":2,\"accountId\":2,\"accountName\":\"现金\",\"accountUrl\":\"accounts/CsoXM2FSif6EAzKxAAAAALnMcJw367.png\",\"bookId\":1,\"bookTime\":\"2024-10-31 14:49:00\",\"categoryBaseId\":6,\"categoryId\":6,\"categoryName\":\"公共交通\",\"categoryUrl\":\"categories/CsoXM2FSifuEE7iYAAAAAFNqqh4519.png\",\"createBy\":\"ry1\",\"createId\":105,\"createTime\":\"2024-10-30T14:49:35.499+08:00\",\"detailImg\":\"\",\"id\":20,\"money\":-8000,\"nickName\":\"微信用户\",\"params\":{},\"remark\":\"\",\"type\":1,\"userId\":105,\"userName\":\"ry1\"}','{\"code\":200,\"data\":true,\"msg\":\"操作成功\"}',0,NULL,'2024-10-30 06:49:42',57),(587,'账本',1,'com.jcwl.admin.book.controller.BookController.add()','POST',1,'admin','北京总公司','/money-tracker-admin/book/book','10.10.10.121','内网IP','{\"bookAvatar\":\"2024/10/30/0igTo7Y2yDPZ0f4d071465c45a102e53af7a6e6479db_20241030155313A001.jpg\",\"bookName\":\"韩鑫账本\",\"createBy\":\"admin\",\"createId\":1,\"createTime\":\"2024-10-30T15:53:18.987+08:00\",\"defaultBook\":0,\"id\":2,\"params\":{},\"userAudit\":0,\"userId\":1}','{\"code\":200,\"data\":true,\"msg\":\"操作成功\"}',0,NULL,'2024-10-30 07:53:29',578),(588,'账本明细',1,'com.jcwl.admin.book.controller.BookMoneyController.add()','POST',1,'admin','北京总公司','/money-tracker-admin/book/money','10.10.10.121','内网IP','{\"accountBaseId\":4,\"accountId\":20,\"accountName\":\"银行卡\",\"accountUrl\":\"accounts/CsoXM2FSifOEYsgnAAAAAMOEu9U801.png\",\"bookId\":2,\"bookTime\":\"2024-10-27 14:50:00\",\"categoryBaseId\":28,\"categoryId\":94,\"categoryName\":\"宠物宝贝\",\"categoryUrl\":\"categories/CsoXNGFSie-EddSkAAAAAG55zfc511.png\",\"createBy\":\"admin\",\"createId\":1,\"createTime\":\"2024-10-30T15:54:21.874+08:00\",\"detailImg\":\"\",\"id\":21,\"money\":-300000,\"nickName\":\"若依\",\"params\":{},\"remark\":\"买了一个比熊\",\"type\":1,\"userId\":1,\"userName\":\"admin\"}','{\"code\":200,\"data\":true,\"msg\":\"操作成功\"}',0,NULL,'2024-10-30 07:54:31',43),(589,'账本明细',1,'com.jcwl.admin.book.controller.BookMoneyController.add()','POST',1,'admin','北京总公司','/money-tracker-admin/book/money','10.10.10.121','内网IP','{\"accountBaseId\":4,\"accountId\":20,\"accountName\":\"银行卡\",\"accountUrl\":\"accounts/CsoXM2FSifOEYsgnAAAAAMOEu9U801.png\",\"bookId\":2,\"bookTime\":\"2024-10-30 15:54:25\",\"categoryBaseId\":25,\"categoryName\":\"运动健身\",\"categoryUrl\":\"categories/CsoXNGFSifqEOIzBAAAAAMPsFdc133.png\",\"createBy\":\"admin\",\"createId\":1,\"createTime\":\"2024-10-30T15:54:34.532+08:00\",\"detailImg\":\"\",\"id\":22,\"money\":-200000,\"nickName\":\"若依\",\"params\":{},\"remark\":\"\",\"type\":1,\"userId\":1,\"userName\":\"admin\"}','{\"code\":200,\"data\":true,\"msg\":\"操作成功\"}',0,NULL,'2024-10-30 07:54:44',44),(590,'账本明细',1,'com.jcwl.admin.book.controller.BookMoneyController.add()','POST',1,'admin','北京总公司','/money-tracker-admin/book/money','10.10.10.121','内网IP','{\"accountBaseId\":4,\"accountId\":20,\"accountName\":\"银行卡\",\"accountUrl\":\"accounts/CsoXM2FSifOEYsgnAAAAAMOEu9U801.png\",\"bookId\":2,\"bookTime\":\"2024-10-29 12:54:00\",\"categoryBaseId\":2,\"categoryId\":68,\"categoryName\":\"早午晚餐\",\"categoryUrl\":\"categories/CsoXM2FSifmESGUAAAAAAKPUBSU165.png\",\"createBy\":\"admin\",\"createId\":1,\"createTime\":\"2024-10-30T15:54:49.372+08:00\",\"detailImg\":\"\",\"id\":23,\"money\":-4000,\"nickName\":\"若依\",\"params\":{},\"remark\":\"\",\"type\":1,\"userId\":1,\"userName\":\"admin\"}','{\"code\":200,\"data\":true,\"msg\":\"操作成功\"}',0,NULL,'2024-10-30 07:54:58',47),(591,'账本明细',1,'com.jcwl.admin.book.controller.BookMoneyController.add()','POST',1,'admin','北京总公司','/money-tracker-admin/book/money','10.10.10.121','内网IP','{\"accountBaseId\":16,\"accountId\":32,\"accountName\":\"基金账户\",\"accountUrl\":\"accounts/CsoXNGFSif6EJt07AAAAAM57xB0040.png\",\"bookId\":2,\"bookTime\":\"2024-10-25 14:54:00\",\"categoryBaseId\":62,\"categoryId\":128,\"categoryName\":\"投资收入\",\"categoryUrl\":\"categories/CsoXNGFSifWEDvwbAAAAAJV-Grk334.png\",\"createBy\":\"admin\",\"createId\":1,\"createTime\":\"2024-10-30T15:55:42.807+08:00\",\"detailImg\":\"\",\"id\":24,\"money\":66600,\"nickName\":\"若依\",\"params\":{},\"remark\":\"\",\"type\":0,\"userId\":1,\"userName\":\"admin\"}','{\"code\":200,\"data\":true,\"msg\":\"操作成功\"}',0,NULL,'2024-10-30 07:55:52',38),(592,'账本明细',1,'com.jcwl.admin.book.controller.BookMoneyController.add()','POST',1,'admin','北京总公司','/money-tracker-admin/book/money','10.10.10.121','内网IP','{\"accountBaseId\":7,\"accountId\":23,\"accountName\":\"支付宝余额\",\"accountUrl\":\"accounts/CsoXNGFSif6EOqv6AAAAAHWvReM677.png\",\"bookId\":2,\"bookTime\":\"2024-10-30 15:56:03\",\"categoryBaseId\":62,\"categoryId\":128,\"categoryName\":\"投资收入\",\"categoryUrl\":\"categories/CsoXNGFSifWEDvwbAAAAAJV-Grk334.png\",\"createBy\":\"admin\",\"createId\":1,\"createTime\":\"2024-10-30T15:56:37.322+08:00\",\"detailImg\":\"\",\"id\":25,\"money\":999900,\"nickName\":\"若依\",\"params\":{},\"remark\":\"基金收入\",\"type\":0,\"userId\":1,\"userName\":\"admin\"}','{\"code\":200,\"data\":true,\"msg\":\"操作成功\"}',0,NULL,'2024-10-30 07:56:46',39),(593,'用户头像',2,'com.jcwl.admin.system.controller.system.SysProfileController.avatar()','POST',1,'admin','北京总公司','/money-tracker-admin/system/user/profile/avatar','10.10.10.121','内网IP','','{\"msg\":\"操作成功\",\"imgUrl\":\"2024/10/30/94Ce9kcNfH338c5915f107db004dc76eb2ec0378c6ce_20241030155750A002.png\",\"code\":200}',0,NULL,'2024-10-30 07:57:59',44),(594,'账本明细',1,'com.jcwl.admin.book.controller.BookMoneyController.add()','POST',1,'admin','北京总公司','/money-tracker-admin/book/money','10.10.10.121','内网IP','{\"accountBaseId\":4,\"accountId\":4,\"accountName\":\"银行卡\",\"accountUrl\":\"accounts/CsoXM2FSifOEYsgnAAAAAMOEu9U801.png\",\"bookId\":1,\"bookTime\":\"2024-10-30 16:12:28\",\"categoryBaseId\":2,\"categoryId\":2,\"categoryName\":\"早午晚餐\",\"categoryUrl\":\"categories/CsoXM2FSifmESGUAAAAAAKPUBSU165.png\",\"createBy\":\"admin\",\"createId\":1,\"createTime\":\"2024-10-30T16:13:51.066+08:00\",\"detailImg\":\"\",\"id\":26,\"money\":-5,\"nickName\":\"若依\",\"params\":{},\"remark\":\"\",\"type\":1,\"userId\":1,\"userName\":\"admin\"}','{\"code\":200,\"data\":true,\"msg\":\"操作成功\"}',0,NULL,'2024-10-30 08:14:00',34),(595,'账本明细',1,'com.jcwl.admin.book.controller.BookMoneyController.add()','POST',1,'admin','北京总公司','/money-tracker-admin/book/money','10.10.10.121','内网IP','{\"accountBaseId\":16,\"accountId\":32,\"accountName\":\"基金账户\",\"accountUrl\":\"accounts/CsoXNGFSif6EJt07AAAAAM57xB0040.png\",\"bookId\":2,\"bookTime\":\"2024-10-02 16:14:00\",\"categoryBaseId\":62,\"categoryId\":128,\"categoryName\":\"投资收入\",\"categoryUrl\":\"categories/CsoXNGFSifWEDvwbAAAAAJV-Grk334.png\",\"createBy\":\"admin\",\"createId\":1,\"createTime\":\"2024-10-30T16:15:28.298+08:00\",\"detailImg\":\"\",\"id\":27,\"money\":200000,\"nickName\":\"若依\",\"params\":{},\"remark\":\"\",\"type\":0,\"userId\":1,\"userName\":\"admin\"}','{\"code\":200,\"data\":true,\"msg\":\"操作成功\"}',0,NULL,'2024-10-30 08:15:37',57),(596,'账本明细',1,'com.jcwl.admin.book.controller.BookMoneyController.add()','POST',1,'admin','北京总公司','/money-tracker-admin/book/money','10.10.10.121','内网IP','{\"accountBaseId\":16,\"accountId\":32,\"accountName\":\"基金账户\",\"accountUrl\":\"accounts/CsoXNGFSif6EJt07AAAAAM57xB0040.png\",\"bookId\":2,\"bookTime\":\"2024-10-01 16:16:00\",\"categoryBaseId\":62,\"categoryId\":128,\"categoryName\":\"投资收入\",\"categoryUrl\":\"categories/CsoXNGFSifWEDvwbAAAAAJV-Grk334.png\",\"createBy\":\"admin\",\"createId\":1,\"createTime\":\"2024-10-30T16:16:35.097+08:00\",\"detailImg\":\"\",\"id\":28,\"money\":0,\"nickName\":\"若依\",\"params\":{},\"remark\":\"\",\"type\":0,\"userId\":1,\"userName\":\"admin\"}','{\"code\":200,\"data\":true,\"msg\":\"操作成功\"}',0,NULL,'2024-10-30 08:16:44',64),(597,'账本明细',2,'com.jcwl.admin.book.controller.BookMoneyController.edit()','PUT',1,'admin','北京总公司','/money-tracker-admin/book/money','10.10.10.121','内网IP','{\"accountBaseId\":16,\"accountId\":32,\"accountName\":\"基金账户\",\"accountUrl\":\"accounts/CsoXNGFSif6EJt07AAAAAM57xB0040.png\",\"bookId\":2,\"bookTime\":\"2024-10-30 16:16:53\",\"categoryBaseId\":62,\"categoryId\":128,\"categoryName\":\"投资收入\",\"categoryUrl\":\"categories/CsoXNGFSifWEDvwbAAAAAJV-Grk334.png\",\"createBy\":\"admin\",\"createId\":1,\"createTime\":\"2024-10-30 16:16:35\",\"delFlag\":\"0\",\"detailImg\":\"\",\"id\":28,\"money\":100000,\"nickName\":\"若依\",\"params\":{},\"remark\":\"\",\"type\":0,\"updateBy\":\"admin\",\"updateId\":1,\"updateTime\":\"2024-10-30T16:16:57.354+08:00\",\"userId\":1,\"userName\":\"admin\"}','{\"code\":200,\"data\":true,\"msg\":\"操作成功\"}',0,NULL,'2024-10-30 08:17:06',10),(598,'账本明细',2,'com.jcwl.admin.book.controller.BookMoneyController.edit()','PUT',1,'admin','北京总公司','/money-tracker-admin/book/money','10.10.10.121','内网IP','{\"accountBaseId\":16,\"accountId\":32,\"accountName\":\"基金账户\",\"accountUrl\":\"accounts/CsoXNGFSif6EJt07AAAAAM57xB0040.png\",\"bookId\":2,\"bookTime\":\"2024-10-30 16:17:29\",\"categoryBaseId\":62,\"categoryId\":128,\"categoryName\":\"投资收入\",\"categoryUrl\":\"categories/CsoXNGFSifWEDvwbAAAAAJV-Grk334.png\",\"createBy\":\"admin\",\"createId\":1,\"createTime\":\"2024-10-30 16:15:28\",\"delFlag\":\"0\",\"detailImg\":\"\",\"id\":27,\"money\":355500,\"nickName\":\"若依\",\"params\":{},\"remark\":\"\",\"type\":0,\"updateBy\":\"admin\",\"updateId\":1,\"updateTime\":\"2024-10-30T16:17:37.969+08:00\",\"userId\":1,\"userName\":\"admin\"}','{\"code\":200,\"data\":true,\"msg\":\"操作成功\"}',0,NULL,'2024-10-30 08:17:47',28),(599,'账本明细',1,'com.jcwl.admin.book.controller.BookMoneyController.add()','POST',1,'admin','北京总公司','/money-tracker-admin/book/money','127.0.0.1','内网IP','{\"accountBaseId\":4,\"accountId\":4,\"accountName\":\"银行卡\",\"accountUrl\":\"accounts/CsoXM2FSifOEYsgnAAAAAMOEu9U801.png\",\"bookId\":1,\"bookTime\":\"2024-10-30 16:29:42\",\"categoryBaseId\":2,\"categoryId\":2,\"categoryName\":\"早午晚餐\",\"categoryUrl\":\"categories/CsoXM2FSifmESGUAAAAAAKPUBSU165.png\",\"createBy\":\"admin\",\"createId\":1,\"createTime\":\"2024-10-30T16:29:59.083+08:00\",\"detailImg\":\"\",\"id\":29,\"money\":-8933,\"nickName\":\"若依\",\"params\":{},\"remark\":\"\",\"type\":1,\"userId\":1,\"userName\":\"admin\"}','{\"code\":200,\"data\":true,\"msg\":\"操作成功\"}',0,NULL,'2024-10-30 08:30:08',38),(600,'账本明细',1,'com.jcwl.admin.book.controller.BookMoneyController.add()','POST',1,'admin','北京总公司','/money-tracker-admin/book/money','127.0.0.1','内网IP','{\"accountBaseId\":4,\"accountId\":4,\"accountName\":\"银行卡\",\"accountUrl\":\"accounts/CsoXM2FSifOEYsgnAAAAAMOEu9U801.png\",\"bookId\":1,\"bookTime\":\"2024-10-30 16:30:23\",\"categoryBaseId\":2,\"categoryId\":2,\"categoryName\":\"早午晚餐\",\"categoryUrl\":\"categories/CsoXM2FSifmESGUAAAAAAKPUBSU165.png\",\"createBy\":\"admin\",\"createId\":1,\"createTime\":\"2024-10-30T16:30:39.714+08:00\",\"detailImg\":\"\",\"id\":30,\"money\":-4000,\"nickName\":\"若依\",\"params\":{},\"remark\":\"\",\"type\":1,\"userId\":1,\"userName\":\"admin\"}','{\"code\":200,\"data\":true,\"msg\":\"操作成功\"}',0,NULL,'2024-10-30 08:30:49',45),(601,'账本明细',3,'com.jcwl.admin.book.controller.BookMoneyController.remove()','DELETE',1,'admin','北京总公司','/money-tracker-admin/book/money/15','10.10.10.120','内网IP','{}','{\"code\":200,\"data\":true,\"msg\":\"操作成功\"}',0,NULL,'2024-10-30 09:34:03',26),(602,'账本明细',3,'com.jcwl.admin.book.controller.BookMoneyController.remove()','DELETE',1,'admin','北京总公司','/money-tracker-admin/book/money/30','10.10.10.120','内网IP','{}','{\"code\":200,\"data\":true,\"msg\":\"操作成功\"}',0,NULL,'2024-10-30 09:34:10',9),(603,'账本明细',1,'com.jcwl.admin.book.controller.BookMoneyController.add()','POST',1,'admin','北京总公司','/money-tracker-admin/book/money','10.10.10.103','内网IP','{\"accountBaseId\":4,\"accountId\":4,\"accountName\":\"银行卡\",\"accountUrl\":\"accounts/CsoXM2FSifOEYsgnAAAAAMOEu9U801.png\",\"bookId\":1,\"bookTime\":\"2024-10-30 17:43:45\",\"categoryBaseId\":2,\"categoryId\":2,\"categoryName\":\"早午晚餐\",\"categoryUrl\":\"categories/CsoXM2FSifmESGUAAAAAAKPUBSU165.png\",\"createBy\":\"admin\",\"createId\":1,\"createTime\":\"2024-10-30T17:43:55.151+08:00\",\"detailImg\":\"\",\"id\":31,\"money\":-5100,\"nickName\":\"若依\",\"params\":{},\"remark\":\"\",\"type\":1,\"userId\":1,\"userName\":\"admin\"}','{\"code\":200,\"data\":true,\"msg\":\"操作成功\"}',0,NULL,'2024-10-30 09:44:04',47);
/*!40000 ALTER TABLE `sys_oper_log` ENABLE KEYS */;
UNLOCK TABLES;

--
-- Table structure for table `sys_post`
--

DROP TABLE IF EXISTS `sys_post`;
/*!40101 SET @saved_cs_client     = @@character_set_client */;
/*!50503 SET character_set_client = utf8mb4 */;
CREATE TABLE `sys_post` (
  `post_id` bigint NOT NULL AUTO_INCREMENT COMMENT '岗位ID',
  `post_code` varchar(64) CHARACTER SET utf8mb4 COLLATE utf8mb4_0900_ai_ci NOT NULL COMMENT '岗位编码',
  `post_name` varchar(50) CHARACTER SET utf8mb4 COLLATE utf8mb4_0900_ai_ci NOT NULL COMMENT '岗位名称',
  `post_sort` int NOT NULL COMMENT '显示顺序',
  `status` char(1) CHARACTER SET utf8mb4 COLLATE utf8mb4_0900_ai_ci NOT NULL COMMENT '状态（0正常 1停用）',
  `create_by` varchar(64) CHARACTER SET utf8mb4 COLLATE utf8mb4_0900_ai_ci DEFAULT '' COMMENT '创建者',
  `create_time` datetime DEFAULT NULL COMMENT '创建时间',
  `update_by` varchar(64) CHARACTER SET utf8mb4 COLLATE utf8mb4_0900_ai_ci DEFAULT '' COMMENT '更新者',
  `update_time` datetime DEFAULT NULL COMMENT '更新时间',
  `remark` varchar(500) CHARACTER SET utf8mb4 COLLATE utf8mb4_0900_ai_ci DEFAULT NULL COMMENT '备注',
  PRIMARY KEY (`post_id`) USING BTREE
) ENGINE=InnoDB AUTO_INCREMENT=5 DEFAULT CHARSET=utf8mb4 COLLATE=utf8mb4_0900_ai_ci ROW_FORMAT=DYNAMIC COMMENT='岗位信息表';
/*!40101 SET character_set_client = @saved_cs_client */;

--
-- Dumping data for table `sys_post`
--

LOCK TABLES `sys_post` WRITE;
/*!40000 ALTER TABLE `sys_post` DISABLE KEYS */;
INSERT INTO `sys_post` VALUES (1,'ceo','董事长',1,'0','admin','2024-05-10 09:01:22','',NULL,''),(2,'se','项目经理',2,'0','admin','2024-05-10 09:01:22','',NULL,''),(3,'hr','人力资源',3,'0','admin','2024-05-10 09:01:22','',NULL,''),(4,'user','普通员工',4,'0','admin','2024-05-10 09:01:22','',NULL,'');
/*!40000 ALTER TABLE `sys_post` ENABLE KEYS */;
UNLOCK TABLES;

--
-- Table structure for table `sys_role`
--

DROP TABLE IF EXISTS `sys_role`;
/*!40101 SET @saved_cs_client     = @@character_set_client */;
/*!50503 SET character_set_client = utf8mb4 */;
CREATE TABLE `sys_role` (
  `role_id` bigint NOT NULL AUTO_INCREMENT COMMENT '角色ID',
  `role_name` varchar(30) CHARACTER SET utf8mb4 COLLATE utf8mb4_0900_ai_ci NOT NULL COMMENT '角色名称',
  `role_key` varchar(100) CHARACTER SET utf8mb4 COLLATE utf8mb4_0900_ai_ci NOT NULL COMMENT '角色权限字符串',
  `role_sort` int NOT NULL COMMENT '显示顺序',
  `data_scope` char(1) CHARACTER SET utf8mb4 COLLATE utf8mb4_0900_ai_ci DEFAULT '1' COMMENT '数据范围（1：全部数据权限 2：自定数据权限 3：本部门数据权限 4：本部门及以下数据权限）',
  `menu_check_strictly` tinyint(1) DEFAULT '1' COMMENT '菜单树选择项是否关联显示',
  `dept_check_strictly` tinyint(1) DEFAULT '1' COMMENT '部门树选择项是否关联显示',
  `status` char(1) CHARACTER SET utf8mb4 COLLATE utf8mb4_0900_ai_ci NOT NULL COMMENT '角色状态（0正常 1停用）',
  `del_flag` char(1) CHARACTER SET utf8mb4 COLLATE utf8mb4_0900_ai_ci DEFAULT '0' COMMENT '删除标志（0代表存在 2代表删除）',
  `create_by` varchar(64) CHARACTER SET utf8mb4 COLLATE utf8mb4_0900_ai_ci DEFAULT '' COMMENT '创建者',
  `create_time` datetime DEFAULT NULL COMMENT '创建时间',
  `update_by` varchar(64) CHARACTER SET utf8mb4 COLLATE utf8mb4_0900_ai_ci DEFAULT '' COMMENT '更新者',
  `update_time` datetime DEFAULT NULL COMMENT '更新时间',
  `remark` varchar(500) CHARACTER SET utf8mb4 COLLATE utf8mb4_0900_ai_ci DEFAULT NULL COMMENT '备注',
  PRIMARY KEY (`role_id`) USING BTREE
) ENGINE=InnoDB AUTO_INCREMENT=100 DEFAULT CHARSET=utf8mb4 COLLATE=utf8mb4_0900_ai_ci ROW_FORMAT=DYNAMIC COMMENT='角色信息表';
/*!40101 SET character_set_client = @saved_cs_client */;

--
-- Dumping data for table `sys_role`
--

LOCK TABLES `sys_role` WRITE;
/*!40000 ALTER TABLE `sys_role` DISABLE KEYS */;
INSERT INTO `sys_role` VALUES (1,'超级管理员','admin',1,'1',1,1,'0','0','admin','2024-05-10 09:01:22','',NULL,'超级管理员'),(2,'普通角色','common',2,'2',1,1,'0','0','admin','2024-05-10 09:01:22','admin','2024-10-24 07:34:16','普通角色');
/*!40000 ALTER TABLE `sys_role` ENABLE KEYS */;
UNLOCK TABLES;

--
-- Table structure for table `sys_role_dept`
--

DROP TABLE IF EXISTS `sys_role_dept`;
/*!40101 SET @saved_cs_client     = @@character_set_client */;
/*!50503 SET character_set_client = utf8mb4 */;
CREATE TABLE `sys_role_dept` (
  `role_id` bigint NOT NULL COMMENT '角色ID',
  `dept_id` bigint NOT NULL COMMENT '部门ID',
  PRIMARY KEY (`role_id`,`dept_id`) USING BTREE
) ENGINE=InnoDB DEFAULT CHARSET=utf8mb4 COLLATE=utf8mb4_0900_ai_ci ROW_FORMAT=DYNAMIC COMMENT='角色和部门关联表';
/*!40101 SET character_set_client = @saved_cs_client */;

--
-- Dumping data for table `sys_role_dept`
--

LOCK TABLES `sys_role_dept` WRITE;
/*!40000 ALTER TABLE `sys_role_dept` DISABLE KEYS */;
INSERT INTO `sys_role_dept` VALUES (2,100),(2,101),(2,105);
/*!40000 ALTER TABLE `sys_role_dept` ENABLE KEYS */;
UNLOCK TABLES;

--
-- Table structure for table `sys_role_menu`
--

DROP TABLE IF EXISTS `sys_role_menu`;
/*!40101 SET @saved_cs_client     = @@character_set_client */;
/*!50503 SET character_set_client = utf8mb4 */;
CREATE TABLE `sys_role_menu` (
  `role_id` bigint NOT NULL COMMENT '角色ID',
  `menu_id` bigint NOT NULL COMMENT '菜单ID',
  PRIMARY KEY (`role_id`,`menu_id`) USING BTREE
) ENGINE=InnoDB DEFAULT CHARSET=utf8mb4 COLLATE=utf8mb4_0900_ai_ci ROW_FORMAT=DYNAMIC COMMENT='角色和菜单关联表';
/*!40101 SET character_set_client = @saved_cs_client */;

--
-- Dumping data for table `sys_role_menu`
--

LOCK TABLES `sys_role_menu` WRITE;
/*!40000 ALTER TABLE `sys_role_menu` DISABLE KEYS */;
INSERT INTO `sys_role_menu` VALUES (2,1),(2,2),(2,3),(2,4),(2,100),(2,101),(2,102),(2,103),(2,104),(2,105),(2,106),(2,107),(2,108),(2,109),(2,110),(2,111),(2,112),(2,113),(2,114),(2,115),(2,116),(2,117),(2,500),(2,501),(2,1000),(2,1001),(2,1002),(2,1003),(2,1004),(2,1005),(2,1006),(2,1007),(2,1008),(2,1009),(2,1010),(2,1011),(2,1012),(2,1013),(2,1014),(2,1015),(2,1016),(2,1017),(2,1018),(2,1019),(2,1020),(2,1021),(2,1022),(2,1023),(2,1024),(2,1025),(2,1026),(2,1027),(2,1028),(2,1029),(2,1030),(2,1031),(2,1032),(2,1033),(2,1034),(2,1035),(2,1036),(2,1037),(2,1038),(2,1039),(2,1040),(2,1041),(2,1042),(2,1043),(2,1044),(2,1045),(2,1046),(2,1047),(2,1048),(2,1049),(2,1050),(2,1051),(2,1052),(2,1053),(2,1054),(2,1055),(2,1056),(2,1057),(2,1058),(2,1059),(2,1060),(2,2000),(2,2001),(2,2002),(2,2003),(2,2004),(2,2005),(2,2006),(2,2007),(2,2008),(2,2009),(2,2010),(2,2011),(2,2012),(2,2013),(2,2014),(2,2015),(2,2016),(2,2017),(2,2018),(2,2019),(2,2020),(2,2021),(2,2022),(2,2023),(2,2024),(2,2025),(2,2026),(2,2027),(2,2028),(2,2029),(2,2030),(2,2031),(2,2032),(2,2033),(2,2034),(2,2035),(2,2036),(2,2037),(2,2038),(2,2039),(2,2040),(2,2041),(2,2042);
/*!40000 ALTER TABLE `sys_role_menu` ENABLE KEYS */;
UNLOCK TABLES;

--
-- Table structure for table `sys_user`
--

DROP TABLE IF EXISTS `sys_user`;
/*!40101 SET @saved_cs_client     = @@character_set_client */;
/*!50503 SET character_set_client = utf8mb4 */;
CREATE TABLE `sys_user` (
  `user_id` bigint NOT NULL AUTO_INCREMENT COMMENT '用户ID',
  `dept_id` bigint DEFAULT NULL COMMENT '部门ID',
  `user_name` varchar(32) CHARACTER SET utf8mb4 COLLATE utf8mb4_0900_ai_ci NOT NULL COMMENT '用户账号',
  `nick_name` varchar(30) CHARACTER SET utf8mb4 COLLATE utf8mb4_0900_ai_ci NOT NULL COMMENT '用户昵称',
  `user_type` varchar(2) CHARACTER SET utf8mb4 COLLATE utf8mb4_0900_ai_ci DEFAULT '00' COMMENT '用户类型（00系统用户）',
  `email` varchar(50) CHARACTER SET utf8mb4 COLLATE utf8mb4_0900_ai_ci DEFAULT '' COMMENT '用户邮箱',
  `phonenumber` varchar(11) CHARACTER SET utf8mb4 COLLATE utf8mb4_0900_ai_ci DEFAULT '' COMMENT '手机号码',
  `sex` char(1) CHARACTER SET utf8mb4 COLLATE utf8mb4_0900_ai_ci DEFAULT '0' COMMENT '用户性别（0男 1女 2未知）',
  `avatar` varchar(100) CHARACTER SET utf8mb4 COLLATE utf8mb4_0900_ai_ci DEFAULT '' COMMENT '头像地址',
  `password` varchar(100) CHARACTER SET utf8mb4 COLLATE utf8mb4_0900_ai_ci DEFAULT '' COMMENT '密码',
  `status` char(1) CHARACTER SET utf8mb4 COLLATE utf8mb4_0900_ai_ci DEFAULT '0' COMMENT '帐号状态（0正常 1停用）',
  `del_flag` char(1) CHARACTER SET utf8mb4 COLLATE utf8mb4_0900_ai_ci DEFAULT '0' COMMENT '删除标志（0代表存在 2代表删除）',
  `login_ip` varchar(128) CHARACTER SET utf8mb4 COLLATE utf8mb4_0900_ai_ci DEFAULT '' COMMENT '最后登录IP',
  `login_date` datetime DEFAULT NULL COMMENT '最后登录时间',
  `create_by` varchar(64) CHARACTER SET utf8mb4 COLLATE utf8mb4_0900_ai_ci DEFAULT '' COMMENT '创建者',
  `create_time` datetime DEFAULT NULL COMMENT '创建时间',
  `update_by` varchar(64) CHARACTER SET utf8mb4 COLLATE utf8mb4_0900_ai_ci DEFAULT '' COMMENT '更新者',
  `update_time` datetime DEFAULT NULL COMMENT '更新时间',
  `remark` varchar(500) CHARACTER SET utf8mb4 COLLATE utf8mb4_0900_ai_ci DEFAULT NULL COMMENT '备注',
  `id_card` varchar(32) CHARACTER SET utf8mb4 COLLATE utf8mb4_0900_ai_ci DEFAULT NULL COMMENT '身份证',
  `name` varchar(255) CHARACTER SET utf8mb4 COLLATE utf8mb4_0900_ai_ci DEFAULT '' COMMENT '姓名',
  PRIMARY KEY (`user_id`) USING BTREE
) ENGINE=InnoDB AUTO_INCREMENT=114 DEFAULT CHARSET=utf8mb4 COLLATE=utf8mb4_0900_ai_ci ROW_FORMAT=DYNAMIC COMMENT='用户信息表';
/*!40101 SET character_set_client = @saved_cs_client */;

--
-- Dumping data for table `sys_user`
--

LOCK TABLES `sys_user` WRITE;
/*!40000 ALTER TABLE `sys_user` DISABLE KEYS */;
INSERT INTO `sys_user` VALUES (1,101,'admin','若依','00','ry@163.com','15888888888','1','2024/10/30/94Ce9kcNfH338c5915f107db004dc76eb2ec0378c6ce_20241030155750A002.png','$2a$10$7JB720yubVSZvUI0rEqK/.VqGOZTH.ulu33dHOiBE8ByOhJIrdAu2','0','0','127.0.0.1','2024-10-30 16:37:34','admin','2024-05-10 09:01:21','','2024-10-30 08:37:33','管理员',NULL,''),(2,102,'ry','ry','00','ry@qq.com','15666666666','1','2024/10/24/1729740074864_20241024112115A002.png','$2a$10$7JB720yubVSZvUI0rEqK/.VqGOZTH.ulu33dHOiBE8ByOhJIrdAu2','0','0','10.10.10.121','2024-10-29 14:59:21','admin','2024-05-10 09:01:21','','2024-10-29 06:59:21','测试员',NULL,''),(105,102,'ry1','微信用户','00','','','0','2024/10/24/1729740074864_20241024112115A002.png','$2a$10$7JB720yubVSZvUI0rEqK/.VqGOZTH.ulu33dHOiBE8ByOhJIrdAu2','0','0','10.10.10.126','2024-10-30 10:46:12','','2024-10-15 08:32:14','','2024-10-30 02:46:18',NULL,NULL,''),(106,102,'ry2','微信用户','00','','','0','2024/10/24/1729740074864_20241024112115A002.png','$2a$10$7JB720yubVSZvUI0rEqK/.VqGOZTH.ulu33dHOiBE8ByOhJIrdAu2','0','0','127.0.0.1','2024-10-15 16:39:53','','2024-10-15 08:39:47','','2024-10-15 08:39:53',NULL,NULL,''),(112,100,'oY8xN5US22su83UI-0zN_OXLm_1w','微信用户','00','','','0','','$2a$10$Q0R3SotdFYXRc8lGlFXJOe3fyNOq2yBcwwufljQvN0r0d2iWkHvSe','0','0','',NULL,'','2024-10-29 09:40:40','',NULL,NULL,NULL,''),(113,100,'oY8xN5cNkNVrUe0_byI7Ms6Rbz0k','微信用户','00','','','0','','$2a$10$R/Y.Pexr1DXHVSgmD4nnbOAa/tL.GKCU96AkE2ldQDx4C4hBFI9Cm','0','0','',NULL,'','2024-10-30 02:26:08','',NULL,NULL,NULL,'');
/*!40000 ALTER TABLE `sys_user` ENABLE KEYS */;
UNLOCK TABLES;

--
-- Table structure for table `sys_user_open`
--

DROP TABLE IF EXISTS `sys_user_open`;
/*!40101 SET @saved_cs_client     = @@character_set_client */;
/*!50503 SET character_set_client = utf8mb4 */;
CREATE TABLE `sys_user_open` (
  `user_id` bigint NOT NULL COMMENT '用户ID',
  `open_id` varchar(255) NOT NULL COMMENT '第三方openId',
  PRIMARY KEY (`user_id`,`open_id`) USING BTREE
) ENGINE=InnoDB DEFAULT CHARSET=utf8mb4 COLLATE=utf8mb4_0900_ai_ci ROW_FORMAT=DYNAMIC COMMENT='用户和第三方登录关联表';
/*!40101 SET character_set_client = @saved_cs_client */;

--
-- Dumping data for table `sys_user_open`
--

LOCK TABLES `sys_user_open` WRITE;
/*!40000 ALTER TABLE `sys_user_open` DISABLE KEYS */;
INSERT INTO `sys_user_open` VALUES (112,'oY8xN5US22su83UI-0zN_OXLm_1w'),(113,'oY8xN5cNkNVrUe0_byI7Ms6Rbz0k');
/*!40000 ALTER TABLE `sys_user_open` ENABLE KEYS */;
UNLOCK TABLES;

--
-- Table structure for table `sys_user_post`
--

DROP TABLE IF EXISTS `sys_user_post`;
/*!40101 SET @saved_cs_client     = @@character_set_client */;
/*!50503 SET character_set_client = utf8mb4 */;
CREATE TABLE `sys_user_post` (
  `user_id` bigint NOT NULL COMMENT '用户ID',
  `post_id` bigint NOT NULL COMMENT '岗位ID',
  PRIMARY KEY (`user_id`,`post_id`) USING BTREE
) ENGINE=InnoDB DEFAULT CHARSET=utf8mb4 COLLATE=utf8mb4_0900_ai_ci ROW_FORMAT=DYNAMIC COMMENT='用户与岗位关联表';
/*!40101 SET character_set_client = @saved_cs_client */;

--
-- Dumping data for table `sys_user_post`
--

LOCK TABLES `sys_user_post` WRITE;
/*!40000 ALTER TABLE `sys_user_post` DISABLE KEYS */;
INSERT INTO `sys_user_post` VALUES (1,1),(2,2),(111,2),(112,2);
/*!40000 ALTER TABLE `sys_user_post` ENABLE KEYS */;
UNLOCK TABLES;

--
-- Table structure for table `sys_user_role`
--

DROP TABLE IF EXISTS `sys_user_role`;
/*!40101 SET @saved_cs_client     = @@character_set_client */;
/*!50503 SET character_set_client = utf8mb4 */;
CREATE TABLE `sys_user_role` (
  `user_id` bigint NOT NULL COMMENT '用户ID',
  `role_id` bigint NOT NULL COMMENT '角色ID',
  PRIMARY KEY (`user_id`,`role_id`) USING BTREE
) ENGINE=InnoDB DEFAULT CHARSET=utf8mb4 COLLATE=utf8mb4_0900_ai_ci ROW_FORMAT=DYNAMIC COMMENT='用户和角色关联表';
/*!40101 SET character_set_client = @saved_cs_client */;

--
-- Dumping data for table `sys_user_role`
--

LOCK TABLES `sys_user_role` WRITE;
/*!40000 ALTER TABLE `sys_user_role` DISABLE KEYS */;
INSERT INTO `sys_user_role` VALUES (1,1),(2,2),(105,2),(106,2),(107,2),(111,2),(112,2);
/*!40000 ALTER TABLE `sys_user_role` ENABLE KEYS */;
UNLOCK TABLES;

--
-- Table structure for table `version_updates`
--

DROP TABLE IF EXISTS `version_updates`;
/*!40101 SET @saved_cs_client     = @@character_set_client */;
/*!50503 SET character_set_client = utf8mb4 */;
CREATE TABLE `version_updates` (
  `id` bigint NOT NULL AUTO_INCREMENT COMMENT 'id',
  `version` varchar(255) DEFAULT NULL COMMENT '版本号',
  `url` varchar(255) DEFAULT NULL COMMENT 'url路径',
  `file_name` varchar(255) DEFAULT NULL COMMENT '文件名称',
  `minio_file_name` varchar(255) DEFAULT NULL COMMENT '上传minio文件名称',
  `size` varchar(255) DEFAULT NULL COMMENT '文件大小',
  `fix_content` varchar(500) DEFAULT NULL COMMENT '修复内容',
  `remark` varchar(200) CHARACTER SET utf8mb4 COLLATE utf8mb4_general_ci DEFAULT '0' COMMENT '备注 ',
  `del_flag` char(1) CHARACTER SET utf8mb4 COLLATE utf8mb4_0900_ai_ci DEFAULT '0' COMMENT '删除标志（0代表存在 2代表删除）',
  `create_id` bigint DEFAULT NULL COMMENT '创建人ID',
  `create_by` varchar(64) CHARACTER SET utf8mb4 COLLATE utf8mb4_0900_ai_ci DEFAULT NULL COMMENT '创建者',
  `create_time` datetime(3) DEFAULT NULL COMMENT '创建时间',
  `update_id` bigint DEFAULT NULL COMMENT '更新者ID',
  `update_by` varchar(64) CHARACTER SET utf8mb4 COLLATE utf8mb4_0900_ai_ci DEFAULT NULL COMMENT '更新者',
  `update_time` datetime(3) DEFAULT NULL COMMENT '更新时间',
  PRIMARY KEY (`id`)
) ENGINE=InnoDB AUTO_INCREMENT=27 DEFAULT CHARSET=utf8mb4 COLLATE=utf8mb4_0900_ai_ci COMMENT='版本控制表';
/*!40101 SET character_set_client = @saved_cs_client */;

--
-- Dumping data for table `version_updates`
--

LOCK TABLES `version_updates` WRITE;
/*!40000 ALTER TABLE `version_updates` DISABLE KEYS */;
INSERT INTO `version_updates` VALUES (19,'1.0.0','http://10.10.10.126:8080//minio/download/2024/10/18/__UNI__9408241__20241018113335_20241018115715A001.apk','money-tracker-applet','2024/10/18/__UNI__9408241__20241018113335_20241018115715A001.apk','15619704','更新了检查更新功能。','0','0',NULL,NULL,'2024-10-18 11:57:20.665',NULL,NULL,NULL),(20,'1.0.0','http://10.10.10.126:8080//minio/download/2024/10/18/__UNI__9408241__20241018113335_20241018131216A002.apk','money-tracker-applet','2024/10/18/__UNI__9408241__20241018113335_20241018131216A002.apk','15619704','更新了检查更新功能。','0','0',NULL,NULL,'2024-10-18 13:12:19.189',NULL,NULL,NULL),(21,'1.0.1','http://10.10.10.126:8080//minio/download/2024/10/18/__UNI__9408241__20241018113335_20241018153111A001.apk','money-tracker-applet','2024/10/18/__UNI__9408241__20241018113335_20241018153111A001.apk','15619704','更新了检查更新功能。','0','0',NULL,NULL,'2024-10-18 15:31:13.991',NULL,NULL,NULL),(22,'1.0.1','http://10.10.10.126:8080//minio/download/2024/10/18/__UNI__9408241__20241018154648_20241018161249A001.apk','money-tracker-applet','2024/10/18/__UNI__9408241__20241018154648_20241018161249A001.apk','15636644','更新了检查更新功能。','0','0',NULL,NULL,'2024-10-18 16:12:52.238',NULL,NULL,NULL),(23,'1.0.0','http://10.10.10.126:8080//minio/download/2024/10/18/__UNI__9408241__20241018161643_20241018161812A002.apk','money-tracker-applet','2024/10/18/__UNI__9408241__20241018161643_20241018161812A002.apk','15636644','更新了检查更新功能。','0','0',NULL,NULL,'2024-10-18 16:18:14.953',NULL,NULL,NULL),(24,'1.0.1','http://10.10.10.126:8080//minio/download/2024/10/18/__UNI__9408241__20241018161643_20241018162103A003.apk','money-tracker-applet','2024/10/18/__UNI__9408241__20241018161643_20241018162103A003.apk','15636644','更新了检查更新功能。','0','0',NULL,NULL,'2024-10-18 16:21:05.454',NULL,NULL,NULL),(25,'1.0.2','http://10.10.10.126:8080//minio/download/2024/10/18/__UNI__9408241__20241018161643_20241018162424A004.apk','money-tracker-applet','2024/10/18/__UNI__9408241__20241018161643_20241018162424A004.apk','15636644','更新了检查更新功能。','0','0',NULL,NULL,'2024-10-18 16:24:27.149',NULL,NULL,NULL),(26,'1.0.0','http://127.0.0.1:8080/money-tracker-admin//minio/download/2024/10/28/noImg_20241028160540A001.png','money-tracker-applet','2024/10/28/noImg_20241028160540A001.png','5415','更新了检查更新功能。','0','0',NULL,NULL,'2024-10-28 16:05:40.062',NULL,NULL,NULL);
/*!40000 ALTER TABLE `version_updates` ENABLE KEYS */;
UNLOCK TABLES;
/*!40103 SET TIME_ZONE=@OLD_TIME_ZONE */;

/*!40101 SET SQL_MODE=@OLD_SQL_MODE */;
/*!40014 SET FOREIGN_KEY_CHECKS=@OLD_FOREIGN_KEY_CHECKS */;
/*!40014 SET UNIQUE_CHECKS=@OLD_UNIQUE_CHECKS */;
/*!40101 SET CHARACTER_SET_CLIENT=@OLD_CHARACTER_SET_CLIENT */;
/*!40101 SET CHARACTER_SET_RESULTS=@OLD_CHARACTER_SET_RESULTS */;
/*!40101 SET COLLATION_CONNECTION=@OLD_COLLATION_CONNECTION */;
/*!40111 SET SQL_NOTES=@OLD_SQL_NOTES */;

-- Dump completed on 2024-11-06  6:18:43
